t_s,frametime_ms,fps
0.0,18.285,54.689
0.0183,19.333,51.725
0.0376,52.782,18.946
0.0904,18.005,55.541
0.1084,18.54,53.939
0.1269,21.209,47.149
0.1482,16.995,58.842
0.1651,18.463,54.162
0.1836,19.021,52.573
0.2026,17.482,57.202
0.2201,19.693,50.78
0.2398,18.9,52.911
0.2587,20.083,49.794
0.2788,18.672,53.556
0.2975,19.362,51.647
0.3168,17.357,57.614
0.3342,18.654,53.607
0.3528,17.429,57.376
0.3703,18.761,53.301
0.389,18.651,53.616
0.4077,17.217,58.084
0.4249,18.88,52.965
0.4438,17.765,56.291
0.4615,18.953,52.762
0.4805,19.534,51.192
0.5,17.649,56.662
0.5177,19.768,50.587
0.5374,18.36,54.465
0.5558,20.348,49.145
0.5762,18.023,55.484
0.5942,18.872,52.989
0.613,20.118,49.708
0.6332,20.105,49.739
0.6533,19.172,52.159
0.6724,18.784,53.236
0.6912,17.624,56.74
0.7088,46.391,21.556
0.7552,47.706,20.962
0.8029,17.647,56.667
0.8206,20.18,49.553
0.8408,19.342,51.701
0.8601,18.568,53.855
0.8787,19.169,52.168
0.8979,18.709,53.452
0.9166,18.747,53.342
0.9353,18.828,53.113
0.9541,20.469,48.855
0.9746,18.132,55.152
0.9927,17.349,57.641
1.0101,18.476,54.123
1.0286,17.089,58.518
1.0456,17.189,58.178
1.0628,18.538,53.943
1.0814,18.017,55.502
1.0994,38.838,25.748
1.1382,18.542,53.93
1.1568,19.935,50.162
1.1767,18.865,53.008
1.1956,18.014,55.513
1.2136,18.0,55.555
1.2316,28.276,35.366
1.2599,17.323,57.726
1.2772,19.416,51.503
1.2966,18.601,53.76
1.3152,18.401,54.346
1.3336,19.547,51.158
1.3532,18.153,55.087
1.3713,18.358,54.472
1.3897,19.947,50.133
1.4096,19.0,52.631
1.4286,19.09,52.384
1.4477,20.419,48.974
1.4681,17.548,56.988
1.4857,19.385,51.586
1.5051,17.985,55.601
1.523,20.322,49.207
1.5434,19.253,51.941
1.5626,19.577,51.08
1.5822,18.259,54.767
1.6004,19.073,52.429
1.6195,19.479,51.336
1.639,20.414,48.986
1.6594,18.61,53.735
1.678,20.516,48.743
1.6985,18.649,53.621
1.7172,19.316,51.771
1.7365,18.821,53.132
1.7553,19.761,50.605
1.7751,17.239,58.009
1.7923,58.228,17.174
1.8506,20.906,47.833
1.8715,17.167,58.25
1.8886,19.561,51.122
1.9082,18.715,53.434
1.9269,18.436,54.24
1.9453,18.079,55.312
1.9634,19.064,52.456
1.9825,19.357,51.66
2.0018,19.131,52.272
2.021,18.783,53.24
2.0398,20.745,48.203
2.0605,18.168,55.041
2.0787,20.541,48.684
2.0992,19.187,52.117
2.1184,18.5,54.054
2.1369,18.14,55.126
2.155,18.458,54.178
2.1735,18.558,53.885
2.1921,17.542,57.007
2.2096,19.328,51.739
2.2289,17.491,57.173
2.2464,18.758,53.311
2.2652,20.559,48.64
2.2857,46.475,21.517
2.3322,19.332,51.727
2.3515,18.932,52.819
2.3705,18.228,54.862
2.3887,19.003,52.624
2.4077,19.472,51.355
2.4272,19.18,52.138
2.4464,21.401,46.727
2.4678,20.207,49.489
2.488,18.412,54.313
2.5064,19.191,52.107
2.5256,18.486,54.094
2.5441,18.26,54.765
2.5623,19.0,52.632
2.5813,19.633,50.936
2.6009,18.964,52.733
2.6199,19.489,51.312
2.6394,17.998,55.563
2.6574,18.29,54.675
2.6757,18.569,53.852
2.6943,18.593,53.785
2.7128,18.992,52.655
2.7318,18.372,54.43
2.7502,19.311,51.783
2.7695,20.397,49.026
2.7899,18.444,54.218
2.8084,19.725,50.697
2.8281,17.947,55.72
2.846,20.671,48.377
2.8667,18.861,53.019
2.8856,19.419,51.495
2.905,20.534,48.699
2.9255,18.29,54.676
2.9438,18.946,52.782
2.9628,31.766,31.48
2.9945,19.388,51.579
3.0139,19.084,52.4
3.033,54.699,18.282
3.0877,18.985,52.672
3.1067,20.126,49.687
3.1268,18.263,54.756
3.1451,50.527,19.791
3.1956,18.631,53.674
3.2142,19.311,51.784
3.2335,18.991,52.656
3.2525,20.152,49.623
3.2727,19.717,50.718
3.2924,19.451,51.411
3.3118,19.993,50.016
3.3318,19.452,51.408
3.3513,18.537,53.947
3.3698,18.889,52.94
3.3887,20.202,49.499
3.4089,20.366,49.102
3.4293,19.298,51.818
3.4486,18.91,52.882
3.4675,18.055,55.387
3.4855,18.183,54.998
3.5037,19.603,51.012
3.5233,20.707,48.292
3.544,20.327,49.196
3.5644,18.141,55.123
3.5825,19.99,50.024
3.6025,19.867,50.334
3.6224,20.631,48.471
3.643,18.695,53.49
3.6617,17.426,57.385
3.6791,18.0,55.557
3.6971,20.427,48.955
3.7175,19.555,51.138
3.7371,19.71,50.736
3.7568,19.922,50.195
3.7767,20.278,49.314
3.797,21.247,47.065
3.8183,21.708,46.066
3.84,17.865,55.974
3.8578,19.882,50.297
3.8777,18.118,55.195
3.8958,19.717,50.718
3.9155,19.316,51.769
3.9349,17.281,57.866
3.9521,19.695,50.775
3.9718,20.986,47.651
3.9928,19.972,50.071
4.0128,19.036,52.533
4.0318,20.112,49.723
4.0519,20.872,47.911
4.0728,19.521,51.228
4.0923,21.381,46.771
4.1137,19.533,51.194
4.1333,19.208,52.061
4.1525,19.37,51.626
4.1718,20.408,48.999
4.1922,20.407,49.003
4.2126,19.633,50.935
4.2323,19.897,50.26
4.2522,20.76,48.17
4.2729,19.17,52.165
4.2921,19.484,51.325
4.3116,21.04,47.528
4.3326,20.835,47.996
4.3535,20.429,48.95
4.3739,19.304,51.802
4.3932,19.24,51.976
4.4124,20.919,47.803
4.4334,19.478,51.34
4.4528,21.128,47.33
4.474,19.2,52.083
4.4932,19.533,51.196
4.5127,19.364,51.642
4.5321,18.307,54.623
4.5504,18.863,53.013
4.5692,18.632,53.67
4.5879,19.383,51.591
4.6072,19.261,51.918
4.6265,18.941,52.796
4.6454,20.899,47.848
4.6663,19.051,52.491
4.6854,18.854,53.039
4.7043,20.949,47.735
4.7252,20.25,49.383
4.7455,19.6,51.021
4.7651,18.809,53.165
4.7839,19.842,50.399
4.8037,19.47,51.361
4.8232,19.76,50.606
4.8429,18.827,53.117
4.8618,18.169,55.04
4.8799,19.266,51.906
4.8992,20.21,49.48
4.9194,20.13,49.678
4.9395,19.931,50.174
4.9595,18.242,54.818
4.9777,18.385,54.393
4.9961,20.413,48.988
5.0165,19.248,51.955
5.0358,19.396,51.556
5.0551,18.524,53.983
5.0737,19.473,51.353
5.0931,19.719,50.712
5.1129,19.458,51.393
5.1323,20.517,48.741
5.1528,19.4,51.546
5.1722,18.027,55.471
5.1903,17.838,56.059
5.2081,20.339,49.167
5.2284,18.882,52.962
5.2473,21.224,47.117
5.2685,19.703,50.753
5.2883,18.692,53.5
5.3069,19.533,51.196
5.3265,20.713,48.279
5.3472,19.926,50.186
5.3671,17.599,56.82
5.3847,18.765,53.291
5.4035,20.013,49.968
5.4235,18.469,54.146
5.442,19.72,50.711
5.4617,20.042,49.895
5.4817,18.875,52.981
5.5006,21.313,46.92
5.5219,20.449,48.902
5.5424,18.733,53.382
5.5611,19.628,50.948
5.5807,18.857,53.031
5.5996,20.302,49.255
5.6199,18.943,52.791
5.6388,19.886,50.287
5.6587,19.848,50.383
5.6786,20.24,49.407
5.6988,20.572,48.609
5.7194,18.528,53.972
5.7379,20.29,49.286
5.7582,19.717,50.716
5.7779,18.765,53.29
5.7967,19.513,51.249
5.8162,18.83,53.107
5.835,33.835,29.555
5.8688,19.308,51.793
5.8882,20.292,49.281
5.9084,20.454,48.889
5.9289,20.107,49.734
5.949,31.995,31.255
5.981,20.181,49.552
6.0012,42.913,23.303
6.0441,18.49,54.084
6.0626,20.431,48.945
6.083,19.495,51.296
6.1025,19.787,50.539
6.1223,20.506,48.766
6.1428,20.227,49.438
6.163,19.393,51.566
6.1824,20.035,49.912
6.2025,19.404,51.535
6.2219,21.217,47.132
6.2431,19.437,51.448
6.2625,20.297,49.268
6.2828,19.077,52.419
6.3019,19.045,52.506
6.3209,29.797,33.561
6.3507,19.41,51.52
6.3701,19.758,50.614
6.3899,19.853,50.369
6.4098,20.124,49.692
6.4299,19.281,51.865
6.4492,20.296,49.27
6.4695,35.485,28.181
6.5049,17.922,55.797
6.5229,18.269,54.737
6.5411,19.884,50.291
6.561,19.262,51.917
6.5803,18.739,53.363
6.599,17.746,56.35
6.6168,19.443,51.432
6.6362,17.911,55.83
6.6541,19.005,52.619
6.6731,20.316,49.222
6.6934,18.899,52.913
6.7123,19.691,50.784
6.732,18.486,54.094
6.7505,18.726,53.4
6.7692,43.344,23.071
6.8126,20.759,48.171
6.8333,19.411,51.518
6.8528,19.222,52.022
6.872,18.429,54.263
6.8904,18.141,55.122
6.9085,20.746,48.201
6.9293,18.695,53.489
6.948,20.392,49.038
6.9684,19.97,50.075
6.9884,19.175,52.151
7.0075,19.385,51.587
7.0269,19.581,51.069
7.0465,19.846,50.388
7.0663,19.441,51.438
7.0858,19.486,51.319
7.1053,19.77,50.582
7.125,20.688,48.338
7.1457,18.29,54.674
7.164,18.578,53.828
7.1826,19.703,50.754
7.2023,19.868,50.333
7.2222,21.855,45.757
7.244,19.885,50.288
7.2639,20.395,49.033
7.2843,20.044,49.89
7.3043,18.559,53.882
7.3229,18.666,53.574
7.3416,18.824,53.124
7.3604,20.523,48.726
7.3809,20.13,49.677
7.401,18.47,54.143
7.4195,18.531,53.964
7.438,19.258,51.926
7.4573,18.911,52.878
7.4762,20.35,49.141
7.4966,19.407,51.529
7.516,18.551,53.906
7.5345,19.674,50.829
7.5542,20.299,49.263
7.5745,19.138,52.251
7.5936,19.636,50.926
7.6133,20.789,48.103
7.6341,18.861,53.018
7.6529,17.88,55.927
7.6708,18.115,55.203
7.6889,21.303,46.942
7.7102,18.834,53.095
7.7291,19.589,51.048
7.7486,18.541,53.935
7.7672,18.899,52.912
7.7861,21.471,46.574
7.8076,19.311,51.785
7.8269,18.697,53.485
7.8456,20.874,47.907
7.8664,19.805,50.492
7.8862,18.595,53.777
7.9048,20.65,48.427
7.9255,20.024,49.94
7.9455,19.875,50.315
7.9654,20.284,49.299
7.9857,20.661,48.399
8.0063,21.229,47.105
8.0276,19.166,52.175
8.0467,19.016,52.586
8.0657,20.323,49.206
8.0861,18.27,54.735
8.1043,20.746,48.202
8.1251,20.62,48.497
8.1457,18.313,54.606
8.164,19.42,51.493
8.1834,19.252,51.943
8.2027,18.84,53.078
8.2215,19.244,51.965
8.2408,19.487,51.315
8.2603,18.358,54.473
8.2786,19.593,51.04
8.2982,41.154,24.299
8.3394,19.189,52.114
8.3585,19.587,51.054
8.3781,19.079,52.414
8.3972,19.959,50.101
8.4172,19.31,51.787
8.4365,19.593,51.038
8.4561,18.421,54.287
8.4745,17.545,56.996
8.492,20.312,49.233
8.5124,20.451,48.897
8.5328,19.861,50.35
8.5527,18.306,54.628
8.571,20.583,48.585
8.5916,19.432,51.461
8.611,17.986,55.598
8.629,19.557,51.132
8.6485,18.539,53.94
8.6671,18.72,53.419
8.6858,19.834,50.417
8.7056,20.518,48.737
8.7261,18.566,53.863
8.7447,19.722,50.705
8.7644,17.084,58.533
8.7815,19.927,50.184
8.8014,18.335,54.54
8.8198,19.122,52.295
8.8389,46.756,21.388
8.8857,18.719,53.421
8.9044,18.507,54.035
8.9229,19.287,51.848
8.9422,20.296,49.27
8.9625,20.026,49.936
8.9825,21.032,47.548
9.0035,17.821,56.113
9.0213,19.711,50.733
9.0411,18.936,52.81
9.06,18.915,52.868
9.0789,19.855,50.366
9.0988,18.827,53.114
9.1176,20.012,49.969
9.1376,19.186,52.122
9.1568,21.706,46.071
9.1785,19.295,51.828
9.1978,19.526,51.213
9.2173,19.844,50.394
9.2372,35.12,28.474
9.2723,19.495,51.295
9.2918,19.078,52.417
9.3108,34.58,28.918
9.3454,20.274,49.323
9.3657,20.352,49.135
9.3861,20.681,48.352
9.4067,18.546,53.919
9.4253,17.98,55.618
9.4433,19.166,52.177
9.4624,18.569,53.852
9.481,19.326,51.743
9.5003,18.92,52.853
9.5192,18.802,53.186
9.538,19.404,51.537
9.5574,19.02,52.577
9.5765,19.577,51.081
9.596,17.906,55.848
9.6139,20.7,48.309
9.6346,21.937,45.585
9.6566,17.956,55.693
9.6745,17.744,56.358
9.6923,20.839,47.988
9.7131,19.012,52.599
9.7321,19.253,51.94
9.7514,19.31,51.786
9.7707,17.93,55.772
9.7886,18.031,55.461
9.8067,19.463,51.38
9.8261,17.33,57.704
9.8435,17.894,55.886
9.8613,20.737,48.224
9.8821,18.663,53.582
9.9007,19.14,52.247
9.9199,19.333,51.725
9.9392,55.188,18.12
9.9944,18.718,53.424
10.0131,20.401,49.018
10.0335,18.958,52.748
10.0525,19.965,50.087
10.0724,19.641,50.915
10.0921,18.379,54.41
10.1105,18.549,53.91
10.129,18.664,53.58
10.1477,19.784,50.546
10.1675,20.659,48.405
10.1881,18.307,54.625
10.2064,19.71,50.736
10.2261,18.897,52.919
10.245,18.906,52.893
10.2639,18.178,55.011
10.2821,19.96,50.101
10.3021,18.786,53.232
10.3209,20.854,47.953
10.3417,17.115,58.429
10.3588,18.73,53.391
10.3776,18.749,53.337
10.3963,19.03,52.548
10.4153,18.663,53.581
10.434,19.825,50.441
10.4538,18.867,53.002
10.4727,19.678,50.818
10.4924,18.326,54.568
10.5107,18.47,54.142
10.5292,19.54,51.177
10.5487,18.046,55.415
10.5668,19.892,50.272
10.5867,19.336,51.718
10.606,19.452,51.408
10.6254,19.183,52.129
10.6446,19.229,52.006
10.6639,20.042,49.896
10.6839,19.145,52.233
10.703,18.803,53.184
10.7218,17.249,57.973
10.7391,17.66,56.625
10.7568,19.421,51.492
10.7762,18.19,54.974
10.7944,19.634,50.933
10.814,19.541,51.173
10.8335,20.48,48.829
10.854,54.381,18.389
10.9084,19.06,52.466
10.9275,18.776,53.259
10.9462,19.792,50.525
10.966,17.994,55.573
10.984,17.95,55.711
11.002,20.272,49.33
11.0222,18.721,53.416
11.041,18.963,52.736
11.0599,39.468,25.337
11.0994,17.21,58.105
11.1166,19.79,50.53
11.1364,17.853,56.014
11.1542,19.471,51.358
11.1737,18.587,53.802
11.1923,57.051,17.528
11.2494,17.719,56.435
11.2671,18.706,53.459
11.2858,17.137,58.353
11.3029,19.224,52.018
11.3221,20.193,49.523
11.3423,18.726,53.401
11.3611,18.294,54.664
11.3794,20.714,48.276
11.4001,18.257,54.774
11.4183,18.293,54.665
11.4366,19.79,50.53
11.4564,17.718,56.439
11.4741,18.156,55.077
11.4923,19.184,52.126
11.5115,19.219,52.033
11.5307,20.5,48.781
11.5512,19.637,50.923
11.5708,18.393,54.368
11.5892,19.888,50.28
11.6091,19.108,52.335
11.6282,19.012,52.598
11.6472,18.59,53.792
11.6658,19.157,52.2
11.685,19.47,51.36
11.7044,18.621,53.704
11.7231,19.223,52.021
11.7423,18.234,54.844
11.7605,18.586,53.805
11.7791,18.264,54.754
11.7974,17.768,56.282
11.8151,17.969,55.651
11.8331,19.542,51.171
11.8526,18.565,53.865
11.8712,18.958,52.747
11.8902,17.668,56.599
11.9078,18.922,52.847
11.9268,18.598,53.769
11.9454,18.262,54.757
11.9636,17.17,58.242
11.9808,21.286,46.978
12.0021,18.679,53.537
12.0208,18.047,55.412
12.0388,19.708,50.742
12.0585,19.538,51.183
12.078,17.107,58.456
12.0952,18.408,54.324
12.1136,17.392,57.498
12.131,18.013,55.514
12.149,18.927,52.833
12.1679,17.709,56.47
12.1856,19.689,50.791
12.2053,18.102,55.242
12.2234,48.553,20.596
12.2719,18.101,55.244
12.29,18.241,54.821
12.3083,19.677,50.82
12.328,18.475,54.127
12.3464,17.754,56.324
12.3642,18.105,55.233
12.3823,18.588,53.799
12.4009,18.382,54.4
12.4193,19.218,52.035
12.4385,19.089,52.387
12.4576,19.041,52.519
12.4766,18.309,54.617
12.4949,18.836,53.088
12.5138,20.461,48.875
12.5342,18.014,55.512
12.5522,19.519,51.233
12.5718,19.149,52.222
12.5909,20.479,48.83
12.6114,20.329,49.192
12.6317,18.682,53.527
12.6504,21.161,47.258
12.6716,18.263,54.756
12.6898,18.822,53.128
12.7086,19.235,51.989
12.7279,17.449,57.309
12.7453,18.434,54.246
12.7638,17.431,57.369
12.7812,19.659,50.868
12.8009,18.741,53.358
12.8196,18.516,54.007
12.8381,18.253,54.784
12.8564,19.894,50.267
12.8763,17.793,56.203
12.894,17.416,57.42
12.9115,19.591,51.044
12.9311,31.552,31.694
12.9626,18.424,54.276
12.981,19.248,51.954
13.0003,20.357,49.124
13.0206,19.723,50.702
13.0404,43.515,22.98
13.0839,18.837,53.087
13.1027,16.867,59.289
13.1196,20.361,49.114
13.1399,18.717,53.428
13.1587,19.566,51.11
13.1782,19.812,50.475
13.198,19.162,52.187
13.2172,19.32,51.761
13.2365,18.977,52.695
13.2555,18.992,52.655
13.2745,18.144,55.116
13.2926,19.543,51.17
13.3122,35.808,27.927
13.348,20.314,49.228
13.3683,19.033,52.539
13.3873,19.129,52.277
13.4065,19.337,51.714
13.4258,18.855,53.037
13.4446,19.265,51.906
13.4639,18.016,55.505
13.4819,19.094,52.372
13.501,19.915,50.214
13.5209,19.06,52.467
13.54,19.871,50.326
13.5599,17.934,55.761
13.5778,18.451,54.199
13.5963,19.159,52.196
13.6154,18.988,52.666
13.6344,18.317,54.595
13.6527,18.664,53.579
13.6714,18.195,54.959
13.6896,17.716,56.448
13.7073,18.852,53.043
13.7261,19.275,51.882
13.7454,20.641,48.447
13.7661,20.184,49.544
13.7862,18.548,53.914
13.8048,19.16,52.192
13.8239,16.69,59.914
13.8406,21.554,46.394
13.8622,18.32,54.585
13.8805,19.083,52.402
13.8996,50.689,19.728
13.9503,19.083,52.404
13.9694,19.246,51.959
13.9886,18.858,53.029
14.0075,18.269,54.738
14.0257,19.152,52.214
14.0449,18.752,53.326
14.0636,57.604,17.36
14.1212,19.174,52.153
14.1404,19.394,51.563
14.1598,19.174,52.154
14.179,17.985,55.601
14.197,18.557,53.888
14.2155,28.285,35.354
14.2438,18.145,55.113
14.262,17.229,58.043
14.2792,18.238,54.831
14.2974,18.741,53.359
14.3162,19.834,50.42
14.336,19.22,52.028
14.3552,18.402,54.342
14.3736,19.206,52.068
14.3928,19.004,52.62
14.4118,16.843,59.372
14.4287,18.939,52.802
14.4476,19.372,51.621
14.467,18.596,53.774
14.4856,18.683,53.524
14.5043,19.577,51.079
14.5238,20.078,49.805
14.5439,18.372,54.43
14.5623,50.257,19.898
14.6126,19.147,52.227
14.6317,18.29,54.675
14.65,19.273,51.886
14.6693,19.79,50.53
14.6891,18.248,54.8
14.7073,18.032,55.457
14.7253,18.298,54.652
14.7436,19.291,51.838
14.7629,19.454,51.403
14.7824,20.039,49.903
14.8024,19.695,50.775
14.8221,18.889,52.941
14.841,18.616,53.718
14.8596,16.757,59.676
14.8764,19.574,51.089
14.8959,18.937,52.808
14.9149,18.74,53.362
14.9336,20.922,47.796
14.9545,19.606,51.004
14.9742,19.723,50.702
14.9939,18.842,53.074
15.0127,20.129,49.68
15.0328,21.425,46.675
15.0543,19.499,51.284
15.0738,19.976,50.059
15.0937,19.147,52.228
15.1129,19.287,51.848
15.1322,19.904,50.241
15.1521,19.931,50.172
15.172,18.806,53.174
15.1908,18.17,55.037
15.209,18.984,52.675
15.228,18.782,53.243
15.2468,20.936,47.765
15.2677,19.449,51.416
15.2871,18.996,52.643
15.3061,20.645,48.437
15.3268,21.274,47.005
15.3481,18.906,52.894
15.367,19.17,52.164
15.3861,19.919,50.204
15.4061,18.942,52.794
15.425,19.968,50.079
15.445,21.289,46.972
15.4663,20.865,47.928
15.4871,20.558,48.642
15.5077,18.686,53.517
15.5264,18.378,54.414
15.5447,19.2,52.084
15.5639,19.292,51.835
15.5832,19.778,50.562
15.603,20.097,49.759
15.6231,18.514,54.012
15.6416,19.159,52.195
15.6608,17.854,56.011
15.6786,19.549,51.154
15.6982,18.969,52.718
15.7172,19.477,51.343
15.7366,18.557,53.889
15.7552,19.553,51.143
15.7747,18.84,53.08
15.7936,45.486,21.985
15.8391,18.418,54.294
15.8575,19.605,51.007
15.8771,19.349,51.682
15.8964,18.915,52.868
15.9153,19.857,50.359
15.9352,19.075,52.425
15.9543,20.486,48.814
15.9748,20.032,49.92
15.9948,21.307,46.934
16.0161,17.76,56.308
16.0339,20.701,48.306
16.0546,20.465,48.863
16.075,20.478,48.832
16.0955,16.333,61.225
16.1118,19.19,52.109
16.131,19.437,51.447
16.1505,21.009,47.599
16.1715,20.43,48.947
16.1919,20.176,49.565
16.2121,44.023,22.715
16.2561,20.163,49.596
16.2763,19.352,51.673
16.2956,18.479,54.117
16.3141,32.691,30.59
16.3468,17.293,57.827
16.3641,19.078,52.417
16.3832,20.83,48.007
16.404,20.888,47.874
16.4249,19.4,51.547
16.4443,19.216,52.04
16.4635,20.113,49.719
16.4836,19.089,52.386
16.5027,20.439,48.925
16.5231,19.095,52.37
16.5422,19.421,51.489
16.5617,18.931,52.824
16.5806,19.809,50.482
16.6004,18.946,52.782
16.6193,19.541,51.173
16.6389,18.502,54.048
16.6574,19.137,52.256
16.6765,19.978,50.055
16.6965,19.028,52.555
16.7155,19.217,52.037
16.7347,18.453,54.192
16.7532,20.079,49.803
16.7733,18.647,53.628
16.7919,19.78,50.556
16.8117,20.317,49.219
16.832,21.234,47.093
16.8533,20.696,48.318
16.874,20.23,49.432
16.8942,19.985,50.037
16.9142,20.455,48.887
16.9346,19.765,50.595
16.9544,19.783,50.549
16.9742,20.758,48.174
16.9949,19.545,51.164
17.0145,18.929,52.83
17.0334,40.494,24.695
17.0739,19.561,51.122
17.0935,19.857,50.36
17.1133,19.505,51.27
17.1328,21.064,47.474
17.1539,20.546,48.671
17.1744,19.02,52.576
17.1934,19.059,52.469
17.2125,19.594,51.035
17.2321,20.129,49.68
17.2522,19.896,50.262
17.2721,20.597,48.551
17.2927,18.943,52.79
17.3117,19.689,50.79
17.3314,19.667,50.845
17.351,20.412,48.991
17.3714,19.912,50.222
17.3913,21.003,47.611
17.4124,18.665,53.575
17.431,18.675,53.547
17.4497,20.55,48.663
17.4702,21.081,47.436
17.4913,18.204,54.934
17.5095,20.661,48.401
17.5302,19.855,50.365
17.55,20.654,48.417
17.5707,21.437,46.649
17.5921,18.517,54.004
17.6106,21.108,47.376
17.6318,20.144,49.643
17.6519,19.781,50.553
17.6717,18.795,53.205
17.6905,20.587,48.574
17.7111,21.269,47.017
17.7323,19.421,51.489
17.7518,20.013,49.967
17.7718,18.381,54.404
17.7901,19.552,51.147
17.8097,48.376,20.671
17.8581,19.467,51.368
17.8775,20.116,49.711
17.8977,21.886,45.691
17.9195,19.633,50.934
17.9392,20.482,48.823
17.9597,19.724,50.699
17.9794,21.608,46.28
18.001,20.009,49.978
18.021,19.747,50.642
18.0407,19.599,51.022
18.0603,20.499,48.783
18.0808,19.366,51.637
18.1002,19.664,50.855
18.1199,19.379,51.602
18.1393,19.456,51.398
18.1587,19.288,51.845
18.178,21.282,46.987
18.1993,19.146,52.23
18.2184,19.954,50.116
18.2384,18.496,54.065
18.2569,19.959,50.102
18.2768,19.091,52.382
18.2959,18.937,52.807
18.3149,20.588,48.571
18.3355,21.078,47.442
18.3565,20.94,47.756
18.3775,52.011,19.227
18.4295,19.359,51.656
18.4488,19.539,51.18
18.4684,19.822,50.45
18.4882,19.532,51.198
18.5077,20.112,49.722
18.5278,18.74,53.362
18.5466,20.488,48.809
18.5671,21.175,47.226
18.5882,21.751,45.974
18.61,47.773,20.932
18.6578,21.089,47.418
18.6789,21.139,47.306
18.7,20.609,48.523
18.7206,19.62,50.969
18.7402,21.793,45.887
18.762,19.986,50.036
18.782,20.495,48.793
18.8025,20.258,49.362
18.8228,21.838,45.793
18.8446,21.057,47.489
18.8657,19.371,51.624
18.885,20.847,47.969
18.9059,19.256,51.932
18.9251,17.98,55.617
18.9431,36.131,27.677
18.9792,20.571,48.612
18.9998,21.906,45.65
19.0217,20.387,49.052
19.0421,19.791,50.527
19.0619,21.679,46.128
19.0836,19.353,51.672
19.1029,50.301,19.88
19.1532,20.682,48.352
19.1739,19.802,50.5
19.1937,21.972,45.513
19.2157,21.081,47.436
19.2368,20.807,48.061
19.2576,20.751,48.19
19.2783,20.922,47.797
19.2992,20.623,48.489
19.3199,20.178,49.559
19.34,20.757,48.175
19.3608,19.635,50.929
19.3804,20.251,49.381
19.4007,20.251,49.381
19.4209,21.678,46.13
19.4426,19.175,52.15
19.4618,21.393,46.744
19.4832,19.428,51.472
19.5026,20.799,48.079
19.5234,20.476,48.838
19.5439,22.15,45.147
19.566,22.069,45.312
19.5881,20.929,47.78
19.609,20.026,49.935
19.6291,20.38,49.068
19.6494,20.897,47.854
19.6703,20.713,48.279
19.6911,19.56,51.126
19.7106,20.533,48.703
19.7311,21.377,46.779
19.7525,20.646,48.436
19.7732,20.353,49.134
19.7935,21.148,47.286
19.8147,18.945,52.783
19.8336,20.219,49.457
19.8538,19.749,50.637
19.8736,21.358,46.82
19.8949,19.658,50.87
19.9146,20.328,49.193
19.9349,37.778,26.471
19.9727,19.8,50.505
19.9925,17.867,55.97
20.0104,21.099,47.395
20.0315,19.195,52.098
20.0507,21.108,47.376
20.0718,21.42,46.685
20.0932,19.973,50.067
20.1132,21.553,46.398
20.1347,20.872,47.91
20.1556,21.059,47.485
20.1767,19.384,51.59
20.196,18.436,54.242
20.2145,18.861,53.021
20.2333,19.068,52.444
20.2524,20.249,49.386
20.2727,19.953,50.118
20.2926,19.207,52.063
20.3118,20.795,48.087
20.3326,20.688,48.337
20.3533,20.035,49.912
20.3733,20.559,48.641
20.3939,20.476,48.837
20.4144,19.522,51.224
20.4339,21.513,46.483
20.4554,19.431,51.463
20.4748,20.939,47.758
20.4958,20.696,48.319
20.5165,19.764,50.597
20.5362,20.43,48.949
20.5567,18.656,53.601
20.5753,19.97,50.076
20.5953,20.062,49.846
20.6153,20.711,48.283
20.6361,22.213,45.019
20.6583,20.734,48.23
20.679,20.876,47.902
20.6999,20.325,49.201
20.7202,19.775,50.57
20.74,20.128,49.681
20.7601,22.048,45.356
20.7822,20.611,48.518
20.8028,20.755,48.181
20.8235,19.846,50.388
20.8434,19.942,50.144
20.8633,20.559,48.64
20.8839,20.582,48.587
20.9045,20.954,47.724
20.9254,20.853,47.954
20.9463,19.563,51.116
20.9658,21.476,46.564
20.9873,22.021,45.411
21.0093,19.998,50.006
21.0293,20.036,49.911
21.0494,21.704,46.075
21.0711,19.006,52.616
21.0901,20.592,48.563
21.1107,20.745,48.205
21.1314,20.47,48.853
21.1519,21.945,45.569
21.1738,21.323,46.897
21.1951,20.423,48.964
21.2156,20.418,48.978
21.236,22.204,45.037
21.2582,19.613,50.987
21.2778,21.367,46.802
21.2992,21.734,46.011
21.3209,21.82,45.83
21.3427,21.678,46.13
21.3644,19.414,51.51
21.3838,20.866,47.924
21.4047,19.935,50.163
21.4246,21.347,46.846
21.446,21.27,47.014
21.4672,22.002,45.45
21.4892,20.86,47.938
21.5101,19.696,50.771
21.5298,21.158,47.264
21.5509,19.78,50.557
21.5707,20.749,48.196
21.5915,22.281,44.881
21.6138,19.695,50.773
21.6334,19.696,50.771
21.6531,21.063,47.477
21.6742,22.02,45.413
21.6962,20.439,48.927
21.7167,22.443,44.558
21.7391,19.26,51.92
21.7584,19.245,51.961
21.7776,20.97,47.687
21.7986,20.378,49.071
21.819,20.841,47.983
21.8398,18.984,52.676
21.8588,20.333,49.181
21.8791,20.515,48.745
21.8996,21.381,46.77
21.921,20.723,48.255
21.9417,19.918,50.205
21.9617,21.904,45.654
21.9836,21.523,46.463
22.0051,19.02,52.576
22.0241,19.961,50.098
22.0441,19.322,51.754
22.0634,20.208,49.486
22.0836,20.97,47.688
22.1046,22.344,44.755
22.1269,21.921,45.618
22.1488,20.126,49.688
22.169,20.827,48.015
22.1898,20.094,49.767
22.2099,22.35,44.742
22.2322,20.804,48.068
22.253,21.259,47.039
22.2743,19.527,51.212
22.2938,20.251,49.379
22.3141,20.075,49.814
22.3341,21.102,47.389
22.3552,18.833,53.097
22.3741,21.245,47.07
22.3953,20.785,48.112
22.4161,42.395,23.588
22.4585,20.804,48.068
22.4793,19.769,50.585
22.4991,20.482,48.823
22.5196,20.408,49.001
22.54,19.829,50.432
22.5598,20.235,49.42
22.58,19.628,50.947
22.5997,20.521,48.73
22.6202,20.932,47.773
22.6411,20.537,48.694
22.6616,20.104,49.742
22.6817,21.599,46.299
22.7033,19.909,50.227
22.7233,20.796,48.086
22.7441,20.68,48.355
22.7647,22.095,45.259
22.7868,22.542,44.361
22.8094,19.677,50.82
22.829,19.762,50.603
22.8488,21.199,47.171
22.87,20.406,49.004
22.8904,20.896,47.857
22.9113,19.283,51.86
22.9306,20.577,48.599
22.9512,21.946,45.567
22.9731,20.473,48.845
22.9936,21.682,46.122
23.0153,41.815,23.915
23.0571,19.393,51.565
23.0765,20.521,48.731
23.097,20.148,49.633
23.1171,21.712,46.058
23.1389,20.633,48.466
23.1595,19.306,51.799
23.1788,21.073,47.454
23.1999,20.475,48.84
23.2203,19.859,50.356
23.2402,19.729,50.687
23.2599,42.917,23.301
23.3028,21.057,47.491
23.3239,19.239,51.976
23.3431,18.696,53.488
23.3618,19.983,50.041
23.3818,21.095,47.404
23.4029,19.049,52.497
23.422,20.009,49.977
23.442,20.471,48.849
23.4624,19.345,51.693
23.4818,19.185,52.125
23.501,19.958,50.105
23.5209,20.295,49.273
23.5412,21.11,47.371
23.5623,19.41,51.52
23.5818,19.638,50.921
23.6014,20.991,47.639
23.6224,21.062,47.479
23.6434,21.432,46.66
23.6649,18.643,53.64
23.6835,21.158,47.264
23.7047,19.858,50.358
23.7245,21.132,47.321
23.7457,18.632,53.671
23.7643,18.845,53.065
23.7831,19.649,50.893
23.8028,20.781,48.12
23.8236,18.862,53.018
23.8424,20.523,48.726
23.863,21.503,46.505
23.8845,19.446,51.423
23.9039,19.437,51.45
23.9233,18.59,53.792
23.9419,20.251,49.38
23.9622,19.058,52.472
23.9812,20.343,49.156
24.0016,19.214,52.046
24.0208,36.355,27.506
24.0572,20.108,49.731
24.0773,19.488,51.314
24.0968,19.11,52.328
24.1159,20.667,48.386
24.1365,54.345,18.401
24.1909,21.255,47.048
24.2121,19.305,51.799
24.2314,19.296,51.823
24.2507,19.199,52.087
24.2699,19.351,51.678
24.2893,20.275,49.321
24.3096,21.253,47.052
24.3308,20.564,48.629
24.3514,21.734,46.011
24.3731,20.12,49.701
24.3932,17.732,56.395
24.411,19.311,51.784
24.4303,21.282,46.989
24.4516,20.687,48.34
24.4722,20.676,48.365
24.4929,20.121,49.698
24.513,19.847,50.386
24.5329,19.656,50.875
24.5525,17.81,56.15
24.5703,18.056,55.384
24.5884,21.157,47.266
24.6096,20.305,49.25
24.6299,18.411,54.316
24.6483,19.476,51.346
24.6678,36.507,27.392
24.7043,19.056,52.476
24.7233,19.273,51.887
24.7426,18.97,52.714
24.7616,20.488,48.809
24.782,20.261,49.355
24.8023,19.925,50.188
24.8222,18.733,53.383
24.841,55.552,18.001
24.8965,18.967,52.724
24.9155,20.687,48.34
24.9362,19.346,51.691
24.9555,20.258,49.363
24.9758,19.06,52.466
24.9948,19.698,50.766
25.0145,18.709,53.45
25.0332,20.407,49.003
25.0536,19.775,50.568
25.0734,18.799,53.193
25.0922,19.327,51.741
25.1116,19.474,51.35
25.131,20.475,48.841
25.1515,18.426,54.273
25.1699,20.396,49.029
25.1903,20.287,49.292
25.2106,18.122,55.18
25.2287,18.342,54.519
25.2471,19.57,51.099
25.2666,20.907,47.83
25.2876,18.234,54.841
25.3058,20.303,49.253
25.3261,19.457,51.394
25.3455,49.716,20.114
25.3953,19.403,51.537
25.4147,19.125,52.286
25.4338,19.762,50.602
25.4536,20.786,48.109
25.4743,18.577,53.831
25.4929,19.099,52.36
25.512,18.024,55.483
25.53,19.246,51.96
25.5493,20.775,48.134
25.5701,18.892,52.933
25.589,18.765,53.29
25.6077,18.81,53.164
25.6265,19.64,50.917
25.6462,19.059,52.47
25.6652,20.834,47.998
25.6861,19.268,51.898
25.7053,21.194,47.184
25.7265,17.647,56.665
25.7442,17.748,56.346
25.7619,18.832,53.102
25.7807,18.843,53.069
25.7996,20.877,47.9
25.8205,19.812,50.475
25.8403,19.257,51.928
25.8595,20.337,49.172
25.8799,18.57,53.849
25.8984,17.801,56.178
25.9162,18.973,52.705
25.9352,19.093,52.375
25.9543,20.236,49.416
25.9745,19.685,50.801
25.9942,19.407,51.527
26.0136,18.711,53.445
26.0323,47.551,21.03
26.0799,19.547,51.159
26.0994,17.783,56.233
26.1172,17.751,56.334
26.135,17.925,55.789
26.1529,18.643,53.639
26.1715,21.133,47.32
26.1927,20.041,49.898
26.2127,18.097,55.256
26.2308,18.71,53.448
26.2495,19.045,52.508
26.2686,17.985,55.602
26.2866,18.793,53.211
26.3054,42.955,23.28
26.3483,19.554,51.142
26.3679,19.811,50.478
26.3877,18.697,53.484
26.4064,18.199,54.948
26.4246,20.519,48.735
26.4451,17.142,58.338
26.4622,16.769,59.634
26.479,16.839,59.386
26.4958,19.574,51.088
26.5154,19.453,51.406
26.5349,19.467,51.368
26.5543,19.495,51.295
26.5738,18.493,54.074
26.5923,18.984,52.677
26.6113,20.011,49.973
26.6313,17.677,56.572
26.649,18.656,53.601
26.6676,19.395,51.559
26.687,19.845,50.39
26.7069,19.403,51.538
26.7263,18.566,53.863
26.7449,19.191,52.109
26.764,19.805,50.492
26.7839,19.243,51.968
26.8031,16.242,61.57
26.8193,17.321,57.734
26.8367,20.423,48.964
26.8571,20.928,47.783
26.878,19.728,50.688
26.8977,20.339,49.165
26.9181,19.892,50.271
26.938,19.795,50.517
26.9578,18.184,54.993
26.9759,18.618,53.711
26.9946,28.569,35.003
27.0231,20.168,49.584
27.0433,17.714,56.454
27.061,17.685,56.544
27.0787,19.096,52.368
27.0978,17.612,56.78
27.1154,18.65,53.618
27.1341,19.647,50.898
27.1537,18.744,53.352
27.1724,18.382,54.402
27.1908,18.37,54.438
27.2092,19.497,51.291
27.2287,19.294,51.831
27.248,18.758,53.31
27.2667,16.945,59.016
27.2837,18.723,53.411
27.3024,17.462,57.267
27.3199,18.578,53.826
27.3385,17.284,57.855
27.3557,18.411,54.315
27.3742,17.676,56.575
27.3918,17.536,57.026
27.4094,18.266,54.746
27.4276,18.411,54.317
27.446,18.235,54.841
27.4643,18.019,55.496
27.4823,16.938,59.037
27.4992,19.465,51.373
27.5187,53.559,18.671
27.5723,18.68,53.532
27.5909,19.295,51.826
27.6102,18.39,54.377
27.6286,19.284,51.856
27.6479,18.643,53.64
27.6665,16.462,60.744
27.683,17.948,55.718
27.701,17.208,58.113
27.7182,19.072,52.434
27.7372,19.947,50.132
27.7572,18.355,54.48
27.7755,18.227,54.863
27.7938,18.947,52.778
27.8127,18.424,54.277
27.8311,19.28,51.867
27.8504,19.452,51.407
27.8699,19.208,52.061
27.8891,18.611,53.732
27.9077,19.173,52.156
27.9269,16.186,61.781
27.9431,19.5,51.281
27.9626,17.668,56.598
27.9802,17.649,56.659
27.9979,18.775,53.264
28.0166,17.985,55.602
28.0346,17.917,55.813
28.0525,18.11,55.217
28.0707,17.137,58.353
28.0878,18.471,54.138
28.1063,17.448,57.314
28.1237,18.119,55.191
28.1418,18.867,53.004
28.1607,18.407,54.327
28.1791,17.632,56.715
28.1967,17.591,56.846
28.2143,17.821,56.113
28.2322,20.589,48.569
28.2527,19.134,52.262
28.2719,19.008,52.61
28.2909,18.309,54.618
28.3092,19.642,50.911
28.3288,17.55,56.981
28.3464,17.365,57.586
28.3637,19.546,51.161
28.3833,17.095,58.497
28.4004,18.966,52.727
28.4194,16.875,59.259
28.4362,17.67,56.592
28.4539,17.385,57.521
28.4713,17.979,55.621
28.4893,18.427,54.269
28.5077,18.538,53.943
28.5262,17.27,57.904
28.5435,17.552,56.973
28.5611,18.128,55.163
28.5792,18.909,52.886
28.5981,17.988,55.591
28.6161,18.077,55.319
28.6342,18.265,54.75
28.6524,18.788,53.226
28.6712,19.282,51.863
28.6905,17.547,56.989
28.708,17.57,56.915
28.7256,18.308,54.622
28.7439,18.327,54.564
28.7622,18.614,53.723
28.7809,16.486,60.659
28.7973,17.259,57.942
28.8146,17.967,55.657
28.8326,19.522,51.223
28.8521,18.233,54.845
28.8703,19.301,51.811
28.8896,17.941,55.739
28.9076,17.789,56.215
28.9254,19.024,52.564
28.9444,18.718,53.426
28.9631,18.113,55.208
28.9812,17.555,56.965
28.9988,18.075,55.325
29.0168,40.198,24.877
29.057,18.487,54.092
29.0755,18.79,53.221
29.0943,17.959,55.681
29.1123,19.22,52.028
29.1315,19.54,51.177
29.151,17.719,56.437
29.1687,17.813,56.14
29.1866,17.598,56.824
29.2042,17.89,55.899
29.222,16.625,60.152
29.2387,18.774,53.266
29.2574,25.382,39.398
29.2828,18.584,53.809
29.3014,16.827,59.427
29.3182,18.179,55.007
29.3364,18.037,55.441
29.3545,19.407,51.528
29.3739,16.763,59.654
29.3906,19.332,51.727
29.41,19.175,52.152
29.4291,18.661,53.587
29.4478,18.293,54.665
29.4661,16.342,61.191
29.4824,18.436,54.243
29.5009,18.175,55.021
29.519,18.847,53.058
29.5379,17.527,57.056
29.5554,19.335,51.72
29.5748,17.533,57.037
29.5923,16.496,60.622
29.6088,15.547,64.319
29.6243,18.883,52.958
29.6432,17.743,56.36
29.661,18.103,55.239
29.6791,17.623,56.745
29.6967,18.37,54.435
29.715,17.999,55.559
29.733,18.782,53.244
29.7518,18.401,54.345
29.7702,18.089,55.282
29.7883,17.954,55.697
29.8063,18.179,55.008
29.8245,18.126,55.168
29.8426,17.422,57.4
29.86,18.139,55.129
29.8781,18.222,54.88
29.8964,18.32,54.586
29.9147,16.746,59.716
29.9314,18.666,53.573
29.9501,17.754,56.324
29.9678,16.935,59.05
29.9848,17.362,57.596
30.0021,19.254,51.936
30.0214,18.131,55.156
30.0395,18.131,55.155
30.0577,19.544,51.168
30.0772,19.467,51.368
30.0967,17.932,55.766
30.1146,18.989,52.662
30.1336,17.834,56.072
30.1514,18.32,54.586
30.1697,17.552,56.974
30.1873,19.402,51.541
30.2067,19.309,51.789
30.226,17.313,57.759
30.2433,18.802,53.185
30.2621,16.468,60.725
30.2786,18.94,52.799
30.2975,18.024,55.481
30.3156,17.47,57.242
30.333,17.295,57.82
30.3503,18.942,52.793
30.3693,17.592,56.843
30.3869,18.757,53.314
30.4056,18.963,52.733
30.4246,18.057,55.38
30.4426,16.814,59.476
30.4594,18.979,52.689
30.4784,18.112,55.212
30.4965,17.674,56.581
30.5142,19.555,51.137
30.5338,18.287,54.684
30.5521,17.691,56.526
30.5697,17.377,57.548
30.5871,18.055,55.385
30.6052,18.137,55.135
30.6233,17.962,55.672
30.6413,19.589,51.049
30.6609,19.516,51.239
30.6804,18.243,54.816
30.6986,18.036,55.443
30.7167,16.05,62.304
30.7327,18.834,53.096
30.7515,17.297,57.815
30.7688,19.873,50.32
30.7887,18.331,54.552
30.807,17.644,56.678
30.8247,17.537,57.024
30.8422,17.633,56.712
30.8599,16.952,58.99
30.8768,34.48,29.002
30.9113,17.773,56.265
30.9291,18.971,52.713
30.948,17.86,55.989
30.9659,17.86,55.99
30.9838,18.969,52.718
31.0027,16.562,60.378
31.0193,17.945,55.725
31.0372,16.845,59.365
31.0541,17.854,56.009
31.0719,17.015,58.772
31.0889,18.165,55.051
31.1071,19.117,52.309
31.1262,17.71,56.465
31.1439,17.174,58.229
31.1611,18.253,54.786
31.1794,17.587,56.861
31.197,37.773,26.474
31.2347,16.459,60.757
31.2512,17.384,57.525
31.2686,18.139,55.13
31.2867,17.977,55.626
31.3047,18.847,53.057
31.3235,17.939,55.744
31.3415,17.649,56.659
31.3591,18.363,54.456
31.3775,17.936,55.754
31.3954,17.288,57.845
31.4127,18.283,54.695
31.431,20.241,49.404
31.4512,18.949,52.773
31.4702,17.652,56.65
31.4878,16.125,62.017
31.504,18.801,53.188
31.5228,18.669,53.563
31.5414,18.914,52.87
31.5603,18.33,54.554
31.5787,17.281,57.866
31.596,18.4,54.347
31.6144,18.881,52.962
31.6332,17.386,57.517
31.6506,17.757,56.315
31.6684,55.793,17.923
31.7242,18.108,55.224
31.7423,52.586,19.017
31.7949,19.273,51.887
31.8141,17.853,56.013
31.832,17.094,58.499
31.8491,17.883,55.919
31.867,18.363,54.457
31.8853,17.979,55.621
31.9033,18.358,54.471
31.9217,16.649,60.062
31.9383,18.73,53.39
31.957,19.693,50.779
31.9767,56.419,17.724
32.0332,17.571,56.913
32.0507,17.859,55.995
32.0686,18.275,54.721
32.0869,18.031,55.462
32.1049,17.127,58.387
32.122,17.301,57.799
32.1393,17.935,55.756
32.1573,17.276,57.884
32.1745,17.883,55.918
32.1924,17.616,56.768
32.21,18.305,54.629
32.2283,18.973,52.705
32.2473,16.862,59.307
32.2642,18.291,54.672
32.2825,16.888,59.215
32.2994,18.861,53.021
32.3182,17.134,58.362
32.3353,16.645,60.08
32.352,20.608,48.525
32.3726,18.769,53.278
32.3914,18.018,55.5
32.4094,16.899,59.174
32.4263,17.651,56.654
32.4439,17.318,57.744
32.4613,17.939,55.744
32.4792,16.312,61.304
32.4955,18.072,55.334
32.5136,54.6,18.315
32.5682,17.793,56.201
32.586,18.238,54.829
32.6042,19.089,52.386
32.6233,16.711,59.839
32.64,16.888,59.214
32.6569,19.202,52.078
32.6761,18.373,54.428
32.6945,19.351,51.678
32.7138,18.627,53.685
32.7325,19.173,52.156
32.7516,18.707,53.457
32.7703,17.379,57.541
32.7877,17.515,57.092
32.8052,19.822,50.448
32.825,17.041,58.68
32.8421,17.842,56.049
32.8599,18.687,53.512
32.8786,19.103,52.347
32.8977,18.527,53.976
32.9162,18.91,52.881
32.9352,19.406,51.531
32.9546,17.167,58.25
32.9717,18.072,55.336
32.9898,17.081,58.544
33.0069,17.064,58.604
33.0239,17.651,56.655
33.0416,18.356,54.477
33.06,17.571,56.914
33.0775,18.53,53.967
33.0961,17.995,55.572
33.1141,17.844,56.042
33.1319,16.891,59.205
33.1488,18.083,55.301
33.1669,17.688,56.537
33.1846,18.548,53.915
33.2031,18.185,54.991
33.2213,17.634,56.709
33.2389,18.966,52.726
33.2579,18.763,53.297
33.2767,18.343,54.517
33.295,18.842,53.073
33.3138,18.913,52.873
33.3327,18.046,55.415
33.3508,31.582,31.664
33.3824,17.717,56.443
33.4001,17.787,56.221
33.4179,19.38,51.601
33.4373,18.148,55.103
33.4554,16.681,59.949
33.4721,18.408,54.325
33.4905,16.134,61.98
33.5066,18.014,55.513
33.5246,19.759,50.611
33.5444,17.794,56.2
33.5622,18.335,54.54
33.5805,17.495,57.159
33.598,17.654,56.644
33.6157,18.839,53.08
33.6345,18.056,55.382
33.6526,20.89,47.869
33.6735,19.024,52.566
33.6925,18.284,54.693
33.7108,20.383,49.06
33.7312,17.473,57.23
33.7486,19.669,50.84
33.7683,17.498,57.148
33.7858,19.642,50.911
33.8054,18.357,54.475
33.8238,17.914,55.821
33.8417,18.905,52.897
33.8606,17.572,56.908
33.8782,17.68,56.56
33.8959,17.161,58.273
33.913,16.499,60.61
33.9295,17.895,55.882
33.9474,17.775,56.26
33.9652,18.566,53.861
33.9838,18.663,53.581
34.0024,18.271,54.731
34.0207,18.335,54.54
34.039,17.806,56.16
34.0568,18.391,54.375
34.0752,18.197,54.954
34.0934,46.61,21.455
34.14,18.124,55.176
34.1582,19.634,50.931
34.1778,18.137,55.136
34.1959,39.638,25.229
34.2356,18.17,55.037
34.2537,18.743,53.352
34.2725,17.993,55.578
34.2905,18.372,54.432
34.3088,19.304,51.802
34.3282,17.472,57.234
34.3456,17.648,56.665
34.3633,17.898,55.873
34.3812,18.525,53.981
34.3997,18.572,53.844
34.4183,18.518,54.0
34.4368,18.603,53.755
34.4554,19.573,51.09
34.475,16.898,59.18
34.4919,19.553,51.143
34.5114,17.938,55.746
34.5294,18.018,55.5
34.5474,19.177,52.145
34.5665,18.589,53.794
34.5851,18.535,53.952
34.6037,18.514,54.012
34.6222,18.351,54.494
34.6405,17.066,58.596
34.6576,17.335,57.687
34.6749,20.157,49.612
34.6951,18.045,55.417
34.7131,17.783,56.232
34.7309,18.288,54.68
34.7492,17.586,56.864
34.7668,18.751,53.33
34.7855,17.909,55.839
34.8035,19.314,51.776
34.8228,18.822,53.129
34.8416,16.339,61.203
34.8579,17.745,56.355
34.8757,19.186,52.122
34.8949,18.875,52.981
34.9137,18.898,52.915
34.9326,19.227,52.01
34.9519,18.784,53.238
34.9706,18.53,53.966
34.9892,19.271,51.893
35.0084,17.799,56.183
35.0262,18.42,54.289
35.0447,19.116,52.313
35.0638,17.877,55.937
35.0817,19.527,51.211
35.1012,18.587,53.802
35.1198,43.696,22.885
35.1635,18.912,52.876
35.1824,18.511,54.021
35.2009,16.795,59.54
35.2177,19.595,51.032
35.2373,19.16,52.192
35.2564,18.785,53.235
35.2752,19.448,51.419
35.2947,19.104,52.345
35.3138,18.293,54.664
35.3321,18.126,55.17
35.3502,17.581,56.879
35.3678,18.914,52.871
35.3867,18.962,52.738
35.4057,19.27,51.894
35.4249,17.356,57.618
35.4423,18.565,53.866
35.4608,18.61,53.736
35.4795,16.083,62.179
35.4955,18.691,53.5
35.5142,17.469,57.245
35.5317,17.103,58.47
35.5488,18.099,55.253
35.5669,19.032,52.542
35.5859,18.057,55.379
35.604,18.705,53.463
35.6227,18.498,54.06
35.6412,17.582,56.876
35.6588,20.185,49.543
35.679,19.827,50.435
35.6988,19.156,52.204
35.7179,18.538,53.944
35.7365,43.244,23.125
35.7797,18.737,53.369
35.7985,18.554,53.898
35.817,17.176,58.22
35.8342,19.291,51.837
35.8535,18.39,54.376
35.8719,48.686,20.54
35.9206,19.995,50.012
35.9406,17.732,56.395
35.9583,17.411,57.434
35.9757,19.217,52.036
35.9949,19.107,52.336
36.014,20.274,49.323
36.0343,16.917,59.111
36.0512,18.699,53.477
36.0699,18.446,54.212
36.0884,19.406,51.532
36.1078,19.021,52.574
36.1268,18.105,55.234
36.1449,19.487,51.315
36.1644,18.625,53.691
36.183,18.689,53.507
36.2017,19.148,52.225
36.2208,19.949,50.128
36.2408,18.667,53.571
36.2595,18.258,54.771
36.2777,52.33,19.109
36.33,17.161,58.273
36.3472,18.845,53.064
36.366,17.409,57.442
36.3835,20.647,48.433
36.4041,18.904,52.898
36.423,17.682,56.554
36.4407,17.397,57.482
36.4581,17.036,58.7
36.4751,16.488,60.649
36.4916,18.968,52.721
36.5106,19.239,51.977
36.5298,19.589,51.049
36.5494,17.84,56.053
36.5672,18.889,52.939
36.5861,19.204,52.073
36.6053,17.782,56.238
36.6231,26.24,38.109
36.6494,19.177,52.147
36.6685,18.642,53.642
36.6872,27.071,36.94
36.7143,18.962,52.737
36.7332,18.305,54.631
36.7515,19.024,52.566
36.7705,18.912,52.877
36.7895,18.926,52.836
36.8084,18.068,55.348
36.8264,34.693,28.824
36.8611,19.068,52.444
36.8802,18.011,55.522
36.8982,19.316,51.771
36.9175,44.063,22.695
36.9616,17.822,56.11
36.9794,18.968,52.721
36.9984,17.932,55.765
37.0163,18.994,52.648
37.0353,17.335,57.687
37.0527,18.478,54.118
37.0711,17.002,58.817
37.0881,17.731,56.399
37.1059,19.365,51.639
37.1252,17.677,56.569
37.1429,18.684,53.521
37.1616,17.726,56.414
37.1793,18.113,55.207
37.1974,18.869,52.998
37.2163,18.223,54.875
37.2345,19.296,51.823
37.2538,47.614,21.002
37.3014,18.047,55.411
37.3195,18.707,53.455
37.3382,17.74,56.37
37.3559,18.749,53.335
37.3747,17.618,56.759
37.3923,17.515,57.094
37.4098,18.364,54.455
37.4282,20.619,48.498
37.4488,18.164,55.054
37.467,20.089,49.777
37.487,28.083,35.608
37.5151,19.438,51.446
37.5346,17.254,57.957
37.5518,18.593,53.783
37.5704,19.581,51.069
37.59,19.135,52.26
37.6091,18.712,53.441
37.6278,19.716,50.719
37.6476,16.857,59.324
37.6644,19.18,52.137
37.6836,18.797,53.199
37.7024,17.764,56.292
37.7202,19.765,50.594
37.7399,18.84,53.077
37.7588,17.849,56.024
37.7766,18.831,53.103
37.7954,18.718,53.426
37.8142,17.222,58.064
37.8314,19.358,51.659
37.8507,18.686,53.517
37.8694,18.076,55.32
37.8875,18.4,54.347
37.9059,18.62,53.705
37.9245,19.507,51.262
37.944,19.387,51.581
37.9634,18.535,53.952
37.982,17.315,57.752
37.9993,16.823,59.442
38.0161,18.667,53.569
38.0348,17.914,55.823
38.0527,18.391,54.374
38.0711,17.807,56.158
38.0889,17.697,56.507
38.1066,18.065,55.355
38.1246,18.017,55.503
38.1426,18.761,53.303
38.1614,17.097,58.491
38.1785,19.889,50.278
38.1984,18.278,54.71
38.2167,18.191,54.971
38.2349,18.616,53.718
38.2535,18.119,55.19
38.2716,18.66,53.59
38.2903,19.439,51.442
38.3097,16.457,60.764
38.3262,16.732,59.765
38.3429,19.697,50.77
38.3626,17.664,56.613
38.3802,18.112,55.213
38.3984,18.455,54.184
38.4168,18.63,53.676
38.4354,18.72,53.419
38.4542,17.807,56.159
38.472,19.03,52.55
38.491,20.049,49.879
38.5111,17.494,57.161
38.5285,15.482,64.591
38.544,16.312,61.306
38.5603,17.79,56.21
38.5781,17.215,58.089
38.5953,19.52,51.229
38.6149,54.991,18.185
38.6699,18.345,54.51
38.6882,17.318,57.744
38.7055,18.791,53.216
38.7243,44.948,22.248
38.7693,19.02,52.576
38.7883,17.524,57.066
38.8058,18.493,54.075
38.8243,19.338,51.711
38.8436,17.795,56.197
38.8614,18.321,54.582
38.8797,18.363,54.457
38.8981,18.214,54.903
38.9163,18.168,55.042
38.9345,20.942,47.75
38.9554,19.137,52.255
38.9746,18.091,55.275
38.9927,17.323,57.725
39.01,16.819,59.456
39.0268,16.701,59.878
39.0435,18.671,53.559
39.0622,17.355,57.62
39.0795,18.987,52.667
39.0985,17.951,55.707
39.1165,19.264,51.91
39.1357,18.649,53.622
39.1544,18.98,52.687
39.1734,16.706,59.858
39.1901,18.611,53.733
39.2087,18.083,55.299
39.2268,16.889,59.211
39.2437,19.535,51.191
39.2632,17.259,57.941
39.2804,17.862,55.986
39.2983,18.947,52.78
39.3173,17.805,56.165
39.3351,18.44,54.229
39.3535,17.693,56.518
39.3712,19.271,51.891
39.3905,18.808,53.168
39.4093,17.053,58.639
39.4263,19.026,52.56
39.4454,32.902,30.393
39.4783,18.841,53.074
39.4971,17.577,56.893
39.5147,17.698,56.505
39.5324,18.255,54.78
39.5506,18.058,55.377
39.5687,17.066,58.597
39.5858,17.573,56.905
39.6033,19.067,52.446
39.6224,18.778,53.254
39.6412,17.217,58.081
39.6584,18.256,54.775
39.6766,19.353,51.67
39.696,18.708,53.453
39.7147,18.027,55.473
39.7327,19.752,50.628
39.7525,15.893,62.919
39.7684,18.006,55.538
39.7864,17.446,57.321
39.8038,18.116,55.2
39.8219,18.477,54.123
39.8404,18.612,53.728
39.859,16.225,61.633
39.8753,16.866,59.291
39.8921,18.168,55.042
39.9103,17.471,57.238
39.9278,17.176,58.222
39.9449,18.592,53.787
39.9635,18.051,55.399
39.9816,18.878,52.972
40.0005,17.481,57.205
40.0179,17.639,56.694
40.0356,19.573,51.091
40.0551,18.969,52.716
40.0741,51.902,19.267
40.126,18.124,55.177
40.1441,17.797,56.19
40.1619,17.451,57.304
40.1794,16.041,62.342
40.1954,16.751,59.696
40.2122,18.04,55.434
40.2302,18.91,52.883
40.2491,17.054,58.639
40.2662,18.731,53.387
40.2849,17.091,58.511
40.302,19.948,50.131
40.322,17.503,57.133
40.3395,17.512,57.105
40.357,18.346,54.508
40.3753,17.178,58.215
40.3925,17.366,57.582
40.4099,17.498,57.15
40.4274,18.692,53.499
40.4461,18.11,55.217
40.4642,17.91,55.835
40.4821,17.546,56.991
40.4996,17.847,56.031
40.5175,17.822,56.111
40.5353,18.81,53.163
40.5541,17.355,57.619
40.5715,18.233,54.846
40.5897,17.835,56.07
40.6075,18.072,55.333
40.6256,18.933,52.819
40.6445,19.174,52.155
40.6637,17.271,57.9
40.681,17.095,58.496
40.6981,18.115,55.204
40.7162,17.754,56.324
40.7339,18.569,53.854
40.7525,19.443,51.432
40.7719,17.288,57.845
40.7892,36.828,27.154
40.8261,17.631,56.718
40.8437,17.984,55.606
40.8617,17.764,56.295
40.8794,17.64,56.69
40.8971,19.285,51.853
40.9164,17.19,58.174
40.9336,16.887,59.217
40.9504,39.48,25.329
40.9899,17.601,56.815
41.0075,17.149,58.311
41.0247,17.961,55.675
41.0426,16.852,59.342
41.0595,17.705,56.482
41.0772,18.219,54.889
41.0954,17.433,57.362
41.1128,17.136,58.355
41.13,17.28,57.871
41.1473,17.955,55.694
41.1652,16.366,61.103
41.1816,17.823,56.109
41.1994,17.113,58.434
41.2165,18.389,54.38
41.2349,49.672,20.132
41.2846,16.806,59.502
41.3014,18.695,53.49
41.3201,15.874,62.997
41.336,17.385,57.522
41.3533,16.207,61.7
41.3695,19.035,52.535
41.3886,28.176,35.491
41.4168,18.248,54.8
41.435,16.146,61.935
41.4511,17.939,55.743
41.4691,17.037,58.694
41.4861,17.453,57.297
41.5036,18.708,53.452
41.5223,19.304,51.803
41.5416,18.51,54.025
41.5601,16.439,60.83
41.5765,17.243,57.995
41.5938,16.594,60.263
41.6104,17.374,57.558
41.6278,17.294,57.822
41.645,31.854,31.393
41.6769,50.592,19.766
41.7275,16.027,62.394
41.7435,16.793,59.549
41.7603,51.705,19.341
41.812,18.02,55.494
41.83,15.54,64.35
41.8456,17.816,56.13
41.8634,15.989,62.542
41.8794,18.56,53.878
41.8979,15.263,65.518
41.9132,17.978,55.624
41.9312,16.812,59.481
41.948,17.386,57.519
41.9654,16.619,60.171
41.982,16.791,59.556
41.9988,16.066,62.242
42.0149,18.531,53.964
42.0334,17.655,56.64
42.051,17.625,56.739
42.0687,41.31,24.207
42.11,16.652,60.054
42.1266,17.773,56.266
42.1444,15.704,63.677
42.1601,16.703,59.871
42.1768,17.016,58.769
42.1938,16.405,60.956
42.2102,16.072,62.219
42.2263,17.442,57.331
42.2437,17.426,57.385
42.2612,15.953,62.685
42.2771,17.707,56.474
42.2948,15.839,63.136
42.3107,17.399,57.473
42.3281,16.018,62.432
42.3441,18.422,54.282
42.3625,17.639,56.692
42.3801,17.781,56.24
42.3979,17.653,56.648
42.4156,17.906,55.848
42.4335,17.927,55.783
42.4514,17.099,58.482
42.4685,16.667,59.999
42.4852,17.143,58.333
42.5023,18.147,55.105
42.5205,17.385,57.52
42.5379,16.664,60.011
42.5545,18.361,54.464
42.5729,17.076,58.56
42.59,17.311,57.768
42.6073,16.202,61.721
42.6235,17.524,57.066
42.641,19.041,52.517
42.66,16.12,62.034
42.6762,15.698,63.702
42.6919,16.426,60.878
42.7083,17.843,56.044
42.7261,15.872,63.003
42.742,16.11,62.074
42.7581,18.355,54.482
42.7765,17.061,58.615
42.7935,17.093,58.502
42.8106,17.154,58.296
42.8278,17.502,57.137
42.8453,54.801,18.248
42.9001,16.872,59.271
42.9169,26.153,38.236
42.9431,16.15,61.921
42.9592,17.861,55.987
42.9771,17.225,58.057
42.9943,15.749,63.496
43.0101,18.056,55.384
43.0281,18.005,55.54
43.0461,52.929,18.893
43.0991,14.509,68.923
43.1136,18.816,53.148
43.1324,16.929,59.07
43.1493,16.317,61.287
43.1656,17.006,58.803
43.1826,17.114,58.431
43.1998,16.904,59.159
43.2167,15.818,63.22
43.2325,16.338,61.208
43.2488,17.325,57.722
43.2661,15.621,64.016
43.2818,18.936,52.81
43.3007,16.22,61.653
43.3169,16.45,60.789
43.3334,16.354,61.147
43.3497,15.943,62.723
43.3657,16.559,60.391
43.3822,17.074,58.569
43.3993,16.81,59.487
43.4161,17.467,57.249
43.4336,17.489,57.178
43.4511,16.55,60.423
43.4676,17.516,57.091
43.4851,16.089,62.156
43.5012,18.127,55.166
43.5193,16.782,59.588
43.5361,15.2,65.788
43.5513,16.958,58.97
43.5683,17.283,57.86
43.5856,16.361,61.12
43.6019,16.114,62.058
43.618,17.915,55.818
43.636,17.396,57.484
43.6534,15.204,65.77
43.6686,17.256,57.951
43.6858,15.988,62.547
43.7018,17.558,56.954
43.7194,17.002,58.815
43.7364,16.683,59.942
43.753,16.395,60.993
43.7694,15.692,63.728
43.7851,14.936,66.952
43.8001,16.008,62.467
43.8161,17.412,57.432
43.8335,16.062,62.258
43.8496,17.252,57.963
43.8668,16.745,59.721
43.8836,16.176,61.82
43.8997,17.417,57.414
43.9171,16.92,59.101
43.9341,17.969,55.651
43.952,16.522,60.526
43.9686,15.788,63.339
43.9843,14.784,67.642
43.9991,16.205,61.71
44.0153,37.662,26.552
44.053,16.92,59.102
44.0699,15.883,62.962
44.0858,15.437,64.781
44.1012,15.208,65.755
44.1164,17.079,58.551
44.1335,15.77,63.413
44.1493,15.94,62.734
44.1652,16.474,60.701
44.1817,17.106,58.458
44.1988,15.253,65.559
44.2141,18.343,54.518
44.2324,17.313,57.759
44.2497,15.72,63.614
44.2654,16.077,62.2
44.2815,25.137,39.783
44.3067,16.786,59.572
44.3234,14.592,68.531
44.338,17.43,57.373
44.3555,14.568,68.645
44.37,47.545,21.033
44.4176,16.075,62.207
44.4337,15.912,62.845
44.4496,17.479,57.213
44.467,15.602,64.096
44.4826,15.869,63.017
44.4985,17.12,58.411
44.5156,17.464,57.26
44.5331,16.539,60.464
44.5496,16.475,60.698
44.5661,14.573,68.621
44.5807,16.074,62.212
44.5968,26.372,37.919
44.6231,16.342,61.193
44.6395,15.471,64.638
44.6549,16.211,61.686
44.6712,16.941,59.027
44.6881,16.315,61.292
44.7044,52.243,19.141
44.7567,17.139,58.346
44.7738,17.585,56.868
44.7914,15.118,66.145
44.8065,15.597,64.114
44.8221,16.808,59.497
44.8389,42.038,23.788
44.8809,17.163,58.264
44.8981,16.104,62.095
44.9142,15.621,64.015
44.9298,16.89,59.208
44.9467,17.345,57.654
44.9641,16.57,60.35
44.9806,15.509,64.48
44.9961,16.393,61.001
45.0125,16.201,61.723
45.0287,16.8,59.525
45.0455,15.823,63.2
45.0614,15.422,64.84
45.0768,16.158,61.89
45.0929,17.59,56.85
45.1105,15.374,65.044
45.1259,14.088,70.983
45.14,16.873,59.267
45.1569,17.636,56.701
45.1745,16.262,61.494
45.1908,16.239,61.579
45.207,15.24,65.615
45.2222,17.299,57.808
45.2395,17.161,58.272
45.2567,18.435,54.245
45.2751,17.777,56.252
45.2929,15.493,64.545
45.3084,15.515,64.454
45.3239,16.559,60.391
45.3405,16.671,59.986
45.3571,15.537,64.362
45.3727,15.882,62.965
45.3886,16.252,61.532
45.4048,14.629,68.357
45.4194,15.159,65.966
45.4346,17.012,58.781
45.4516,15.858,63.061
45.4675,15.923,62.8
45.4834,15.457,64.695
45.4989,15.312,65.309
45.5142,15.823,63.198
45.53,15.731,63.567
45.5457,15.79,63.33
45.5615,15.225,65.681
45.5767,14.96,66.843
45.5917,16.688,59.924
45.6084,14.4,69.446
45.6228,14.719,67.938
45.6375,16.912,59.131
45.6544,18.205,54.93
45.6726,16.07,62.228
45.6887,17.557,56.958
45.7063,16.604,60.226
45.7229,15.848,63.098
45.7387,17.417,57.414
45.7561,17.23,58.037
45.7734,16.402,60.966
45.7898,17.189,58.178
45.8069,16.478,60.685
45.8234,14.151,70.664
45.8376,16.064,62.249
45.8536,15.155,65.987
45.8688,14.864,67.276
45.8837,16.294,61.371
45.8999,15.79,63.332
45.9157,16.726,59.786
45.9325,15.562,64.26
45.948,17.484,57.194
45.9655,16.488,60.65
45.982,15.637,63.952
45.9976,16.911,59.133
46.0145,16.409,60.942
46.031,16.863,59.3
46.0478,16.509,60.575
46.0643,18.089,55.283
46.0824,15.115,66.157
46.0975,15.133,66.079
46.1127,16.634,60.119
46.1293,16.41,60.937
46.1457,16.318,61.283
46.162,15.081,66.308
46.1771,16.363,61.115
46.1935,14.236,70.247
46.2077,14.4,69.447
46.2221,16.106,62.088
46.2382,15.672,63.807
46.2539,35.719,27.996
46.2896,16.363,61.114
46.306,15.164,65.944
46.3211,16.147,61.931
46.3373,17.04,58.686
46.3543,15.752,63.485
46.3701,14.964,66.826
46.385,16.546,60.437
46.4016,17.145,58.328
46.4187,17.073,58.571
46.4358,16.344,61.186
46.4521,16.135,61.976
46.4683,16.521,60.527
46.4848,13.913,71.875
46.4987,16.785,59.576
46.5155,15.491,64.552
46.531,16.987,58.869
46.548,15.194,65.815
46.5632,16.378,61.057
46.5795,15.976,62.592
46.5955,15.764,63.435
46.6113,14.753,67.785
46.626,16.664,60.009
46.6427,28.222,35.434
46.6709,15.453,64.714
46.6864,15.329,65.236
46.7017,16.569,60.352
46.7183,16.227,61.625
46.7345,16.653,60.048
46.7512,39.366,25.403
46.7905,16.128,62.004
46.8067,16.632,60.127
46.8233,15.346,65.164
46.8386,14.871,67.245
46.8535,15.716,63.63
46.8692,15.853,63.078
46.8851,15.206,65.765
46.9003,16.588,60.284
46.9169,16.469,60.719
46.9333,15.947,62.708
46.9493,18.282,54.699
46.9676,17.247,57.982
46.9848,16.574,60.334
47.0014,15.029,66.54
47.0164,13.794,72.498
47.0302,15.07,66.358
47.0453,16.119,62.039
47.0614,14.978,66.765
47.0764,14.948,66.898
47.0913,15.205,65.766
47.1065,17.074,58.568
47.1236,15.698,63.704
47.1393,16.014,62.447
47.1553,17.229,58.041
47.1725,16.805,59.506
47.1893,14.501,68.96
47.2038,16.899,59.174
47.2207,14.792,67.603
47.2355,16.17,61.841
47.2517,15.339,65.194
47.267,16.357,61.136
47.2834,16.203,61.715
47.2996,16.497,60.617
47.3161,16.867,59.289
47.333,15.38,65.021
47.3484,15.673,63.803
47.364,16.034,62.367
47.3801,17.231,58.035
47.3973,15.886,62.95
47.4132,16.374,61.072
47.4295,16.308,61.318
47.4459,17.251,57.969
47.4631,17.401,57.466
47.4805,16.442,60.82
47.497,16.573,60.338
47.5135,15.672,63.807
47.5292,17.382,57.531
47.5466,14.745,67.82
47.5613,16.23,61.612
47.5776,15.453,64.712
47.593,15.207,65.759
47.6082,15.663,63.844
47.6239,15.131,66.09
47.639,16.037,62.354
47.655,16.556,60.401
47.6716,16.318,61.282
47.6879,15.564,64.25
47.7035,17.228,58.045
47.7207,16.493,60.633
47.7372,15.064,66.382
47.7523,16.367,61.099
47.7686,16.29,61.387
47.7849,15.84,63.131
47.8008,15.803,63.28
47.8166,16.179,61.808
47.8327,16.894,59.191
47.8496,16.167,61.854
47.8658,16.736,59.752
47.8825,16.549,60.426
47.8991,16.784,59.579
47.9159,15.084,66.298
47.931,17.404,57.459
47.9484,15.792,63.322
47.9642,15.534,64.375
47.9797,14.734,67.873
47.9944,16.056,62.281
48.0105,16.444,60.812
48.0269,17.943,55.733
48.0449,15.609,64.064
48.0605,14.499,68.968
48.075,14.692,68.064
48.0897,16.71,59.846
48.1064,15.969,62.623
48.1223,14.968,66.809
48.1373,14.536,68.792
48.1519,49.104,20.365
48.201,14.883,67.192
48.2158,16.54,60.459
48.2324,16.625,60.152
48.249,14.132,70.763
48.2631,16.459,60.756
48.2796,15.456,64.7
48.2951,17.008,58.797
48.3121,15.677,63.789
48.3277,15.579,64.188
48.3433,15.527,64.402
48.3588,16.031,62.379
48.3749,15.931,62.77
48.3908,16.822,59.447
48.4076,16.483,60.667
48.4241,15.256,65.549
48.4394,17.355,57.62
48.4567,16.469,60.719
48.4732,15.676,63.793
48.4889,55.823,17.914
48.5447,15.937,62.746
48.5606,16.289,61.392
48.5769,16.052,62.299
48.593,17.129,58.381
48.6101,16.573,60.338
48.6267,16.066,62.245
48.6427,17.919,55.806
48.6607,43.929,22.764
48.7046,15.842,63.125
48.7204,16.47,60.715
48.7369,17.035,58.704
48.7539,16.597,60.25
48.7705,13.262,75.402
48.7838,16.208,61.697
48.8,15.778,63.378
48.8158,17.05,58.65
48.8328,17.656,56.639
48.8505,15.38,65.02
48.8659,15.663,63.845
48.8815,17.646,56.671
48.8992,18.577,53.829
48.9177,17.572,56.907
48.9353,17.058,58.624
48.9524,14.798,67.577
48.9672,14.883,67.19
48.9821,17.466,57.253
48.9995,17.166,58.253
49.0167,35.919,27.84
49.0526,37.264,26.836
49.0899,16.77,59.631
49.1066,18.394,54.366
49.125,16.981,58.888
49.142,16.039,62.349
49.1581,15.346,65.162
49.1734,15.985,62.557
49.1894,17.336,57.685
49.2067,15.597,64.115
49.2223,16.209,61.694
49.2385,15.187,65.845
49.2537,15.154,65.988
49.2689,15.274,65.469
49.2841,16.432,60.855
49.3006,14.612,68.437
49.3152,15.533,64.381
49.3307,15.63,63.982
49.3464,14.741,67.838
49.3611,16.705,59.861
49.3778,15.071,66.352
49.3929,15.497,64.528
49.4084,17.307,57.781
49.4257,14.377,69.558
49.4401,34.125,29.304
49.4742,15.001,66.663
49.4892,16.825,59.435
49.506,16.38,61.048
49.5224,16.061,62.264
49.5384,16.227,61.627
49.5547,16.626,60.148
49.5713,16.124,62.018
49.5874,17.42,57.405
49.6048,16.209,61.694
49.621,17.269,57.908
49.6383,15.093,66.256
49.6534,16.399,60.981
49.6698,16.369,61.091
49.6862,16.045,62.325
49.7022,16.851,59.345
49.7191,16.358,61.131
49.7354,14.182,70.513
49.7496,16.351,61.158
49.766,17.313,57.76
49.7833,16.75,59.703
49.8,15.981,62.574
49.816,16.359,61.129
49.8324,16.12,62.034
49.8485,15.663,63.846
49.8642,16.87,59.276
49.881,15.383,65.007
49.8964,16.125,62.017
49.9125,17.426,57.386
49.93,18.715,53.434
49.9487,16.323,61.264
49.965,16.903,59.161
49.9819,15.209,65.748
49.9971,16.465,60.733
50.0136,16.053,62.294
50.0296,16.177,61.814
50.0458,16.292,61.378
50.0621,15.066,66.376
50.0772,18.44,54.229
50.0956,16.588,60.283
50.1122,15.813,63.24
50.128,15.933,62.761
50.1439,15.999,62.504
50.1599,16.3,61.35
50.1762,17.297,57.812
50.1935,14.857,67.31
50.2084,16.156,61.896
50.2245,16.531,60.493
50.2411,14.38,69.54
50.2555,15.857,63.064
50.2713,15.763,63.441
50.2871,16.137,61.97
50.3032,16.799,59.527
50.32,16.345,61.18
50.3364,16.324,61.26
50.3527,50.172,19.932
50.4028,17.435,57.356
50.4203,17.739,56.373
50.438,16.189,61.77
50.4542,15.961,62.653
50.4702,17.641,56.687
50.4878,15.206,65.764
50.503,16.283,61.414
50.5193,16.343,61.189
50.5356,17.321,57.734
50.553,17.257,57.946
50.5702,16.707,59.854
50.5869,16.699,59.884
50.6036,17.578,56.89
50.6212,16.02,62.422
50.6372,16.72,59.809
50.6539,16.819,59.457
50.6708,15.78,63.372
50.6865,15.099,66.227
50.7016,14.636,68.326
50.7163,16.483,60.667
50.7328,16.536,60.473
50.7493,18.036,55.445
50.7673,17.258,57.945
50.7846,17.153,58.3
50.8017,17.209,58.109
50.819,17.194,58.159
50.8362,17.203,58.13
50.8534,15.717,63.623
50.8691,16.937,59.043
50.886,16.613,60.194
50.9026,17.639,56.694
50.9203,17.062,58.61
50.9373,14.608,68.455
50.9519,16.835,59.399
50.9688,15.81,63.249
50.9846,16.145,61.941
51.0007,16.424,60.887
51.0171,15.647,63.912
51.0328,17.113,58.434
51.0499,17.551,56.976
51.0675,15.672,63.808
51.0831,16.065,62.246
51.0992,16.072,62.219
51.1153,14.277,70.044
51.1295,16.282,61.418
51.1458,18.52,53.996
51.1643,15.669,63.822
51.18,16.341,61.196
51.1964,16.527,60.505
51.2129,17.236,58.017
51.2301,16.386,61.026
51.2465,17.826,56.099
51.2643,15.335,65.21
51.2797,16.439,60.831
51.2961,17.131,58.373
51.3132,16.41,60.94
51.3296,17.635,56.706
51.3473,15.668,63.822
51.3629,16.84,59.382
51.3798,16.654,60.047
51.3964,16.908,59.143
51.4133,16.797,59.536
51.4301,18.624,53.696
51.4488,16.952,58.989
51.4657,15.817,63.225
51.4815,17.652,56.651
51.4992,17.19,58.173
51.5164,15.475,64.62
51.5319,16.36,61.126
51.5482,18.283,54.695
51.5665,16.336,61.215
51.5828,17.983,55.609
51.6008,17.227,58.049
51.618,16.453,60.78
51.6345,16.024,62.408
51.6505,16.735,59.756
51.6673,17.841,56.05
51.6851,16.519,60.537
51.7016,16.207,61.702
51.7178,17.618,56.76
51.7354,15.881,62.969
51.7513,18.185,54.992
51.7695,16.015,62.442
51.7855,16.988,58.864
51.8025,17.873,55.949
51.8204,17.251,57.969
51.8376,17.341,57.666
51.855,17.472,57.235
51.8724,17.84,56.053
51.8903,18.028,55.468
51.9083,16.766,59.646
51.9251,16.212,61.684
51.9413,16.363,61.115
51.9577,16.949,59.002
51.9746,57.627,17.353
52.0322,16.925,59.083
52.0492,15.867,63.023
52.065,16.12,62.034
52.0811,18.137,55.135
52.0993,16.259,61.505
52.1155,17.592,56.845
52.1331,16.893,59.197
52.15,39.104,25.573
52.1891,16.671,59.984
52.2058,18.049,55.404
52.2238,18.834,53.094
52.2427,17.489,57.177
52.2602,16.83,59.416
52.277,16.531,60.491
52.2935,17.294,57.823
52.3108,16.046,62.321
52.3269,17.52,57.078
52.3444,17.112,58.438
52.3615,17.372,57.564
52.3789,17.427,57.382
52.3963,16.752,59.693
52.4131,49.139,20.351
52.4622,45.442,22.006
52.5076,17.442,57.332
52.5251,15.308,65.324
52.5404,17.631,56.719
52.558,16.545,60.44
52.5746,17.319,57.739
52.5919,18.355,54.482
52.6102,17.084,58.535
52.6273,17.417,57.415
52.6447,16.339,61.203
52.6611,27.079,36.928
52.6882,19.288,51.845
52.7074,16.251,61.536
52.7237,16.343,61.189
52.74,17.608,56.793
52.7576,16.581,60.312
52.7742,18.971,52.713
52.7932,15.755,63.47
52.809,15.205,65.767
52.8242,17.627,56.732
52.8418,16.665,60.005
52.8585,17.239,58.008
52.8757,18.059,55.375
52.8937,17.204,58.128
52.911,16.527,60.505
52.9275,17.897,55.874
52.9454,16.573,60.34
52.9619,17.244,57.99
52.9792,19.245,51.96
52.9984,38.036,26.291
53.0365,16.597,60.251
53.0531,17.837,56.065
53.0709,18.391,54.374
53.0893,17.232,58.033
53.1065,18.417,54.299
53.1249,16.659,60.027
53.1416,17.842,56.048
53.1595,16.828,59.424
53.1763,34.878,28.672
53.2112,53.458,18.706
53.2646,17.303,57.793
53.2819,16.933,59.055
53.2989,16.335,61.219
53.3152,16.277,61.435
53.3315,17.048,58.659
53.3485,17.579,56.886
53.3661,16.467,60.728
53.3826,17.632,56.714
53.4002,17.374,57.558
53.4176,18.146,55.109
53.4357,18.366,54.448
53.4541,17.619,56.757
53.4717,16.874,59.262
53.4886,17.978,55.623
53.5065,17.504,57.129
53.5241,17.516,57.091
53.5416,18.793,53.211
53.5604,16.64,60.095
53.577,17.281,57.867
53.5943,17.468,57.247
53.6117,17.169,58.244
53.6289,16.46,60.753
53.6454,16.901,59.169
53.6623,16.319,61.28
53.6786,19.201,52.082
53.6978,17.349,57.641
53.7151,16.121,62.032
53.7313,18.629,53.679
53.7499,19.198,52.09
53.7691,17.194,58.159
53.7863,17.572,56.908
53.8039,19.173,52.157
53.823,15.451,64.722
53.8385,18.555,53.893
53.857,18.794,53.207
53.8758,16.81,59.487
53.8926,17.577,56.893
53.9102,18.598,53.769
53.9288,17.088,58.521
53.9459,17.546,56.992
53.9635,17.251,57.968
53.9807,16.152,61.914
53.9969,17.966,55.662
54.0148,36.749,27.211
54.0516,16.986,58.872
54.0686,18.212,54.908
54.0868,15.475,64.62
54.1022,17.09,58.512
54.1193,16.085,62.171
54.1354,17.811,56.145
54.1532,18.8,53.191
54.172,17.061,58.613
54.1891,18.536,53.949
54.2076,17.478,57.214
54.2251,17.183,58.197
54.2423,17.567,56.924
54.2599,17.113,58.436
54.277,17.681,56.559
54.2946,17.228,58.046
54.3119,17.351,57.632
54.3292,19.251,51.945
54.3485,39.967,25.021
54.3884,18.091,55.277
54.4065,18.071,55.338
54.4246,17.921,55.799
54.4425,16.51,60.569
54.459,18.094,55.266
54.4771,18.71,53.447
54.4958,17.616,56.766
54.5135,55.897,17.89
54.5694,18.362,54.461
54.5877,18.592,53.787
54.6063,16.724,59.793
54.623,17.343,57.659
54.6404,16.925,59.086
54.6573,18.566,53.861
54.6759,18.935,52.811
54.6948,32.635,30.642
54.7274,17.597,56.827
54.745,18.517,54.006
54.7636,17.808,56.153
54.7814,17.38,57.536
54.7987,16.473,60.704
54.8152,17.339,57.674
54.8326,16.783,59.585
54.8493,17.053,58.642
54.8664,17.948,55.717
54.8843,18.628,53.684
54.903,16.659,60.029
54.9196,16.49,60.642
54.9361,18.739,53.366
54.9549,18.437,54.238
54.9733,16.679,59.954
54.99,17.437,57.35
55.0074,16.268,61.47
55.0237,17.481,57.205
55.0412,15.727,63.586
55.0569,16.878,59.248
55.0738,17.263,57.929
55.091,17.861,55.989
55.1089,16.792,59.554
55.1257,18.184,54.995
55.1439,16.451,60.786
55.1603,16.548,60.429
55.1769,15.677,63.79
55.1925,16.691,59.913
55.2092,18.586,53.805
55.2278,18.1,55.248
55.2459,18.08,55.311
55.264,17.762,56.301
55.2818,17.167,58.253
55.2989,16.895,59.189
55.3158,18.405,54.334
55.3342,16.072,62.219
55.3503,17.23,58.04
55.3675,17.089,58.516
55.3846,16.486,60.658
55.4011,16.645,60.077
55.4177,18.577,53.829
55.4363,18.797,53.2
55.4551,17.079,58.55
55.4722,17.338,57.677
55.4895,15.911,62.849
55.5054,17.55,56.979
55.523,17.153,58.297
55.5401,18.206,54.926
55.5584,16.631,60.129
55.575,18.268,54.739
55.5933,17.533,57.035
55.6108,16.545,60.442
55.6273,17.894,55.884
55.6452,18.681,53.531
55.6639,16.497,60.618
55.6804,17.852,56.017
55.6983,17.252,57.963
55.7155,19.096,52.368
55.7346,17.194,58.161
55.7518,18.88,52.967
55.7707,17.815,56.131
55.7885,17.077,58.557
55.8056,17.027,58.729
55.8226,18.633,53.667
55.8412,18.072,55.335
55.8593,16.09,62.149
55.8754,17.561,56.944
55.893,16.758,59.673
55.9097,17.964,55.666
55.9277,17.443,57.328
55.9451,16.353,61.152
55.9615,16.369,61.092
55.9778,18.293,54.666
55.9961,17.095,58.496
56.0132,16.941,59.03
56.0302,19.286,51.851
56.0495,17.587,56.86
56.067,17.902,55.861
56.0849,30.331,32.97
56.1153,17.352,57.63
56.1326,19.108,52.334
56.1517,16.132,61.987
56.1679,15.44,64.766
56.1833,16.127,62.009
56.1994,18.608,53.741
56.218,16.974,58.913
56.235,19.059,52.47
56.2541,17.851,56.02
56.2719,17.182,58.201
56.2891,20.016,49.961
56.3091,17.818,56.124
56.3269,17.356,57.615
56.3443,18.221,54.883
56.3625,17.699,56.501
56.3802,18.496,54.066
56.3987,17.367,57.581
56.4161,15.39,64.979
56.4315,18.561,53.875
56.45,17.821,56.112
56.4679,18.048,55.408
56.4859,17.389,57.508
56.5033,18.221,54.881
56.5215,15.848,63.101
56.5374,17.277,57.881
56.5546,16.699,59.883
56.5713,18.411,54.314
56.5897,18.196,54.958
56.6079,19.041,52.519
56.627,17.188,58.179
56.6442,17.078,58.556
56.6612,16.843,59.373
56.6781,17.022,58.747
56.6951,18.964,52.731
56.7141,16.417,60.911
56.7305,19.028,52.553
56.7495,17.239,58.009
56.7668,17.54,57.011
56.7843,17.323,57.727
56.8016,16.425,60.884
56.818,18.253,54.784
56.8363,16.643,60.087
56.8529,16.157,61.894
56.8691,19.649,50.892
56.8888,17.068,58.59
56.9058,18.226,54.866
56.924,20.019,49.953
56.9441,15.74,63.534
56.9598,18.559,53.882
56.9784,16.632,60.126
56.995,16.856,59.325
57.0119,18.814,53.153
57.0307,18.334,54.545
57.049,16.8,59.525
57.0658,16.665,60.006
57.0825,17.281,57.866
57.0997,47.869,20.89
57.1476,18.745,53.347
57.1664,17.048,58.658
57.1834,18.483,54.104
57.2019,17.82,56.117
57.2197,19.396,51.557
57.2391,18.023,55.484
57.2571,18.673,53.554
57.2758,15.793,63.318
57.2916,18.185,54.99
57.3098,17.379,57.54
57.3272,17.265,57.921
57.3444,16.665,60.006
57.3611,18.196,54.959
57.3793,17.702,56.49
57.397,17.106,58.459
57.4141,18.032,55.458
57.4321,16.975,58.909
57.4491,16.373,61.078
57.4655,16.992,58.853
57.4825,17.197,58.15
57.4997,17.405,57.453
57.5171,17.565,56.932
57.5346,16.74,59.738
57.5514,19.359,51.654
57.5707,16.514,60.553
57.5872,26.942,37.117
57.6142,17.684,56.548
57.6319,17.474,57.229
57.6493,17.503,57.133
57.6668,15.525,64.412
57.6824,16.699,59.886
57.6991,17.489,57.18
57.7166,18.211,54.911
57.7348,18.137,55.137
57.7529,16.537,60.472
57.7694,18.598,53.769
57.788,16.241,61.572
57.8043,17.694,56.516
57.822,17.638,56.697
57.8396,17.326,57.716
57.8569,17.789,56.213
57.8747,17.043,58.676
57.8918,18.086,55.292
57.9099,37.479,26.682
57.9473,15.244,65.598
57.9626,17.836,56.068
57.9804,16.04,62.344
57.9965,17.635,56.707
58.0141,16.027,62.395
58.0301,16.478,60.686
58.0466,17.707,56.476
58.0643,18.03,55.463
58.0823,17.289,57.842
58.0996,18.251,54.793
58.1179,17.932,55.767
58.1358,17.915,55.82
58.1537,16.651,60.058
58.1704,17.35,57.638
58.1877,17.538,57.019
58.2053,18.674,53.55
58.2239,17.769,56.278
58.2417,18.728,53.395
58.2604,16.441,60.825
58.2769,16.557,60.396
58.2934,18.53,53.968
58.312,17.584,56.869
58.3295,17.946,55.721
58.3475,19.127,52.283
58.3666,16.864,59.298
58.3835,17.514,57.099
58.401,16.65,60.06
58.4176,17.503,57.133
58.4351,17.109,58.45
58.4523,18.338,54.532
58.4706,18.025,55.479
58.4886,17.033,58.71
58.5056,17.119,58.416
58.5228,17.188,58.18
58.54,18.81,53.163
58.5588,18.15,55.095
58.5769,16.47,60.715
58.5934,17.693,56.52
58.6111,19.159,52.195
58.6302,17.352,57.629
58.6476,17.681,56.557
58.6653,16.099,62.117
58.6814,16.312,61.305
58.6977,16.958,58.97
58.7146,16.628,60.138
58.7313,16.836,59.398
58.7481,16.266,61.478
58.7644,16.96,58.962
58.7813,18.052,55.395
58.7994,17.827,56.095
58.8172,16.971,58.923
58.8342,54.018,18.512
58.8882,15.999,62.504
58.9042,16.537,60.469
58.9207,16.796,59.538
58.9375,17.759,56.308
58.9553,16.995,58.841
58.9723,18.116,55.2
58.9904,18.965,52.727
59.0094,18.506,54.037
59.0279,16.304,61.333
59.0442,17.306,57.785
59.0615,27.342,36.573
59.0888,17.263,57.928
59.1061,16.958,58.969
59.123,16.989,58.86
59.14,19.414,51.51
59.1594,16.643,60.086
59.1761,18.09,55.28
59.1942,17.281,57.868
59.2115,16.637,60.106
59.2281,15.502,64.506
59.2436,17.612,56.779
59.2612,18.195,54.96
59.2794,17.447,57.317
59.2969,18.707,53.457
59.3156,17.202,58.134
59.3328,17.955,55.693
59.3507,16.492,60.634
59.3672,15.55,64.308
59.3828,16.169,61.848
59.3989,16.132,61.99
59.4151,16.725,59.792
59.4318,17.256,57.952
59.449,17.416,57.42
59.4665,40.091,24.943
59.5066,17.151,58.306
59.5237,17.77,56.276
59.5415,18.251,54.791
59.5597,17.453,57.296
59.5772,17.546,56.994
59.5947,29.869,33.48
59.6246,17.179,58.21
59.6418,16.052,62.296
59.6578,16.322,61.266
59.6741,17.298,57.81
59.6914,15.463,64.67
59.7069,17.298,57.811
59.7242,16.02,62.422
59.7402,17.497,57.154
59.7577,17.122,58.406
59.7748,17.823,56.106
59.7927,15.471,64.636
59.8081,17.507,57.121
59.8256,17.98,55.616
59.8436,17.638,56.696
59.8613,17.691,56.527
59.879,18.582,53.814
59.8975,18.617,53.714
59.9162,17.601,56.815
59.9338,16.459,60.757
59.9502,15.825,63.191
59.966,17.629,56.725
59.9837,16.997,58.835
60.0007,17.799,56.184
60.0185,18.871,52.991
60.0373,16.968,58.933
60.0543,16.345,61.182
60.0706,15.95,62.696
60.0866,16.785,59.575
60.1034,15.582,64.178
60.119,49.915,20.034
60.1689,15.845,63.113
60.1847,15.768,63.419
60.2005,18.091,55.276
60.2186,18.345,54.511
60.2369,16.802,59.517
60.2537,16.151,61.915
60.2699,16.934,59.052
60.2868,18.286,54.686
60.3051,17.127,58.389
60.3222,17.189,58.175
60.3394,17.482,57.2
60.3569,16.361,61.121
60.3733,16.925,59.084
60.3902,15.463,64.672
60.4056,17.415,57.422
60.4231,15.581,64.181
60.4386,16.703,59.871
60.4553,42.037,23.788
60.4974,17.476,57.223
60.5149,15.02,66.576
60.5299,16.854,59.335
60.5467,39.317,25.434
60.586,16.518,60.54
60.6026,17.618,56.762
60.6202,16.591,60.273
60.6368,15.282,65.435
60.6521,16.606,60.22
60.6687,17.263,57.928
60.6859,17.871,55.957
60.7038,16.584,60.3
60.7204,16.296,61.364
60.7367,17.776,56.255
60.7545,15.652,63.889
60.7701,17.151,58.304
60.7873,15.99,62.539
60.8032,17.149,58.313
60.8204,17.922,55.797
60.8383,17.09,58.514
60.8554,17.783,56.235
60.8732,15.916,62.831
60.8891,17.349,57.64
60.9065,16.493,60.632
60.9229,16.346,61.175
60.9393,49.334,20.27
60.9886,17.297,57.812
61.0059,17.599,56.82
61.0235,33.066,30.243
61.0566,15.25,65.576
61.0718,30.143,33.175
61.102,15.623,64.009
61.1176,15.213,65.734
61.1328,16.502,60.599
61.1493,16.11,62.071
61.1654,15.971,62.614
61.1814,16.744,59.722
61.1981,15.993,62.527
61.2141,15.85,63.091
61.23,18.15,55.097
61.2481,16.311,61.309
61.2644,16.646,60.074
61.2811,16.745,59.718
61.2978,16.756,59.682
61.3146,51.78,19.312
61.3664,15.834,63.156
61.3822,17.13,58.378
61.3993,15.812,63.242
61.4152,17.614,56.774
61.4328,17.168,58.248
61.4499,18.324,54.573
61.4683,15.874,62.998
61.4841,14.666,68.184
61.4988,16.452,60.785
61.5152,16.547,60.434
61.5318,17.649,56.66
61.5494,15.964,62.643
61.5654,16.322,61.267
61.5817,16.496,60.62
61.5982,17.68,56.561
61.6159,15.441,64.761
61.6313,16.443,60.816
61.6478,17.661,56.621
61.6655,15.641,63.936
61.6811,15.448,64.735
61.6965,16.64,60.095
61.7132,15.779,63.375
61.729,17.073,58.572
61.746,26.947,37.11
61.773,17.23,58.039
61.7902,17.744,56.359
61.808,33.561,29.796
61.8415,17.311,57.768
61.8588,16.342,61.191
61.8752,18.211,54.911
61.8934,54.091,18.487
61.9475,16.287,61.397
61.9638,16.312,61.306
61.9801,16.831,59.413
61.9969,17.804,56.168
62.0147,17.42,57.406
62.0321,18.902,52.905
62.051,17.804,56.167
62.0688,14.838,67.396
62.0837,16.268,61.472
62.0999,16.507,60.581
62.1164,19.334,51.722
62.1358,16.47,60.715
62.1522,16.864,59.296
62.1691,16.331,61.233
62.1854,16.974,58.913
62.2024,17.249,57.976
62.2197,16.299,61.355
62.236,16.029,62.387
62.252,16.567,60.359
62.2686,16.659,60.028
62.2852,14.434,69.279
62.2997,15.67,63.817
62.3153,16.799,59.526
62.3321,15.997,62.512
62.3481,16.82,59.454
62.3649,16.476,60.695
62.3814,17.679,56.566
62.3991,17.263,57.928
62.4164,15.68,63.774
62.432,15.475,64.62
62.4475,37.244,26.85
62.4848,16.834,59.402
62.5016,47.653,20.985
62.5492,17.42,57.405
62.5667,14.494,68.995
62.5812,16.199,61.733
62.5974,16.633,60.12
62.614,18.651,53.616
62.6326,37.74,26.497
62.6704,16.344,61.185
62.6867,16.804,59.51
62.7035,17.308,57.777
62.7208,16.397,60.988
62.7372,15.94,62.736
62.7532,16.158,61.888
62.7693,16.545,60.44
62.7859,16.251,61.535
62.8021,17.973,55.64
62.8201,17.693,56.521
62.8378,16.909,59.141
62.8547,15.485,64.578
62.8702,16.224,61.638
62.8864,17.427,57.382
62.9038,16.972,58.921
62.9208,17.6,56.819
62.9384,16.058,62.276
62.9545,17.064,58.605
62.9715,16.476,60.695
62.988,15.965,62.639
63.004,17.523,57.069
63.0215,16.804,59.511
63.0383,16.617,60.18
63.0549,15.474,64.623
63.0704,27.697,36.105
63.0981,18.07,55.341
63.1162,16.793,59.548
63.1329,15.12,66.139
63.1481,17.068,58.59
63.1651,17.925,55.789
63.1831,17.306,57.785
63.2004,16.051,62.3
63.2164,17.074,58.57
63.2335,15.488,64.565
63.249,16.833,59.408
63.2658,18.242,54.818
63.2841,17.571,56.912
63.3016,16.585,60.296
63.3182,40.736,24.549
63.3589,17.459,57.278
63.3764,17.572,56.908
63.394,16.655,60.041
63.4106,17.347,57.646
63.428,17.596,56.832
63.4456,38.946,25.676
63.4845,15.636,63.956
63.5002,14.883,67.192
63.515,17.155,58.293
63.5322,16.899,59.174
63.5491,17.721,56.43
63.5668,17.948,55.717
63.5848,16.389,61.015
63.6012,17.343,57.659
63.6185,16.876,59.257
63.6354,15.549,64.314
63.6509,15.934,62.758
63.6669,18.218,54.891
63.6851,16.954,58.983
63.702,15.57,64.228
63.7176,16.156,61.897
63.7338,15.441,64.762
63.7492,16.765,59.649
63.766,16.385,61.033
63.7823,17.249,57.973
63.7996,18.65,53.621
63.8182,16.183,61.794
63.8344,16.757,59.678
63.8512,16.191,61.761
63.8674,14.577,68.599
63.8819,15.581,64.18
63.8975,17.103,58.47
63.9146,17.143,58.334
63.9318,16.652,60.054
63.9484,15.751,63.487
63.9642,15.492,64.548
63.9797,18.589,53.797
63.9983,16.554,60.409
64.0148,15.272,65.48
64.0301,55.909,17.886
64.086,17.13,58.377
64.1031,15.462,64.673
64.1186,15.902,62.887
64.1345,16.422,60.892
64.1509,15.385,64.999
64.1663,17.684,56.549
64.184,16.831,59.415
64.2008,15.319,65.28
64.2161,17.19,58.172
64.2333,16.739,59.739
64.2501,15.056,66.418
64.2651,17.568,56.923
64.2827,16.791,59.555
64.2995,16.949,59.001
64.3164,18.109,55.222
64.3345,16.821,59.449
64.3514,15.179,65.881
64.3665,16.077,62.199
64.3826,17.233,58.029
64.3998,16.455,60.77
64.4163,17.058,58.625
64.4334,16.465,60.734
64.4498,17.853,56.014
64.4677,16.638,60.104
64.4843,16.458,60.761
64.5008,17.146,58.324
64.5179,16.266,61.477
64.5342,56.974,17.552
64.5912,15.241,65.613
64.6064,15.427,64.822
64.6218,17.128,58.384
64.6389,15.386,64.995
64.6543,17.967,55.659
64.6723,16.071,62.226
64.6884,15.742,63.525
64.7041,16.064,62.251
64.7202,17.943,55.733
64.7381,36.14,27.67
64.7743,16.973,58.916
64.7912,15.979,62.581
64.8072,17.81,56.149
64.825,17.259,57.941
64.8423,16.886,59.221
64.8592,17.081,58.546
64.8762,17.464,57.262
64.8937,16.964,58.949
64.9107,16.468,60.724
64.9271,18.035,55.447
64.9452,17.803,56.169
64.963,17.07,58.583
64.9801,15.797,63.303
64.9958,51.64,19.365
65.0475,17.324,57.722
65.0648,30.961,32.299
65.0958,15.519,64.437
65.1113,17.14,58.343
65.1284,17.648,56.663
65.1461,15.932,62.768
65.162,16.715,59.826
65.1787,19.136,52.257
65.1979,17.793,56.201
65.2157,16.435,60.845
65.2321,17.133,58.367
65.2492,17.864,55.98
65.2671,16.895,59.191
65.284,17.071,58.581
65.3011,16.332,61.228
65.3174,17.038,58.694
65.3344,18.977,52.696
65.3534,15.359,65.109
65.3688,18.03,55.464
65.3868,16.225,61.634
65.403,17.909,55.838
65.4209,15.816,63.227
65.4367,18.251,54.792
65.455,16.129,62.0
65.4711,16.509,60.575
65.4876,17.371,57.568
65.505,17.245,57.989
65.5222,15.472,64.634
65.5377,17.986,55.598
65.5557,16.784,59.581
65.5725,16.541,60.455
65.589,17.784,56.231
65.6068,15.984,62.562
65.6228,16.679,59.954
65.6395,18.706,53.459
65.6582,16.974,58.912
65.6752,17.8,56.178
65.693,17.476,57.22
65.7104,17.717,56.442
65.7281,18.217,54.894
65.7464,18.332,54.548
65.7647,18.162,55.059
65.7829,18.559,53.883
65.8014,17.601,56.814
65.819,17.262,57.93
65.8363,18.136,55.138
65.8544,16.325,61.255
65.8707,17.437,57.349
65.8882,15.906,62.871
65.9041,18.593,53.783
65.9227,16.392,61.005
65.9391,15.464,64.668
65.9545,16.551,60.421
65.9711,16.974,58.913
65.9881,15.978,62.586
66.004,18.463,54.163
66.0225,17.061,58.615
66.0396,16.862,59.307
66.0564,16.238,61.585
66.0727,18.362,54.461
66.091,18.148,55.102
66.1092,18.669,53.564
66.1278,18.177,55.015
66.146,16.14,61.957
66.1622,17.275,57.888
66.1794,16.843,59.372
66.1963,31.057,32.199
66.2273,17.627,56.731
66.245,18.53,53.967
66.2635,17.717,56.441
66.2812,16.009,62.467
66.2972,19.029,52.551
66.3162,17.748,56.344
66.334,16.36,61.126
66.3504,16.844,59.37
66.3672,18.457,54.18
66.3857,17.414,57.424
66.4031,19.135,52.261
66.4222,28.037,35.668
66.4502,17.178,58.212
66.4674,17.643,56.68
66.4851,17.124,58.398
66.5022,17.81,56.15
66.52,18.712,53.443
66.5387,15.746,63.509
66.5545,17.911,55.833
66.5724,15.82,63.211
66.5882,15.944,62.719
66.6041,18.772,53.27
66.6229,17.196,58.152
66.6401,19.013,52.595
66.6591,17.46,57.273
66.6766,18.899,52.913
66.6955,17.864,55.977
66.7133,15.752,63.485
66.7291,16.766,59.644
66.7458,16.952,58.99
66.7628,19.125,52.287
66.7819,15.82,63.213
66.7977,15.035,66.511
66.8128,17.611,56.783
66.8304,19.064,52.455
66.8495,18.483,54.104
66.8679,16.228,61.621
66.8842,17.603,56.809
66.9018,18.296,54.656
66.9201,17.945,55.726
66.938,19.222,52.023
66.9572,18.199,54.949
66.9754,19.955,50.112
66.9954,17.985,55.601
67.0134,17.506,57.123
67.0309,18.471,54.138
67.0494,20.308,49.242
67.0697,17.444,57.327
67.0871,17.006,58.803
67.1041,15.655,63.876
67.1198,18.289,54.677
67.1381,17.01,58.788
67.1551,19.054,52.482
67.1741,18.238,54.83
67.1924,18.875,52.981
67.2112,17.28,57.87
67.2285,55.859,17.902
67.2844,17.973,55.639
67.3023,16.224,61.639
67.3186,17.325,57.719
67.3359,18.923,52.846
67.3548,18.416,54.301
67.3732,17.198,58.146
67.3904,54.081,18.491
67.4445,16.293,61.378
67.4608,19.133,52.266
67.4799,17.358,57.61
67.4973,17.298,57.809
67.5146,17.515,57.093
67.5321,17.617,56.765
67.5497,17.421,57.402
67.5671,19.201,52.08
67.5863,17.811,56.145
67.6042,18.838,53.084
67.623,17.22,58.072
67.6402,17.989,55.589
67.6582,18.117,55.198
67.6763,18.727,53.4
67.695,17.285,57.852
67.7123,17.057,58.628
67.7294,16.609,60.209
67.746,18.26,54.765
67.7643,17.171,58.237
67.7814,18.492,54.076
67.7999,17.22,58.071
67.8171,18.183,54.997
67.8353,18.066,55.353
67.8534,17.277,57.879
67.8707,17.495,57.158
67.8882,17.864,55.977
67.906,17.843,56.045
67.9239,17.815,56.134
67.9417,29.02,34.458
67.9707,20.315,49.224
67.991,17.303,57.795
68.0083,16.533,60.487
68.0249,18.768,53.281
68.0436,19.645,50.904
68.0633,18.417,54.298
68.0817,18.24,54.824
68.0999,18.582,53.815
68.1185,18.35,54.495
68.1369,18.608,53.741
68.1555,16.905,59.153
68.1724,17.613,56.775
68.19,29.84,33.512
68.2198,18.183,54.997
68.238,19.21,52.055
68.2572,17.733,56.392
68.275,18.38,54.408
68.2933,16.988,58.867
68.3103,16.068,62.237
68.3264,17.867,55.97
68.3443,20.088,49.781
68.3643,19.007,52.613
68.3833,18.874,52.982
68.4022,19.527,51.211
68.4217,17.93,55.773
68.4397,17.428,57.379
68.4571,17.931,55.769
68.475,18.649,53.623
68.4937,17.648,56.662
68.5113,38.573,25.925
68.5499,17.659,56.63
68.5676,19.033,52.539
68.5866,18.465,54.156
68.6051,18.79,53.221
68.6239,18.644,53.636
68.6425,18.981,52.685
68.6615,16.465,60.736
68.6779,17.897,55.875
68.6958,18.764,53.293
68.7146,18.122,55.182
68.7327,18.562,53.874
68.7513,17.843,56.044
68.7691,17.725,56.417
68.7869,18.406,54.33
68.8053,18.14,55.128
68.8234,17.94,55.74
68.8413,18.191,54.973
68.8595,17.432,57.367
68.877,18.598,53.769
68.8956,18.215,54.899
68.9138,17.893,55.889
68.9317,16.361,61.121
68.948,18.974,52.704
68.967,18.911,52.878
68.9859,17.692,56.523
69.0036,18.07,55.341
69.0217,17.708,56.472
69.0394,18.922,52.848
69.0583,18.714,53.437
69.077,18.079,55.312
69.0951,20.433,48.939
69.1155,16.568,60.357
69.1321,17.483,57.198
69.1496,17.218,58.078
69.1668,18.426,54.271
69.1852,18.666,53.575
69.2039,17.722,56.428
69.2216,18.884,52.955
69.2405,17.533,57.034
69.258,46.131,21.677
69.3042,19.913,50.218
69.3241,18.487,54.091
69.3426,19.564,51.114
69.3621,18.514,54.015
69.3806,18.556,53.892
69.3992,17.836,56.065
69.417,20.028,49.93
69.4371,19.727,50.692
69.4568,19.512,51.25
69.4763,18.605,53.75
69.4949,19.739,50.662
69.5146,18.822,53.129
69.5335,18.104,55.237
69.5516,20.971,47.684
69.5725,18.008,55.531
69.5906,18.507,54.033
69.6091,19.25,51.949
69.6283,18.823,53.126
69.6471,18.358,54.473
69.6655,18.884,52.955
69.6844,20.017,49.956
69.7044,19.541,51.174
69.7239,18.677,53.542
69.7426,18.744,53.35
69.7614,19.731,50.681
69.7811,18.663,53.581
69.7997,19.939,50.152
69.8197,19.344,51.695
69.839,17.873,55.95
69.8569,18.318,54.591
69.8752,19.755,50.621
69.895,17.226,58.052
69.9122,19.997,50.007
69.9322,18.285,54.689
69.9505,18.075,55.325
69.9686,17.637,56.699
69.9862,19.412,51.513
70.0056,18.689,53.506
70.0243,18.001,55.553
70.0423,17.569,56.918
70.0599,18.193,54.967
70.0781,20.873,47.909
70.0989,17.154,58.294
70.1161,17.882,55.922
70.134,18.958,52.747
70.1529,18.099,55.253
70.171,18.253,54.785
70.1893,18.751,53.329
70.208,19.066,52.448
70.2271,18.667,53.571
70.2458,18.988,52.666
70.2648,19.604,51.011
70.2844,19.809,50.483
70.3042,18.511,54.023
70.3227,20.597,48.551
70.3433,19.714,50.725
70.363,16.954,58.982
70.3799,20.425,48.961
70.4004,41.517,24.086
70.4419,18.666,53.573
70.4606,18.494,54.073
70.479,19.113,52.322
70.4982,18.155,55.081
70.5163,19.683,50.804
70.536,17.679,56.564
70.5537,18.611,53.733
70.5723,20.262,49.353
70.5925,19.206,52.066
70.6118,19.725,50.697
70.6315,20.257,49.367
70.6517,18.606,53.745
70.6703,41.486,24.104
70.7118,18.511,54.022
70.7303,20.186,49.539
70.7505,20.609,48.522
70.7711,19.1,52.355
70.7902,19.209,52.059
70.8094,19.699,50.765
70.8291,18.15,55.096
70.8473,19.443,51.434
70.8667,47.333,21.127
70.9141,18.761,53.303
70.9328,20.174,49.569
70.953,19.654,50.88
70.9727,18.512,54.02
70.9912,20.312,49.232
71.0115,19.089,52.386
71.0306,20.157,49.611
71.0507,18.096,55.262
71.0688,20.379,49.07
71.0892,57.798,17.302
71.147,18.868,53.0
71.1659,19.697,50.768
71.1856,19.402,51.541
71.205,18.268,54.741
71.2232,19.437,51.449
71.2427,19.603,51.012
71.2623,19.477,51.343
71.2818,19.009,52.606
71.3008,16.321,61.269
71.3171,20.079,49.802
71.3372,20.214,49.47
71.3574,54.681,18.288
71.4121,20.007,49.982
71.4321,20.047,49.882
71.4521,20.039,49.903
71.4722,20.141,49.651
71.4923,19.798,50.511
71.5121,19.612,50.99
71.5317,18.223,54.877
71.5499,19.997,50.006
71.5699,18.936,52.81
71.5889,21.196,47.178
71.6101,19.33,51.733
71.6294,17.593,56.84
71.647,19.233,51.994
71.6662,18.744,53.351
71.685,17.333,57.693
71.7023,18.139,55.129
71.7204,19.662,50.859
71.7401,20.028,49.931
71.7601,19.366,51.637
71.7795,19.417,51.502
71.7989,19.759,50.609
71.8187,21.528,46.451
71.8402,19.453,51.407
71.8596,19.713,50.729
71.8794,19.789,50.532
71.8991,20.458,48.881
71.9196,20.063,49.843
71.9397,19.584,51.063
71.9592,20.605,48.533
71.9798,20.34,49.163
72.0002,18.517,54.005
72.0187,16.843,59.371
72.0355,55.388,18.054
72.0909,17.821,56.114
72.1088,19.04,52.52
72.1278,21.184,47.205
72.149,18.991,52.657
72.168,19.447,51.423
72.1874,20.307,49.245
72.2077,18.092,55.273
72.2258,19.514,51.246
72.2453,19.609,50.998
72.2649,19.0,52.631
72.2839,19.982,50.044
72.3039,19.979,50.054
72.3239,19.093,52.374
72.343,19.596,51.031
72.3626,19.073,52.431
72.3817,19.648,50.895
72.4013,19.274,51.883
72.4206,20.063,49.842
72.4407,19.87,50.328
72.4605,18.985,52.674
72.4795,19.318,51.764
72.4988,19.918,50.207
72.5187,18.056,55.384
72.5368,20.889,47.872
72.5577,17.949,55.714
72.5756,19.068,52.445
72.5947,18.131,55.155
72.6128,19.201,52.082
72.632,19.969,50.078
72.652,19.645,50.902
72.6716,20.396,49.029
72.692,18.885,52.953
72.7109,20.413,48.987
72.7313,19.7,50.76
72.751,19.493,51.3
72.7705,20.657,48.41
72.7912,20.519,48.736
72.8117,20.723,48.255
72.8324,19.666,50.848
72.8521,19.741,50.657
72.8718,19.458,51.393
72.8913,20.458,48.882
72.9118,18.03,55.462
72.9298,28.154,35.519
72.9579,18.703,53.466
72.9766,19.353,51.671
72.996,17.973,55.639
73.014,21.487,46.54
73.0355,18.133,55.149
73.0536,51.471,19.428
73.1051,19.661,50.862
73.1247,18.947,52.778
73.1437,19.626,50.952
73.1633,20.357,49.122
73.1837,19.96,50.101
73.2036,20.471,48.849
73.2241,19.932,50.172
73.244,18.933,52.817
73.2629,18.615,53.72
73.2816,20.809,48.056
73.3024,19.233,51.995
73.3216,18.487,54.091
73.3401,18.916,52.864
73.359,20.4,49.019
73.3794,19.494,51.299
73.3989,18.391,54.375
73.4173,20.986,47.651
73.4383,18.914,52.871
73.4572,18.63,53.676
73.4758,19.148,52.225
73.495,19.853,50.371
73.5148,19.086,52.394
73.5339,41.697,23.983
73.5756,19.668,50.845
73.5953,19.653,50.883
73.6149,20.017,49.957
73.6349,21.114,47.363
73.6561,18.965,52.729
73.675,18.975,52.701
73.694,20.92,47.801
73.7149,21.129,47.328
73.736,19.43,51.467
73.7555,18.215,54.901
73.7737,20.869,47.919
73.7946,18.728,53.396
73.8133,19.106,52.339
73.8324,19.936,50.161
73.8523,20.874,47.907
73.8732,18.87,52.995
73.8921,20.128,49.682
73.9122,19.834,50.418
73.932,19.872,50.322
73.9519,20.223,49.449
73.9721,19.771,50.58
73.9919,19.014,52.592
74.0109,18.592,53.785
74.0295,20.592,48.562
74.0501,19.31,51.787
74.0694,58.817,17.002
74.1282,18.613,53.724
74.1468,18.983,52.68
74.1658,41.81,23.918
74.2076,20.522,48.727
74.2282,18.948,52.775
74.2471,17.968,55.653
74.2651,18.921,52.852
74.284,20.054,49.865
74.304,19.167,52.173
74.3232,18.889,52.942
74.3421,20.723,48.256
74.3628,19.926,50.186
74.3828,20.919,47.804
74.4037,17.302,57.797
74.421,19.435,51.454
74.4404,19.19,52.111
74.4596,37.841,26.426
74.4974,20.333,49.182
74.5178,19.6,51.019
74.5374,19.366,51.636
74.5567,19.388,51.577
74.5761,20.404,49.01
74.5965,19.859,50.355
74.6164,19.927,50.183
74.6363,19.112,52.324
74.6554,19.169,52.168
74.6746,18.14,55.127
74.6927,20.246,49.393
74.713,20.886,47.879
74.7339,19.831,50.425
74.7537,18.749,53.335
74.7724,20.058,49.856
74.7925,18.343,54.518
74.8109,18.221,54.883
74.8291,18.137,55.136
74.8472,18.827,53.114
74.866,19.351,51.676
74.8854,20.359,49.119
74.9057,53.884,18.559
74.9596,18.859,53.024
74.9785,19.744,50.649
74.9982,17.346,57.65
75.0156,17.828,56.093
75.0334,20.344,49.154
75.0537,18.077,55.32
75.0718,19.768,50.586
75.0916,20.967,47.695
75.1126,18.723,53.412
75.1313,19.835,50.415
75.1511,19.301,51.812
75.1704,19.469,51.363
75.1899,17.304,57.79
75.2072,19.16,52.193
75.2264,43.443,23.018
75.2698,19.85,50.379
75.2896,18.523,53.987
75.3082,18.78,53.249
75.3269,18.84,53.077
75.3458,20.019,49.953
75.3658,19.6,51.019
75.3854,55.581,17.992
75.441,20.191,49.527
75.4612,47.72,20.956
75.5089,20.475,48.84
75.5294,17.801,56.178
75.5472,18.655,53.605
75.5658,18.82,53.134
75.5847,18.205,54.931
75.6029,18.429,54.261
75.6213,19.602,51.014
75.6409,18.003,55.546
75.6589,19.806,50.49
75.6787,20.594,48.559
75.6993,18.957,52.752
75.7182,58.188,17.186
75.7764,20.902,47.842
75.7973,19.096,52.367
75.8164,19.358,51.657
75.8358,19.141,52.245
75.8549,19.26,51.922
75.8742,19.922,50.197
75.8941,51.42,19.448
75.9455,18.334,54.544
75.9639,18.917,52.862
75.9828,19.684,50.803
76.0025,20.421,48.969
76.0229,21.115,47.36
76.044,19.018,52.581
76.063,19.621,50.966
76.0826,19.212,52.05
76.1019,18.717,53.426
76.1206,18.582,53.816
76.1392,18.763,53.297
76.1579,18.754,53.323
76.1767,18.158,55.072
76.1948,19.575,51.085
76.2144,28.269,35.375
76.2427,19.356,51.663
76.262,18.043,55.423
76.2801,20.011,49.972
76.3001,19.323,51.752
76.3194,17.691,56.527
76.3371,19.129,52.278
76.3562,20.597,48.55
76.3768,20.08,49.801
76.3969,45.383,22.035
76.4423,18.573,53.841
76.4609,18.348,54.503
76.4792,20.275,49.322
76.4995,19.317,51.767
76.5188,19.215,52.043
76.538,20.191,49.527
76.5582,18.396,54.358
76.5766,20.582,48.587
76.5972,17.1,58.481
76.6143,20.446,48.91
76.6347,20.529,48.712
76.6553,19.316,51.77
76.6746,19.534,51.194
76.6941,19.787,50.538
76.7139,18.56,53.88
76.7325,20.614,48.511
76.7531,18.805,53.178
76.7719,19.261,51.918
76.7911,31.102,32.152
76.8222,18.745,53.349
76.841,19.654,50.88
76.8606,18.44,54.23
76.8791,18.909,52.885
76.898,19.34,51.705
76.9173,19.716,50.72
76.937,17.852,56.016
76.9549,19.138,52.253
76.974,18.928,52.833
76.993,20.062,49.846
77.013,19.132,52.27
77.0322,17.89,55.898
77.05,19.923,50.194
77.07,19.881,50.299
77.0898,18.384,54.394
77.1082,18.892,52.932
77.1271,18.643,53.641
77.1458,19.724,50.699
77.1655,19.14,52.247
77.1846,17.875,55.945
77.2025,19.621,50.966
77.2221,20.147,49.634
77.2423,17.787,56.22
77.2601,20.034,49.916
77.2801,19.219,52.032
77.2993,18.441,54.226
77.3178,17.891,55.893
77.3356,18.19,54.974
77.3538,19.451,51.412
77.3733,19.351,51.676
77.3926,20.56,48.638
77.4132,18.262,54.76
77.4315,18.915,52.869
77.4504,21.024,47.565
77.4714,18.492,54.078
77.4899,18.685,53.52
77.5086,19.532,51.199
77.5281,19.773,50.575
77.5479,20.849,47.965
77.5687,18.543,53.93
77.5873,18.491,54.08
77.6058,18.781,53.245
77.6245,18.295,54.659
77.6428,19.13,52.274
77.662,19.383,51.592
77.6813,18.867,53.003
77.7002,19.427,51.474
77.7196,17.999,55.559
77.7376,18.946,52.781
77.7566,17.772,56.268
77.7744,18.022,55.486
77.7924,19.701,50.758
77.8121,19.529,51.206
77.8316,19.823,50.446
77.8514,20.136,49.663
77.8716,41.264,24.234
77.9128,18.271,54.732
77.9311,18.904,52.898
77.95,17.608,56.792
77.9676,19.956,50.11
77.9876,19.652,50.886
78.0072,19.033,52.541
78.0263,19.253,51.94
78.0455,18.889,52.942
78.0644,17.869,55.962
78.0823,20.261,49.355
78.1025,18.576,53.832
78.1211,20.156,49.612
78.1413,20.015,49.963
78.1613,19.709,50.738
78.181,18.192,54.97
78.1992,18.029,55.466
78.2172,19.815,50.466
78.237,17.954,55.698
78.255,18.449,54.205
78.2734,18.312,54.608
78.2917,18.958,52.749
78.3107,19.513,51.249
78.3302,18.47,54.141
78.3487,51.641,19.364
78.4003,19.182,52.131
78.4195,19.793,50.523
78.4393,18.524,53.984
78.4578,18.568,53.856
78.4764,18.149,55.1
78.4945,17.593,56.84
78.5121,19.59,51.046
78.5317,18.675,53.548
78.5504,19.169,52.167
78.5696,16.93,59.067
78.5865,19.247,51.955
78.6057,18.562,53.873
78.6243,19.109,52.33
78.6434,17.678,56.567
78.6611,20.823,48.024
78.6819,18.76,53.306
78.7007,18.466,54.153
78.7191,18.539,53.94
78.7377,18.632,53.67
78.7563,20.356,49.127
78.7767,17.736,56.382
78.7944,19.035,52.534
78.8134,18.722,53.412
78.8322,18.455,54.185
78.8506,18.675,53.549
78.8693,57.291,17.455
78.9266,18.516,54.008
78.9451,19.314,51.776
78.9644,18.607,53.744
78.983,17.897,55.875
79.0009,18.755,53.32
79.0197,19.497,51.29
79.0392,17.699,56.501
79.0569,17.676,56.572
79.0745,18.176,55.017
79.0927,18.034,55.45
79.1108,17.4,57.47
79.1282,19.614,50.984
79.1478,18.126,55.168
79.1659,18.741,53.359
79.1846,18.669,53.565
79.2033,17.941,55.737
79.2212,40.095,24.941
79.2613,17.934,55.761
79.2793,18.594,53.78
79.2979,18.147,55.106
79.316,17.593,56.842
79.3336,16.267,61.473
79.3499,18.45,54.202
79.3683,18.853,53.041
79.3872,19.088,52.39
79.4063,19.486,51.32
79.4257,18.223,54.875
79.444,19.516,51.239
79.4635,19.676,50.824
79.4832,18.832,53.101
79.502,18.373,54.429
79.5204,19.632,50.936
79.54,19.304,51.802
79.5593,18.173,55.025
79.5775,16.821,59.451
79.5943,19.694,50.776
79.614,19.069,52.441
79.6331,18.577,53.829
79.6516,16.492,60.636
79.6681,18.548,53.913
79.6867,54.266,18.428
79.7409,49.841,20.064
79.7908,19.674,50.828
79.8105,19.387,51.582
79.8298,19.233,51.993
79.8491,18.471,54.137
79.8676,19.547,51.159
79.8871,18.654,53.607
79.9058,34.101,29.324
79.9399,17.676,56.572
79.9575,18.776,53.26
79.9763,20.048,49.881
79.9964,19.802,50.501
80.0162,18.754,53.323
80.0349,19.492,51.304
80.0544,18.606,53.745
80.073,17.969,55.65
80.091,18.753,53.326
80.1097,18.827,53.116
80.1286,20.858,47.943
80.1494,19.416,51.505
80.1688,18.755,53.32
80.1876,18.589,53.794
80.2062,15.547,64.319
80.2217,18.948,52.777
80.2407,19.925,50.189
80.2606,18.122,55.181
80.2787,18.141,55.124
80.2969,19.317,51.769
80.3162,18.879,52.968
80.3351,18.361,54.463
80.3534,17.335,57.686
80.3708,19.338,51.712
80.3901,19.583,51.065
80.4097,18.416,54.301
80.4281,18.7,53.476
80.4468,19.274,51.883
80.4661,19.609,50.998
80.4857,17.794,56.198
80.5035,19.293,51.832
80.5228,16.766,59.646
80.5395,18.781,53.245
80.5583,17.179,58.21
80.5755,17.44,57.338
80.5929,18.966,52.726
80.6119,17.749,56.34
80.6296,18.642,53.642
80.6483,18.503,54.046
80.6668,16.796,59.538
80.6836,20.649,48.429
80.7042,19.272,51.89
80.7235,17.926,55.786
80.7414,18.166,55.048
80.7596,17.579,56.887
80.7772,18.678,53.539
80.7958,18.594,53.78
80.8144,19.737,50.665
80.8342,16.955,58.979
80.8511,19.091,52.38
80.8702,27.794,35.979
80.898,18.753,53.324
80.9168,18.033,55.454
80.9348,18.645,53.634
80.9535,19.874,50.316
80.9733,19.568,51.104
80.9929,19.174,52.154
81.0121,36.658,27.279
81.0487,17.582,56.875
81.0663,19.213,52.048
81.0855,46.265,21.615
81.1318,19.469,51.363
81.1513,18.866,53.004
81.1701,18.23,54.856
81.1884,20.144,49.642
81.2085,18.052,55.394
81.2265,19.191,52.108
81.2457,19.398,51.552
81.2651,18.522,53.991
81.2837,20.997,47.626
81.3047,18.814,53.153
81.3235,19.626,50.953
81.3431,19.092,52.378
81.3622,19.411,51.518
81.3816,19.214,52.047
81.4008,18.631,53.675
81.4194,18.239,54.827
81.4377,19.788,50.534
81.4575,18.394,54.364
81.4759,18.18,55.007
81.494,17.562,56.94
81.5116,20.409,48.999
81.532,20.281,49.307
81.5523,17.758,56.313
81.5701,18.486,54.094
81.5885,18.489,54.085
81.607,19.431,51.465
81.6265,17.513,57.101
81.644,21.128,47.33
81.6651,17.824,56.105
81.6829,19.447,51.421
81.7024,18.297,54.654
81.7207,17.708,56.47
81.7384,18.418,54.296
81.7568,19.344,51.696
81.7761,18.395,54.363
81.7945,17.196,58.154
81.8117,18.741,53.36
81.8305,18.136,55.14
81.8486,18.648,53.626
81.8673,19.154,52.209
81.8864,19.332,51.728
81.9057,18.847,53.058
81.9246,19.267,51.903
81.9439,19.283,51.858
81.9631,19.028,52.555
81.9822,18.371,54.433
82.0005,18.244,54.812
82.0188,19.675,50.827
82.0385,19.018,52.581
82.0575,44.754,22.344
82.1022,18.627,53.686
82.1209,18.097,55.256
82.139,18.71,53.449
82.1577,17.716,56.447
82.1754,19.067,52.448
82.1944,19.014,52.593
82.2135,19.888,50.281
82.2333,19.69,50.787
82.253,19.839,50.407
82.2729,18.154,55.084
82.291,34.225,29.219
82.3253,17.958,55.686
82.3432,19.937,50.157
82.3631,18.342,54.518
82.3815,18.555,53.893
82.4,19.5,51.282
82.4195,19.712,50.732
82.4393,18.992,52.653
82.4583,19.404,51.534
82.4777,19.586,51.058
82.4972,19.924,50.19
82.5172,56.527,17.691
82.5737,19.056,52.477
82.5927,18.594,53.782
82.6113,18.929,52.829
82.6303,19.932,50.17
82.6502,18.67,53.562
82.6689,19.292,51.834
82.6882,19.061,52.464
82.7072,19.842,50.398
82.7271,18.222,54.879
82.7453,19.993,50.018
82.7653,19.649,50.894
82.7849,19.005,52.617
82.8039,19.59,51.046
82.8235,18.814,53.151
82.8423,19.625,50.955
82.862,21.013,47.59
82.883,19.517,51.238
82.9025,18.737,53.369
82.9212,19.389,51.577
82.9406,18.601,53.761
82.9592,19.523,51.222
82.9787,19.963,50.092
82.9987,20.111,49.723
83.0188,18.952,52.765
83.0378,18.721,53.415
83.0565,18.465,54.158
83.075,19.689,50.789
83.0946,19.813,50.471
83.1145,17.072,58.574
83.1315,18.815,53.149
83.1503,18.385,54.391
83.1687,18.295,54.661
83.187,18.041,55.429
83.2051,57.104,17.512
83.2622,19.723,50.703
83.2819,19.789,50.532
83.3017,20.396,49.029
83.3221,18.914,52.871
83.341,19.743,50.651
83.3607,19.847,50.386
83.3806,18.84,53.08
83.3994,19.331,51.73
83.4188,19.59,51.047
83.4383,19.488,51.313
83.4578,19.541,51.173
83.4774,18.234,54.844
83.4956,20.213,49.473
83.5158,18.816,53.145
83.5346,19.38,51.6
83.554,18.949,52.772
83.573,18.836,53.089
83.5918,20.503,48.774
83.6123,19.174,52.154
83.6315,19.7,50.762
83.6512,19.333,51.724
83.6705,20.406,49.004
83.6909,18.785,53.235
83.7097,19.919,50.204
83.7296,19.074,52.428
83.7487,19.008,52.61
83.7677,19.952,50.121
83.7877,19.218,52.035
83.8069,19.102,52.349
83.826,19.483,51.326
83.8455,18.845,53.065
83.8643,19.23,52.003
83.8835,19.859,50.354
83.9034,18.824,53.123
83.9222,20.679,48.359
83.9429,18.642,53.644
83.9615,19.0,52.632
83.9805,18.709,53.45
83.9992,18.462,54.166
84.0177,20.566,48.624
84.0383,19.237,51.982
84.0575,19.893,50.27
84.0774,19.632,50.938
84.097,19.945,50.138
84.117,19.758,50.611
84.1367,20.241,49.404
84.157,20.026,49.935
84.177,19.816,50.464
84.1968,20.602,48.54
84.2174,19.811,50.478
84.2372,19.723,50.703
84.257,19.368,51.631
84.2763,18.967,52.722
84.2953,18.465,54.157
84.3138,19.425,51.479
84.3332,20.047,49.883
84.3532,18.796,53.202
84.372,19.469,51.365
84.3915,20.882,47.889
84.4124,32.982,30.319
84.4454,18.388,54.383
84.4637,19.633,50.936
84.4834,18.893,52.93
84.5023,19.77,50.582
84.522,21.848,45.772
84.5439,20.593,48.56
84.5645,20.03,49.926
84.5845,21.039,47.53
84.6056,20.131,49.674
84.6257,20.636,48.459
84.6463,18.173,55.028
84.6645,17.655,56.641
84.6821,20.738,48.22
84.7029,19.161,52.19
84.722,57.997,17.242
84.78,19.098,52.362
84.7991,20.309,49.24
84.8195,19.744,50.648
84.8392,18.625,53.692
84.8578,20.405,49.007
84.8782,20.202,49.5
84.8984,19.75,50.632
84.9182,19.53,51.202
84.9377,18.48,54.112
84.9562,19.598,51.026
84.9758,19.012,52.598
84.9948,18.708,53.454
85.0135,20.601,48.542
85.0341,19.524,51.22
85.0536,50.022,19.991
85.1037,20.856,47.948
85.1245,16.509,60.572
85.141,19.832,50.423
85.1608,20.383,49.061
85.1812,20.093,49.769
85.2013,19.296,51.823
85.2206,20.317,49.219
85.2409,21.107,47.379
85.262,20.075,49.814
85.2821,19.938,50.157
85.3021,19.091,52.381
85.3211,21.172,47.233
85.3423,20.341,49.162
85.3627,20.078,49.805
85.3827,17.698,56.505
85.4004,18.861,53.019
85.4193,20.316,49.222
85.4396,20.135,49.666
85.4597,21.187,47.2
85.4809,18.582,53.816
85.4995,21.179,47.217
85.5207,19.584,51.062
85.5403,19.662,50.861
85.5599,20.201,49.502
85.5801,19.973,50.067
85.6001,21.055,47.494
85.6212,20.5,48.78
85.6417,19.904,50.24
85.6616,19.973,50.068
85.6815,19.657,50.872
85.7012,19.438,51.447
85.7206,21.39,46.751
85.742,19.295,51.826
85.7613,18.86,53.022
85.7802,20.529,48.713
85.8007,19.644,50.906
85.8204,19.52,51.23
85.8399,21.295,46.959
85.8612,57.323,17.445
85.9185,18.982,52.68
85.9375,21.082,47.433
85.9586,20.308,49.241
85.9789,21.596,46.305
86.0005,30.361,32.937
86.0308,20.065,49.839
86.0509,18.466,54.154
86.0694,20.165,49.591
86.0895,20.768,48.15
86.1103,21.439,46.643
86.1317,19.294,51.83
86.151,19.924,50.19
86.1709,20.328,49.194
86.1913,19.301,51.812
86.2106,20.812,48.048
86.2314,22.311,44.821
86.2537,19.85,50.378
86.2736,19.407,51.528
86.293,19.353,51.673
86.3123,19.324,51.75
86.3316,20.688,48.338
86.3523,20.96,47.71
86.3733,18.346,54.508
86.3916,19.82,50.454
86.4114,18.988,52.665
86.4304,52.195,19.159
86.4826,19.739,50.66
86.5024,21.41,46.706
86.5238,20.03,49.925
86.5438,22.804,43.851
86.5666,19.871,50.324
86.5865,20.623,48.49
86.6071,20.824,48.022
86.6279,20.611,48.518
86.6485,19.348,51.684
86.6679,19.463,51.379
86.6874,20.67,48.38
86.708,20.463,48.868
86.7285,19.904,50.241
86.7484,20.296,49.271
86.7687,20.203,49.497
86.7889,19.766,50.591
86.8087,20.273,49.327
86.8289,21.47,46.577
86.8504,20.56,48.639
86.871,18.96,52.742
86.8899,21.98,45.495
86.9119,20.875,47.903
86.9328,20.231,49.429
86.953,20.734,48.23
86.9737,20.353,49.132
86.9941,21.084,47.429
87.0152,43.817,22.822
87.059,18.936,52.809
87.0779,20.315,49.224
87.0982,19.416,51.504
87.1177,20.494,48.795
87.1382,19.902,50.245
87.1581,20.361,49.114
87.1784,21.093,47.41
87.1995,21.716,46.048
87.2212,21.022,47.57
87.2423,21.608,46.279
87.2639,20.145,49.641
87.284,20.458,48.881
87.3045,21.0,47.619
87.3255,21.231,47.101
87.3467,21.101,47.392
87.3678,21.201,47.167
87.389,20.161,49.6
87.4092,20.799,48.078
87.43,41.286,24.221
87.4712,20.818,48.034
87.4921,59.256,16.876
87.5513,20.199,49.506
87.5715,19.806,50.489
87.5913,20.356,49.125
87.6117,19.633,50.935
87.6313,20.281,49.306
87.6516,18.583,53.814
87.6702,20.74,48.217
87.6909,21.347,46.844
87.7123,19.514,51.247
87.7318,20.42,48.971
87.7522,21.673,46.14
87.7739,18.954,52.76
87.7928,21.578,46.343
87.8144,18.685,53.518
87.8331,21.31,46.925
87.8544,20.22,49.456
87.8746,21.469,46.579
87.8961,18.731,53.388
87.9148,18.768,53.283
87.9336,21.324,46.896
87.9549,20.483,48.821
87.9754,19.35,51.68
87.9947,22.181,45.083
88.0169,20.008,49.981
88.0369,21.375,46.783
88.0583,20.218,49.461
88.0785,50.066,19.974
88.1286,20.324,49.202
88.1489,21.337,46.866
88.1703,20.752,48.189
88.191,20.835,47.996
88.2118,20.38,49.069
88.2322,20.612,48.516
88.2528,21.845,45.776
88.2747,18.427,54.267
88.2931,21.495,46.522
88.3146,22.211,45.024
88.3368,21.07,47.46
88.3579,21.025,47.562
88.3789,20.975,47.676
88.3999,20.916,47.811
88.4208,20.353,49.133
88.4411,19.928,50.182
88.4611,22.17,45.105
88.4832,20.402,49.015
88.5036,20.554,48.653
88.5242,20.606,48.529
88.5448,19.483,51.327
88.5643,19.607,51.002
88.5839,20.734,48.231
88.6046,21.302,46.943
88.6259,22.182,45.082
88.6481,21.862,45.742
88.67,21.547,46.41
88.6915,20.953,47.726
88.7125,21.575,46.35
88.7341,20.246,49.392
88.7543,19.985,50.037
88.7743,29.258,34.178
88.8035,20.05,49.875
88.8236,22.594,44.259
88.8462,20.991,47.641
88.8672,20.935,47.768
88.8881,22.816,43.829
88.9109,20.951,47.73
88.9319,21.801,45.87
88.9537,20.42,48.971
88.9741,20.044,49.89
88.9941,22.301,44.84
89.0164,19.426,51.477
89.0359,21.039,47.532
89.0569,21.249,47.061
89.0782,20.225,49.443
89.0984,21.91,45.642
89.1203,22.062,45.326
89.1424,20.085,49.788
89.1624,21.075,47.451
89.1835,22.823,43.816
89.2063,21.114,47.363
89.2275,19.862,50.347
89.2473,21.43,46.663
89.2687,22.353,44.736
89.2911,21.598,46.301
89.3127,20.64,48.449
89.3333,22.651,44.149
89.356,21.201,47.167
89.3772,21.107,47.377
89.3983,19.611,50.993
89.4179,19.563,51.117
89.4375,43.609,22.931
89.4811,20.858,47.944
89.5019,20.949,47.736
89.5229,40.796,24.512
89.5637,38.588,25.915
89.6023,21.121,47.347
89.6234,20.03,49.924
89.6434,20.603,48.537
89.664,19.785,50.543
89.6838,21.47,46.577
89.7053,21.487,46.539
89.7268,19.034,52.537
89.7458,20.407,49.004
89.7662,21.552,46.399
89.7878,19.138,52.253
89.8069,21.391,46.748
89.8283,60.872,16.428
89.8892,30.126,33.193
89.9193,20.39,49.044
89.9397,42.533,23.511
89.9822,19.812,50.475
90.002,20.092,49.771
90.0221,19.597,51.029
90.0417,22.067,45.317
90.0638,20.748,48.198
90.0845,22.256,44.933
90.1068,19.298,51.819
90.1261,21.621,46.251
90.1477,19.439,51.443
90.1671,20.409,48.997
90.1875,20.159,49.605
90.2077,21.872,45.72
90.2296,19.994,50.014
90.2496,20.09,49.775
90.2697,20.99,47.641
90.2907,21.679,46.127
90.3123,56.145,17.811
90.3685,21.783,45.907
90.3903,21.465,46.587
90.4117,20.57,48.614
90.4323,20.79,48.101
90.4531,20.62,48.496
90.4737,19.995,50.014
90.4937,20.825,48.018
90.5145,19.125,52.288
90.5336,19.235,51.989
90.5529,20.761,48.167
90.5736,19.63,50.943
90.5933,19.734,50.673
90.613,21.393,46.744
90.6344,20.659,48.405
90.6551,22.116,45.216
90.6772,19.84,50.403
90.697,19.869,50.329
90.7169,19.933,50.168
90.7368,19.217,52.038
90.756,20.593,48.559
90.7766,21.336,46.87
90.798,19.713,50.729
90.8177,19.746,50.644
90.8374,20.383,49.06
90.8578,19.916,50.211
90.8777,21.357,46.823
90.8991,22.14,45.168
90.9212,49.491,20.206
90.9707,20.427,48.956
90.9911,19.998,50.004
91.0111,18.762,53.3
91.0299,20.145,49.639
91.05,20.358,49.12
91.0704,21.079,47.441
91.0915,20.296,49.272
91.1118,19.438,51.445
91.1312,19.376,51.611
91.1506,20.836,47.995
91.1714,20.524,48.722
91.1919,20.478,48.832
91.2124,20.115,49.714
91.2325,21.59,46.318
91.2541,20.031,49.922
91.2742,19.654,50.881
91.2938,22.549,44.348
91.3164,20.792,48.096
91.3372,18.024,55.481
91.3552,20.803,48.071
91.376,20.956,47.719
91.3969,20.118,49.707
91.4171,18.566,53.861
91.4356,20.079,49.804
91.4557,19.616,50.978
91.4753,19.213,52.047
91.4945,20.087,49.784
91.5146,20.753,48.185
91.5354,21.475,46.565
91.5568,19.391,51.571
91.5762,21.453,46.613
91.5977,39.801,25.125
91.6375,18.972,52.71
91.6565,20.108,49.731
91.6766,20.132,49.671
91.6967,18.465,54.157
91.7152,19.144,52.235
91.7343,19.152,52.213
91.7535,20.888,47.874
91.7744,19.027,52.556
91.7934,21.316,46.914
91.8147,20.512,48.752
91.8352,19.278,51.873
91.8545,19.401,51.544
91.8739,20.126,49.686
91.894,19.938,50.154
91.914,18.699,53.48
91.9327,19.566,51.11
91.9522,19.654,50.882
91.9719,18.2,54.947
91.9901,19.633,50.934
92.0097,19.924,50.19
92.0296,21.194,47.183
92.0508,20.802,48.073
92.0716,21.525,46.458
92.0931,21.025,47.563
92.1142,20.448,48.905
92.1346,21.584,46.33
92.1562,19.315,51.774
92.1755,20.968,47.692
92.1965,19.008,52.609
92.2155,17.633,56.711
92.2331,20.534,48.7
92.2537,19.076,52.422
92.2727,18.416,54.302
92.2912,48.188,20.752
92.3393,20.926,47.787
92.3603,18.886,52.949
92.3792,19.016,52.586
92.3982,20.624,48.488
92.4188,19.878,50.306
92.4387,18.981,52.683
92.4577,21.224,47.116
92.4789,20.253,49.375
92.4991,19.779,50.558
92.5189,19.82,50.455
92.5387,21.271,47.012
92.56,19.126,52.285
92.5791,20.707,48.294
92.5998,18.298,54.652
92.6181,20.278,49.314
92.6384,18.603,53.755
92.657,20.033,49.918
92.677,19.399,51.548
92.6964,19.079,52.414
92.7155,21.011,47.594
92.7365,19.72,50.709
92.7563,20.207,49.488
92.7765,19.822,50.448
92.7963,18.688,53.51
92.815,21.09,47.415
92.8361,22.122,45.203
92.8582,19.802,50.499
92.878,20.953,47.726
92.8989,20.015,49.962
92.919,19.716,50.72
92.9387,21.233,47.096
92.9599,19.483,51.328
92.9794,51.682,19.349
93.0311,19.966,50.085
93.051,53.549,18.675
93.1046,19.488,51.315
93.1241,47.664,20.98
93.1717,20.138,49.656
93.1919,18.531,53.964
93.2104,55.66,17.966
93.2661,19.026,52.56
93.2851,19.239,51.979
93.3043,19.134,52.264
93.3235,19.937,50.158
93.3434,19.238,51.98
93.3626,19.656,50.876
93.3823,18.552,53.901
93.4008,18.855,53.036
93.4197,21.535,46.437
93.4412,30.135,33.184
93.4714,18.43,54.26
93.4898,19.34,51.705
93.5091,21.091,47.413
93.5302,18.286,54.687
93.5485,20.326,49.198
93.5688,18.954,52.76
93.5878,18.966,52.725
93.6068,18.634,53.666
93.6254,18.453,54.192
93.6439,19.564,51.115
93.6634,18.204,54.934
93.6816,54.304,18.415
93.7359,20.728,48.244
93.7567,43.786,22.838
93.8004,17.49,57.174
93.8179,20.713,48.279
93.8386,18.088,55.285
93.8567,20.017,49.957
93.8767,20.044,49.889
93.8968,19.381,51.597
93.9162,18.533,53.957
93.9347,19.805,50.493
93.9545,19.434,51.455
93.9739,18.925,52.841
93.9929,18.574,53.837
94.0114,19.024,52.566
94.0305,19.442,51.436
94.0499,18.089,55.281
94.068,19.196,52.095
94.0872,17.995,55.572
94.1052,21.948,45.561
94.1271,18.368,54.441
94.1455,19.794,50.519
94.1653,19.107,52.338
94.1844,20.27,49.333
94.2047,19.457,51.396
94.2241,16.93,59.066
94.2411,20.185,49.542
94.2612,16.502,60.597
94.2778,18.642,53.642
94.2964,19.322,51.753
94.3157,54.364,18.394
94.3701,18.707,53.455
94.3888,18.869,52.996
94.4077,20.377,49.076
94.428,20.102,49.746
94.4481,19.113,52.321
94.4672,17.782,56.237
94.485,19.996,50.011
94.505,17.764,56.294
94.5228,18.081,55.305
94.5409,19.092,52.377
94.56,19.751,50.63
94.5797,19.151,52.216
94.5989,20.124,49.692
94.619,19.831,50.427
94.6388,19.964,50.09
94.6588,47.249,21.164
94.706,19.388,51.578
94.7254,17.433,57.362
94.7429,19.409,51.524
94.7623,19.152,52.214
94.7814,19.158,52.197
94.8006,18.619,53.707
94.8192,17.535,57.029
94.8367,17.095,58.498
94.8538,18.405,54.332
94.8722,19.523,51.223
94.8918,19.013,52.596
94.9108,17.246,57.984
94.928,19.931,50.174
94.9479,18.54,53.938
94.9665,19.534,51.193
94.986,17.532,57.038
95.0035,19.864,50.342
95.0234,18.413,54.308
95.0418,18.531,53.965
95.0604,19.599,51.023
95.08,18.868,52.999
95.0988,18.345,54.511
95.1172,19.699,50.765
95.1369,19.416,51.504
95.1563,18.136,55.138
95.1744,18.846,53.061
95.1933,18.127,55.166
95.2114,18.82,53.134
95.2302,16.873,59.268
95.2471,19.039,52.522
95.2661,18.67,53.562
95.2848,18.778,53.253
95.3036,18.711,53.445
95.3223,18.054,55.39
95.3403,19.784,50.546
95.3601,18.35,54.497
95.3785,17.502,57.136
95.396,19.019,52.578
95.415,17.823,56.108
95.4328,34.04,29.377
95.4669,18.844,53.069
95.4857,18.703,53.467
95.5044,18.739,53.364
95.5231,54.984,18.187
95.5781,19.729,50.687
95.5979,18.411,54.315
95.6163,18.764,53.292
95.635,18.934,52.814
95.654,19.266,51.904
95.6732,19.737,50.666
95.693,18.621,53.704
95.7116,17.283,57.86
95.7289,18.659,53.593
95.7475,16.922,59.096
95.7645,18.273,54.726
95.7827,19.124,52.291
95.8018,17.48,57.209
95.8193,19.296,51.824
95.8386,19.363,51.644
95.858,18.338,54.533
95.8763,18.491,54.079
95.8948,18.618,53.712
95.9134,18.655,53.605
95.9321,47.466,21.068
95.9796,20.268,49.338
95.9998,18.393,54.369
96.0182,17.493,57.167
96.0357,17.126,58.392
96.0528,18.728,53.395
96.0716,19.548,51.155
96.0911,17.046,58.666
96.1082,17.168,58.248
96.1253,19.9,50.252
96.1452,18.913,52.873
96.1641,19.034,52.539
96.1832,18.779,53.25
96.202,17.073,58.572
96.219,16.915,59.121
96.2359,18.952,52.764
96.2549,18.324,54.574
96.2732,18.461,54.169
96.2917,19.376,51.61
96.3111,20.151,49.626
96.3312,18.76,53.306
96.35,18.312,54.61
96.3683,17.464,57.26
96.3857,17.436,57.353
96.4032,14.944,66.915
96.4181,18.147,55.105
96.4363,18.74,53.362
96.455,18.486,54.096
96.4735,18.414,54.307
96.4919,19.872,50.321
96.5118,18.898,52.915
96.5307,18.51,54.026
96.5492,18.33,54.557
96.5675,18.395,54.364
96.5859,40.723,24.556
96.6266,39.737,25.165
96.6664,19.269,51.898
96.6856,19.29,51.841
96.7049,18.11,55.218
96.723,19.329,51.736
96.7424,17.328,57.711
96.7597,17.971,55.645
96.7777,18.288,54.681
96.796,34.019,29.395
96.83,17.485,57.19
96.8475,17.88,55.928
96.8653,16.967,58.94
96.8823,18.451,54.197
96.9008,20.029,49.928
96.9208,17.891,55.893
96.9387,17.771,56.271
96.9564,18.37,54.437
96.9748,18.067,55.349
96.9929,19.369,51.628
97.0123,16.569,60.354
97.0288,19.093,52.375
97.0479,19.498,51.287
97.0674,39.619,25.241
97.107,17.498,57.15
97.1245,17.463,57.265
97.142,17.807,56.156
97.1598,17.803,56.171
97.1776,18.878,52.972
97.1965,18.801,53.189
97.2153,18.619,53.707
97.2339,50.599,19.763
97.2845,16.719,59.811
97.3012,17.893,55.889
97.3191,17.744,56.356
97.3369,18.327,54.565
97.3552,17.814,56.135
97.373,17.958,55.685
97.391,19.747,50.64
97.4107,19.778,50.562
97.4305,19.375,51.613
97.4499,20.812,48.048
97.4707,16.835,59.401
97.4875,19.069,52.441
97.5066,18.717,53.428
97.5253,18.602,53.757
97.5439,19.635,50.93
97.5635,19.5,51.283
97.583,16.638,60.103
97.5997,17.525,57.063
97.6172,19.106,52.341
97.6363,17.176,58.221
97.6535,18.207,54.925
97.6717,16.997,58.832
97.6887,18.845,53.065
97.7075,17.191,58.168
97.7247,18.32,54.586
97.743,17.33,57.704
97.7604,16.825,59.434
97.7772,18.144,55.114
97.7953,17.933,55.762
97.8133,19.318,51.766
97.8326,17.816,56.13
97.8504,18.969,52.718
97.8694,17.882,55.923
97.8872,18.817,53.145
97.9061,17.234,58.024
97.9233,17.979,55.621
97.9413,17.694,56.515
97.959,18.083,55.301
97.9771,18.223,54.874
97.9953,18.09,55.28
98.0134,18.159,55.068
98.0315,18.248,54.802
98.0498,17.081,58.545
98.0669,17.514,57.098
98.0844,18.475,54.127
98.1028,18.182,54.999
98.121,17.331,57.699
98.1384,17.737,56.378
98.1561,18.01,55.526
98.1741,20.058,49.854
98.1942,17.261,57.936
98.2114,16.377,61.06
98.2278,15.686,63.751
98.2435,19.276,51.878
98.2628,18.052,55.396
98.2808,34.579,28.919
98.3154,17.731,56.4
98.3331,17.585,56.866
98.3507,43.506,22.985
98.3942,18.429,54.263
98.4126,18.015,55.51
98.4307,19.286,51.85
98.4499,17.559,56.951
98.4675,17.595,56.833
98.4851,19.329,51.736
98.5044,18.896,52.922
98.5233,19.594,51.036
98.5429,17.497,57.151
98.5604,18.625,53.692
98.579,18.377,54.415
98.5974,17.653,56.647
98.6151,18.998,52.637
98.6341,18.901,52.906
98.653,17.663,56.615
98.6706,18.189,54.979
98.6888,17.689,56.534
98.7065,19.545,51.165
98.7261,58.041,17.229
98.7841,17.159,58.28
98.8013,30.729,32.542
98.832,18.543,53.928
98.8505,19.106,52.34
98.8696,19.577,51.081
98.8892,30.839,32.426
98.92,18.108,55.223
98.9382,48.896,20.452
98.9871,18.461,54.169
99.0055,17.416,57.417
99.0229,19.255,51.935
99.0422,18.267,54.744
99.0604,16.929,59.07
99.0774,16.251,61.536
99.0936,18.725,53.405
99.1124,18.791,53.217
99.1311,16.73,59.774
99.1479,17.159,58.278
99.165,18.144,55.115
99.1832,18.371,54.435
99.2015,17.402,57.463
99.219,18.071,55.336
99.237,17.523,57.069
99.2545,18.394,54.366
99.2729,17.132,58.371
99.2901,19.769,50.584
99.3098,18.275,54.72
99.3281,19.528,51.21
99.3476,17.988,55.593
99.3656,48.179,20.756
99.4138,18.085,55.293
99.4319,19.387,51.582
99.4513,18.235,54.84
99.4695,18.187,54.983
99.4877,18.359,54.468
99.5061,36.726,27.229
99.5428,16.805,59.508
99.5596,18.4,54.348
99.578,17.374,57.557
99.5954,19.203,52.074
99.6146,19.153,52.212
99.6337,18.578,53.826
99.6523,18.989,52.662
99.6713,18.092,55.272
99.6894,18.516,54.007
99.7079,43.935,22.761
99.7518,17.18,58.208
99.769,19.057,52.474
99.7881,19.533,51.195
99.8076,18.197,54.955
99.8258,18.857,53.03
99.8447,16.648,60.068
99.8613,18.069,55.344
99.8794,19.095,52.37
99.8985,19.462,51.382
99.9179,17.602,56.812
99.9355,19.381,51.596
99.9549,18.275,54.72
99.9732,19.976,50.061
99.9932,17.548,56.986
100.0107,18.411,54.315
100.0291,18.779,53.251
100.0479,19.246,51.958
100.0671,37.953,26.348
100.1051,17.866,55.971
100.123,17.633,56.713
100.1406,17.277,57.881
100.1579,18.064,55.359
100.1759,17.091,58.509
100.193,17.78,56.242
100.2108,17.174,58.227
100.228,18.345,54.51
100.2463,16.644,60.081
100.263,18.696,53.487
100.2817,19.36,51.653
100.301,18.336,54.536
100.3194,17.917,55.811
100.3373,20.031,49.922
100.3573,18.59,53.792
100.3759,44.857,22.293
100.4208,17.676,56.575
100.4384,53.696,18.623
100.4921,17.744,56.358
100.5099,18.551,53.907
100.5284,17.897,55.876
100.5463,19.437,51.447
100.5658,43.924,22.767
100.6097,17.09,58.514
100.6268,17.298,57.811
100.6441,18.511,54.021
100.6626,19.105,52.343
100.6817,19.517,51.237
100.7012,19.138,52.252
100.7203,18.118,55.194
100.7385,18.135,55.142
100.7566,18.016,55.507
100.7746,17.835,56.07
100.7925,18.179,55.008
100.8106,17.268,57.911
100.8279,19.025,52.562
100.8469,17.828,56.09
100.8648,19.42,51.493
100.8842,17.364,57.591
100.9015,17.603,56.808
100.9191,19.211,52.053
100.9384,17.537,57.022
100.9559,19.499,51.285
100.9754,17.875,55.944
100.9933,20.626,48.482
101.0139,16.962,58.955
101.0309,19.078,52.417
101.0499,18.111,55.214
101.068,19.332,51.727
101.0874,18.095,55.263
101.1055,18.171,55.033
101.1236,19.137,52.255
101.1428,19.87,50.327
101.1626,18.181,55.003
101.1808,19.127,52.282
101.2,18.989,52.661
101.2189,17.638,56.695
101.2366,18.212,54.909
101.2548,16.857,59.322
101.2716,18.139,55.13
101.2898,18.324,54.572
101.3081,16.598,60.247
101.3247,17.546,56.993
101.3423,18.037,55.442
101.3603,17.698,56.504
101.378,17.741,56.366
101.3957,17.687,56.54
101.4134,18.191,54.973
101.4316,17.812,56.142
101.4494,16.947,59.009
101.4664,18.713,53.44
101.4851,17.981,55.614
101.5031,18.082,55.304
101.5211,18.458,54.176
101.5396,19.583,51.064
101.5592,18.915,52.868
101.5781,20.58,48.59
101.5987,19.582,51.068
101.6183,18.684,53.521
101.6369,19.76,50.608
101.6567,17.51,57.11
101.6742,17.639,56.693
101.6919,35.304,28.325
101.7272,19.588,51.052
101.7467,18.178,55.012
101.7649,18.28,54.703
101.7832,18.525,53.982
101.8017,18.133,55.147
101.8199,17.489,57.177
101.8374,18.273,54.727
101.8556,17.803,56.17
101.8734,19.11,52.328
101.8925,18.196,54.958
101.9107,18.446,54.212
101.9292,18.172,55.031
101.9474,17.861,55.986
101.9652,17.36,57.605
101.9826,18.987,52.668
102.0016,19.157,52.2
102.0207,17.128,58.385
102.0378,19.281,51.864
102.0571,18.355,54.48
102.0755,17.794,56.197
102.0933,17.394,57.491
102.1107,18.805,53.176
102.1295,19.7,50.761
102.1492,20.177,49.562
102.1694,19.006,52.614
102.1884,18.499,54.056
102.2069,18.485,54.097
102.2253,19.722,50.704
102.2451,18.504,54.043
102.2636,18.064,55.358
102.2816,18.074,55.327
102.2997,19.769,50.584
102.3195,18.137,55.136
102.3376,18.266,54.747
102.3559,19.882,50.296
102.3758,18.582,53.816
102.3943,16.624,60.153
102.411,19.442,51.434
102.4304,58.581,17.07
102.489,17.988,55.593
102.507,18.613,53.725
102.5256,19.395,51.559
102.545,18.317,54.594
102.5633,19.137,52.255
102.5824,18.165,55.05
102.6006,18.695,53.49
102.6193,17.036,58.698
102.6363,19.824,50.444
102.6562,18.126,55.17
102.6743,17.091,58.509
102.6914,20.523,48.725
102.7119,28.091,35.598
102.74,18.282,54.699
102.7583,18.974,52.704
102.7772,19.411,51.518
102.7967,16.441,60.823
102.8131,16.965,58.944
102.8301,16.544,60.446
102.8466,17.22,58.073
102.8638,18.701,53.473
102.8825,18.622,53.699
102.9012,19.709,50.738
102.9209,45.703,21.88
102.9666,19.049,52.496
102.9856,17.091,58.51
103.0027,20.016,49.961
103.0227,20.508,48.761
103.0432,17.638,56.695
103.0609,16.334,61.221
103.0772,17.842,56.047
103.095,18.04,55.433
103.1131,19.166,52.175
103.1322,17.533,57.036
103.1498,19.764,50.597
103.1695,48.618,20.569
103.2182,19.999,50.002
103.2382,27.039,36.984
103.2652,18.016,55.506
103.2832,17.152,58.302
103.3004,20.007,49.982
103.3204,17.986,55.597
103.3384,18.647,53.628
103.357,34.236,29.209
103.3912,16.024,62.407
103.4073,54.428,18.373
103.4617,18.889,52.94
103.4806,18.906,52.893
103.4995,18.243,54.814
103.5177,18.363,54.457
103.5361,18.958,52.749
103.5551,18.298,54.65
103.5734,17.538,57.018
103.5909,18.855,53.037
103.6097,18.207,54.923
103.628,18.989,52.661
103.6469,17.725,56.417
103.6647,17.663,56.615
103.6823,18.419,54.292
103.7008,19.623,50.96
103.7204,27.16,36.819
103.7475,17.925,55.787
103.7655,17.522,57.072
103.783,19.232,51.998
103.8022,17.18,58.208
103.8194,19.866,50.336
103.8393,38.401,26.041
103.8777,18.383,54.397
103.896,17.428,57.379
103.9135,19.79,50.53
103.9333,19.779,50.559
103.953,17.626,56.734
103.9707,19.075,52.426
103.9897,19.405,51.533
