t_s,frametime_ms,fps
0.0,20.259,49.36
0.0203,20.413,48.987
0.0407,18.135,55.142
0.0588,19.154,52.208
0.078,19.314,51.776
0.0973,19.263,51.913
0.1165,19.156,52.203
0.1357,19.102,52.351
0.1548,19.457,51.395
0.1743,21.327,46.889
0.1956,20.296,49.271
0.2159,19.374,51.615
0.2353,19.4,51.546
0.2547,20.134,49.667
0.2748,18.247,54.803
0.293,19.63,50.943
0.3127,19.433,51.46
0.3321,20.226,49.442
0.3523,19.855,50.364
0.3722,18.286,54.687
0.3905,21.055,47.496
0.4115,19.198,52.09
0.4307,19.037,52.529
0.4498,17.902,55.859
0.4677,19.952,50.12
0.4876,18.14,55.127
0.5057,20.61,48.519
0.5264,18.159,55.068
0.5445,19.995,50.013
0.5645,19.493,51.302
0.584,19.885,50.29
0.6039,20.37,49.091
0.6243,18.691,53.501
0.6429,20.068,49.831
0.663,18.499,54.057
0.6815,19.281,51.865
0.7008,20.758,48.174
0.7216,19.795,50.518
0.7413,18.993,52.651
0.7603,19.774,50.572
0.7801,19.585,51.058
0.7997,18.338,54.531
0.818,17.244,57.99
0.8353,19.273,51.886
0.8546,19.336,51.717
0.8739,53.684,18.627
0.9276,20.308,49.241
0.9479,17.818,56.124
0.9657,18.373,54.428
0.9841,19.393,51.565
1.0035,20.337,49.172
1.0238,18.693,53.497
1.0425,18.711,53.445
1.0612,19.64,50.915
1.0808,18.684,53.521
1.0995,18.709,53.451
1.1182,19.656,50.875
1.1379,20.15,49.628
1.158,20.083,49.794
1.1781,18.076,55.323
1.1962,20.35,49.14
1.2166,18.497,54.064
1.2351,21.137,47.31
1.2562,19.779,50.558
1.276,19.064,52.455
1.295,19.073,52.43
1.3141,19.127,52.283
1.3332,19.579,51.075
1.3528,18.919,52.857
1.3717,19.911,50.224
1.3916,18.984,52.675
1.4106,20.319,49.215
1.4309,20.581,48.588
1.4515,19.087,52.391
1.4706,19.803,50.497
1.4904,19.567,51.106
1.51,19.64,50.917
1.5296,19.229,52.004
1.5489,19.148,52.224
1.568,19.59,51.046
1.5876,19.138,52.253
1.6067,19.715,50.723
1.6264,19.085,52.397
1.6455,19.433,51.459
1.665,19.094,52.372
1.6841,22.062,45.326
1.7061,20.309,49.24
1.7264,19.225,52.015
1.7457,55.36,18.063
1.801,20.201,49.503
1.8212,20.836,47.993
1.8421,17.783,56.233
1.8598,21.515,46.478
1.8813,18.092,55.272
1.8994,19.294,51.829
1.9187,20.476,48.838
1.9392,19.367,51.633
1.9586,20.156,49.613
1.9787,19.619,50.971
1.9984,20.944,47.747
2.0193,20.075,49.813
2.0394,19.842,50.398
2.0592,21.518,46.473
2.0807,19.83,50.428
2.1006,19.181,52.136
2.1197,18.445,54.214
2.1382,20.993,47.636
2.1592,19.062,52.461
2.1782,20.132,49.673
2.1984,21.44,46.642
2.2198,20.535,48.698
2.2403,19.683,50.804
2.26,20.488,48.81
2.2805,19.303,51.806
2.2998,20.858,47.943
2.3207,19.135,52.261
2.3398,20.799,48.079
2.3606,20.911,47.823
2.3815,21.679,46.128
2.4032,20.87,47.917
2.4241,19.403,51.539
2.4435,21.128,47.33
2.4646,19.51,51.255
2.4841,19.819,50.456
2.5039,20.999,47.622
2.5249,19.372,51.62
2.5443,19.845,50.391
2.5642,21.68,46.125
2.5858,19.938,50.156
2.6058,19.787,50.539
2.6256,20.785,48.113
2.6463,20.311,49.233
2.6667,20.559,48.64
2.6872,20.52,48.733
2.7077,21.744,45.99
2.7295,21.362,46.812
2.7508,20.809,48.055
2.7716,19.778,50.562
2.7914,21.246,47.067
2.8127,60.408,16.554
2.8731,19.87,50.326
2.8929,21.382,46.769
2.9143,22.061,45.328
2.9364,20.998,47.624
2.9574,20.716,48.273
2.9781,20.645,48.437
2.9987,18.923,52.845
3.0177,19.887,50.285
3.0376,19.513,51.248
3.0571,20.064,49.841
3.0771,19.773,50.573
3.0969,22.802,43.856
3.1197,18.952,52.765
3.1387,18.607,53.744
3.1573,19.923,50.193
3.1772,20.989,47.644
3.1982,20.035,49.912
3.2182,21.072,47.455
3.2393,19.754,50.623
3.259,19.932,50.17
3.279,21.343,46.853
3.3003,20.825,48.019
3.3211,19.838,50.409
3.341,19.774,50.572
3.3608,20.678,48.361
3.3814,19.948,50.13
3.4014,22.293,44.857
3.4237,21.377,46.779
3.4451,22.022,45.409
3.4671,20.205,49.493
3.4873,18.356,54.477
3.5056,20.19,49.53
3.5258,21.62,46.253
3.5474,21.918,45.626
3.5694,21.718,46.045
3.5911,19.461,51.385
3.6105,20.361,49.113
3.6309,19.022,52.571
3.6499,21.182,47.21
3.6711,21.6,46.297
3.6927,22.538,44.369
3.7152,21.327,46.89
3.7366,18.721,53.416
3.7553,19.971,50.072
3.7753,20.059,49.853
3.7953,21.02,47.573
3.8163,19.421,51.492
3.8358,21.023,47.568
3.8568,20.742,48.211
3.8775,20.8,48.076
3.8983,19.719,50.712
3.918,20.998,47.624
3.939,21.558,46.385
3.9606,20.511,48.754
3.9811,19.194,52.101
4.0003,20.984,47.655
4.0213,19.442,51.434
4.0407,20.504,48.77
4.0612,18.654,53.608
4.0799,19.752,50.628
4.0996,20.31,49.237
4.12,20.259,49.36
4.1402,20.868,47.92
4.1611,20.121,49.699
4.1812,19.97,50.075
4.2012,21.776,45.923
4.223,20.056,49.859
4.243,19.101,52.354
4.2621,22.323,44.796
4.2844,19.126,52.286
4.3036,20.508,48.763
4.3241,21.143,47.297
4.3452,21.804,45.862
4.367,20.956,47.719
4.388,19.983,50.044
4.4079,20.472,48.848
4.4284,22.148,45.15
4.4506,20.335,49.176
4.4709,22.475,44.493
4.4934,19.346,51.69
4.5127,21.256,47.046
4.534,19.429,51.469
4.5534,22.669,44.112
4.5761,19.443,51.433
4.5955,20.049,49.877
4.6156,20.765,48.158
4.6363,22.461,44.521
4.6588,19.314,51.777
4.6781,20.171,49.575
4.6983,20.797,48.083
4.7191,20.553,48.655
4.7396,20.474,48.842
4.7601,21.81,45.85
4.7819,20.725,48.252
4.8026,20.758,48.175
4.8234,21.27,47.014
4.8447,19.975,50.063
4.8646,20.213,49.474
4.8849,21.439,46.644
4.9063,18.302,54.638
4.9246,21.517,46.475
4.9461,19.355,51.666
4.9655,20.478,48.833
4.9859,20.991,47.639
5.0069,20.552,48.657
5.0275,19.443,51.433
5.0469,21.054,47.496
5.068,20.493,48.796
5.0885,20.175,49.565
5.1087,21.562,46.378
5.1302,21.549,46.406
5.1518,20.582,48.585
5.1724,19.308,51.791
5.1917,21.508,46.494
5.2132,20.053,49.867
5.2332,36.762,27.202
5.27,19.063,52.457
5.289,19.505,51.269
5.3086,21.579,46.341
5.3301,20.5,48.782
5.3506,20.491,48.801
5.3711,17.916,55.815
5.389,19.775,50.57
5.4088,40.277,24.828
5.4491,19.762,50.602
5.4689,20.994,47.633
5.4898,20.387,49.051
5.5102,18.669,53.565
5.5289,20.547,48.668
5.5494,19.295,51.828
5.5687,19.524,51.22
5.5883,21.28,46.992
5.6095,20.933,47.771
5.6305,18.875,52.981
5.6494,19.922,50.196
5.6693,20.066,49.836
5.6893,21.371,46.792
5.7107,19.775,50.569
5.7305,19.573,51.092
5.7501,20.675,48.368
5.7707,20.545,48.673
5.7913,19.633,50.935
5.8109,21.637,46.216
5.8326,20.707,48.294
5.8533,19.451,51.411
5.8727,21.367,46.8
5.8941,21.064,47.474
5.9151,22.38,44.682
5.9375,21.101,47.39
5.9586,19.611,50.992
5.9782,20.522,48.728
5.9988,20.021,49.947
6.0188,20.849,47.965
6.0396,19.909,50.228
6.0595,20.049,49.877
6.0796,20.354,49.129
6.0999,20.254,49.373
6.1202,21.119,47.351
6.1413,20.682,48.351
6.162,20.37,49.092
6.1824,20.166,49.588
6.2025,21.428,46.669
6.224,21.017,47.581
6.245,21.723,46.034
6.2667,18.682,53.526
6.2854,21.237,47.087
6.3066,20.462,48.871
6.3271,21.641,46.209
6.3487,20.36,49.117
6.3691,19.707,50.742
6.3888,20.253,49.375
6.409,19.132,52.269
6.4282,19.698,50.766
6.4479,21.164,47.249
6.469,21.672,46.143
6.4907,20.942,47.751
6.5116,21.897,45.668
6.5335,20.828,48.013
6.5544,19.897,50.258
6.5743,19.982,50.045
6.5943,20.376,49.078
6.6146,20.139,49.656
6.6348,20.12,49.703
6.6549,20.891,47.868
6.6758,19.356,51.664
6.6951,20.783,48.117
6.7159,19.921,50.197
6.7358,21.56,46.383
6.7574,22.04,45.372
6.7794,20.957,47.716
6.8004,19.614,50.985
6.82,21.286,46.979
6.8413,21.595,46.306
6.8629,19.448,51.42
6.8823,20.986,47.652
6.9033,20.529,48.711
6.9239,20.133,49.669
6.944,20.802,48.072
6.9648,20.674,48.37
6.9855,20.336,49.175
7.0058,21.161,47.256
7.027,20.656,48.412
7.0476,21.725,46.031
7.0693,20.68,48.356
7.09,21.206,47.156
7.1112,19.358,51.659
7.1306,21.716,46.049
7.1523,20.202,49.5
7.1725,21.548,46.408
7.194,19.964,50.089
7.214,19.421,51.489
7.2334,20.031,49.924
7.2535,19.92,50.201
7.2734,20.742,48.211
7.2941,19.681,50.81
7.3138,19.21,52.057
7.333,20.429,48.95
7.3534,19.731,50.681
7.3732,21.955,45.548
7.3951,19.545,51.163
7.4147,21.792,45.889
7.4365,21.297,46.955
7.4578,20.656,48.412
7.4784,20.372,49.087
7.4988,21.018,47.577
7.5198,21.041,47.527
7.5409,21.471,46.575
7.5623,20.552,48.658
7.5829,20.583,48.584
7.6035,20.498,48.786
7.624,20.189,49.533
7.6441,20.807,48.061
7.665,20.838,47.989
7.6858,19.759,50.609
7.7056,19.604,51.01
7.7252,20.072,49.821
7.7452,21.499,46.514
7.7667,20.024,49.939
7.7868,17.805,56.164
7.8046,21.191,47.191
7.8257,20.001,49.996
7.8457,19.271,51.892
7.865,20.195,49.517
7.8852,20.835,47.996
7.906,21.001,47.617
7.9271,20.795,48.088
7.9478,20.834,47.999
7.9687,19.113,52.321
7.9878,19.828,50.433
8.0076,20.943,47.75
8.0286,19.797,50.513
8.0484,20.214,49.472
8.0686,20.134,49.667
8.0887,20.59,48.567
8.1093,22.047,45.358
8.1313,19.208,52.061
8.1506,22.093,45.263
8.1726,19.355,51.665
8.192,19.105,52.342
8.2111,20.092,49.772
8.2312,19.828,50.433
8.251,18.833,53.099
8.2699,19.689,50.79
8.2895,19.535,51.189
8.3091,19.714,50.726
8.3288,20.135,49.665
8.3489,18.43,54.258
8.3674,19.484,51.325
8.3868,20.194,49.521
8.407,19.944,50.141
8.427,20.183,49.545
8.4472,20.648,48.431
8.4678,19.859,50.355
8.4877,20.154,49.618
8.5078,19.865,50.34
8.5277,19.771,50.578
8.5475,19.023,52.569
8.5665,21.486,46.543
8.588,21.137,47.31
8.6091,19.424,51.484
8.6285,18.982,52.682
8.6475,20.793,48.093
8.6683,20.611,48.518
8.6889,18.793,53.211
8.7077,20.147,49.636
8.7279,20.771,48.145
8.7486,19.128,52.279
8.7678,20.067,49.833
8.7878,20.498,48.786
8.8083,19.009,52.606
8.8273,19.585,51.061
8.8469,20.295,49.272
8.8672,20.596,48.554
8.8878,20.153,49.621
8.908,20.086,49.786
8.928,17.737,56.379
8.9458,19.083,52.402
8.9649,19.773,50.573
8.9846,21.001,47.617
9.0056,19.848,50.383
9.0255,19.768,50.587
9.0453,21.12,47.349
9.0664,20.634,48.464
9.087,20.02,49.95
9.107,19.994,50.015
9.127,18.933,52.818
9.146,21.85,45.767
9.1678,19.341,51.704
9.1871,21.633,46.226
9.2088,19.287,51.85
9.2281,20.319,49.214
9.2484,19.235,51.988
9.2676,19.551,51.149
9.2872,20.911,47.821
9.3081,19.909,50.229
9.328,20.141,49.65
9.3481,20.803,48.07
9.3689,19.11,52.328
9.388,19.989,50.029
9.408,21.118,47.353
9.4292,18.61,53.735
9.4478,20.664,48.393
9.4684,17.63,56.72
9.4861,20.154,49.617
9.5062,21.632,46.227
9.5278,21.721,46.037
9.5496,19.992,50.02
9.5696,21.038,47.533
9.5906,19.723,50.703
9.6103,18.319,54.588
9.6286,21.135,47.314
9.6498,19.965,50.088
9.6697,22.235,44.973
9.692,19.197,52.09
9.7112,18.809,53.166
9.73,20.631,48.471
9.7506,19.793,50.524
9.7704,20.986,47.65
9.7914,20.277,49.316
9.8117,18.65,53.62
9.8303,19.597,51.029
9.8499,19.305,51.799
9.8692,21.273,47.008
9.8905,21.131,47.324
9.9116,20.45,48.899
9.9321,19.609,50.997
9.9517,22.077,45.295
9.9738,18.128,55.162
9.9919,20.829,48.009
10.0127,19.242,51.97
10.032,59.038,16.938
10.091,20.808,48.058
10.1118,22.034,45.384
10.1338,18.85,53.05
10.1527,18.498,54.061
10.1712,20.466,48.86
10.1917,19.689,50.789
10.2113,21.295,46.959
10.2326,20.289,49.288
10.2529,20.984,47.656
10.2739,18.686,53.515
10.2926,19.639,50.92
10.3122,19.63,50.943
10.3319,21.249,47.062
10.3531,19.198,52.088
10.3723,20.629,48.475
10.3929,20.653,48.419
10.4136,21.556,46.39
10.4351,20.617,48.503
10.4558,20.154,49.619
10.4759,20.585,48.579
10.4965,18.107,55.226
10.5146,19.633,50.935
10.5342,20.27,49.334
10.5545,20.808,48.059
10.5753,20.44,48.923
10.5958,19.593,51.04
10.6154,19.256,51.932
10.6346,29.191,34.258
10.6638,19.214,52.044
10.683,19.555,51.137
10.7026,19.585,51.058
10.7222,20.652,48.421
10.7428,19.754,50.622
10.7626,20.626,48.483
10.7832,19.943,50.142
10.8031,19.995,50.012
10.8231,18.472,54.135
10.8416,19.754,50.622
10.8614,19.403,51.538
10.8808,20.032,49.921
10.9008,19.884,50.293
10.9207,20.986,47.651
10.9417,19.29,51.839
10.961,19.648,50.897
10.9806,20.877,47.9
11.0015,18.83,53.107
11.0203,21.101,47.391
11.0414,18.37,54.435
11.0598,18.673,53.554
11.0784,18.996,52.643
11.0974,19.037,52.53
11.1165,18.282,54.7
11.1348,20.983,47.659
11.1557,20.801,48.074
11.1765,20.144,49.641
11.1967,18.749,53.335
11.2154,20.236,49.416
11.2357,18.782,53.242
11.2545,19.59,51.047
11.274,18.861,53.019
11.2929,20.715,48.274
11.3136,20.579,48.593
11.3342,18.577,53.831
11.3528,19.287,51.847
11.3721,21.046,47.515
11.3931,20.934,47.77
11.414,21.21,47.148
11.4353,20.24,49.408
11.4555,19.104,52.345
11.4746,20.281,49.307
11.4949,19.048,52.498
11.5139,19.19,52.112
11.5331,19.34,51.706
11.5525,19.67,50.838
11.5721,19.691,50.784
11.5918,19.212,52.05
11.611,19.072,52.434
11.6301,18.244,54.812
11.6484,20.151,49.625
11.6685,20.6,48.545
11.6891,19.382,51.595
11.7085,19.511,51.254
11.728,29.146,34.31
11.7571,20.131,49.674
11.7773,20.07,49.826
11.7973,19.414,51.509
11.8168,22.31,44.823
11.8391,20.286,49.294
11.8594,18.173,55.027
11.8775,19.824,50.444
11.8973,20.904,47.837
11.9183,20.086,49.787
11.9383,17.772,56.267
11.9561,18.999,52.634
11.9751,20.832,48.003
11.9959,20.651,48.423
12.0166,20.077,49.808
12.0367,20.139,49.654
12.0568,18.859,53.024
12.0757,19.444,51.43
12.0951,19.711,50.734
12.1148,20.354,49.131
12.1352,20.887,47.876
12.1561,19.145,52.233
12.1752,17.375,57.553
12.1926,18.481,54.11
12.2111,20.889,47.871
12.232,20.407,49.003
12.2524,20.225,49.443
12.2726,19.964,50.091
12.2925,18.771,53.274
12.3113,19.958,50.105
12.3313,18.322,54.579
12.3496,18.619,53.709
12.3682,19.444,51.429
12.3877,20.265,49.346
12.4079,20.458,48.881
12.4284,20.262,49.353
12.4486,20.011,49.973
12.4687,19.973,50.068
12.4886,19.044,52.509
12.5077,20.757,48.178
12.5284,17.819,56.119
12.5463,18.776,53.259
12.565,18.662,53.584
12.5837,19.686,50.799
12.6034,19.817,50.461
12.6232,20.867,47.924
12.6441,19.031,52.547
12.6631,20.091,49.773
12.6832,17.682,56.556
12.7009,18.835,53.092
12.7197,19.213,52.049
12.7389,21.095,47.405
12.76,19.199,52.085
12.7792,19.132,52.268
12.7983,18.852,53.046
12.8172,20.718,48.266
12.8379,20.652,48.421
12.8586,19.126,52.286
12.8777,18.977,52.695
12.8967,22.013,45.427
12.9187,19.949,50.127
12.9386,18.736,53.373
12.9574,20.393,49.035
12.9778,19.319,51.761
12.9971,20.797,48.085
13.0179,19.312,51.78
13.0372,20.058,49.856
13.0572,20.295,49.273
13.0775,21.371,46.792
13.0989,18.207,54.923
13.1171,19.087,52.393
13.1362,19.7,50.76
13.1559,18.99,52.658
13.1749,19.375,51.612
13.1943,20.394,49.034
13.2147,20.275,49.323
13.2349,20.309,49.239
13.2552,19.228,52.008
13.2745,19.672,50.834
13.2941,18.804,53.181
13.3129,19.28,51.866
13.3322,19.564,51.114
13.3518,19.565,51.112
13.3714,19.803,50.498
13.3912,18.942,52.793
13.4101,20.598,48.548
13.4307,20.642,48.444
13.4513,19.29,51.841
13.4706,20.335,49.176
13.491,18.769,53.28
13.5097,21.186,47.2
13.5309,19.202,52.079
13.5501,20.757,48.177
13.5709,20.106,49.737
13.591,20.823,48.024
13.6118,18.816,53.147
13.6306,19.174,52.154
13.6498,21.439,46.645
13.6712,20.468,48.856
13.6917,21.088,47.421
13.7128,19.529,51.207
13.7323,19.421,51.492
13.7517,19.373,51.618
13.7711,21.292,46.965
13.7924,21.236,47.09
13.8136,18.366,54.448
13.832,21.248,47.063
13.8533,19.89,50.277
13.8732,19.972,50.07
13.8931,19.972,50.07
13.9131,19.028,52.554
13.9321,19.763,50.599
13.9519,21.185,47.204
13.9731,18.143,55.117
13.9912,19.884,50.292
14.0111,19.288,51.845
14.0304,20.263,49.35
14.0506,20.717,48.269
14.0714,20.768,48.15
14.0921,20.306,49.246
14.1124,21.57,46.36
14.134,20.277,49.318
14.1543,19.727,50.692
14.174,19.09,52.383
14.1931,20.407,49.003
14.2135,20.353,49.134
14.2339,20.96,47.709
14.2548,18.792,53.214
14.2736,21.392,46.747
14.295,21.771,45.932
14.3168,20.749,48.195
14.3375,20.208,49.486
14.3577,20.442,48.919
14.3782,21.013,47.59
14.3992,20.278,49.314
14.4195,17.742,56.363
14.4372,21.724,46.032
14.4589,19.46,51.388
14.4784,19.296,51.825
14.4977,21.062,47.48
14.5188,19.565,51.112
14.5383,18.95,52.772
14.5573,20.561,48.635
14.5778,18.547,53.918
14.5964,19.103,52.348
14.6155,20.402,49.016
14.6359,18.533,53.959
14.6544,20.35,49.14
14.6748,18.916,52.866
14.6937,21.993,45.47
14.7157,20.24,49.407
14.7359,18.852,53.043
14.7548,19.671,50.836
14.7744,18.92,52.855
14.7934,18.779,53.25
14.8121,20.115,49.714
14.8322,20.023,49.942
14.8523,20.527,48.715
14.8728,21.968,45.52
14.8948,19.668,50.844
14.9144,21.091,47.413
14.9355,20.854,47.952
14.9564,19.134,52.264
14.9755,18.992,52.652
14.9945,18.912,52.876
15.0134,19.02,52.576
15.0324,19.776,50.566
15.0522,21.16,47.26
15.0734,22.005,45.444
15.0954,19.865,50.34
15.1152,21.582,46.336
15.1368,19.994,50.015
15.1568,21.189,47.195
15.178,21.9,45.662
15.1999,18.432,54.254
15.2183,19.369,51.628
15.2377,22.076,45.297
15.2598,19.401,51.545
15.2792,20.51,48.757
15.2997,19.612,50.988
15.3193,21.59,46.318
15.3409,19.094,52.374
15.36,19.528,51.21
15.3795,20.821,48.027
15.4003,20.138,49.657
15.4205,19.851,50.376
15.4403,20.011,49.972
15.4603,22.423,44.598
15.4828,21.046,47.514
15.5038,20.161,49.601
15.524,59.061,16.932
15.583,20.963,47.703
15.604,52.904,18.902
15.6569,21.74,45.998
15.6786,21.158,47.264
15.6998,20.51,48.758
15.7203,21.047,47.512
15.7414,19.314,51.775
15.7607,21.162,47.254
15.7818,20.043,49.892
15.8019,19.659,50.866
15.8215,20.165,49.591
15.8417,20.395,49.032
15.8621,19.432,51.461
15.8815,19.43,51.466
15.901,20.163,49.595
15.9211,19.589,51.048
15.9407,19.906,50.237
15.9606,18.847,53.059
15.9795,19.355,51.666
15.9988,19.966,50.084
16.0188,19.916,50.21
16.0387,19.353,51.672
16.0581,18.754,53.321
16.0768,20.738,48.22
16.0975,18.937,52.807
16.1165,19.812,50.476
16.1363,19.997,50.008
16.1563,21.595,46.307
16.1779,20.971,47.684
16.1989,20.058,49.857
16.2189,21.714,46.052
16.2406,19.854,50.367
16.2605,19.296,51.825
16.2798,20.987,47.648
16.3008,21.999,45.457
16.3228,20.583,48.584
16.3433,21.326,46.891
16.3647,20.595,48.556
16.3853,20.947,47.74
16.4062,20.083,49.794
16.4263,21.83,45.809
16.4481,20.454,48.89
16.4686,21.741,45.997
16.4903,20.246,49.392
16.5106,20.387,49.05
16.531,20.024,49.941
16.551,19.807,50.488
16.5708,20.195,49.517
16.591,19.599,51.023
16.6106,20.427,48.955
16.631,21.266,47.023
16.6523,22.617,44.215
16.6749,20.151,49.626
16.695,20.129,49.681
16.7152,22.194,45.058
16.7374,22.849,43.766
16.7602,22.043,45.366
16.7823,20.657,48.409
16.8029,20.548,48.666
16.8235,20.455,48.888
16.8439,21.424,46.677
16.8653,19.903,50.244
16.8852,20.028,49.93
16.9053,20.306,49.246
16.9256,21.462,46.594
16.947,20.749,48.195
16.9678,18.882,52.962
16.9867,20.693,48.326
17.0074,21.416,46.693
17.0288,20.673,48.373
17.0495,21.591,46.316
17.071,21.381,46.769
17.0924,22.942,43.588
17.1154,29.555,33.835
17.1449,20.552,48.658
17.1655,44.224,22.612
17.2097,35.449,28.209
17.2451,20.935,47.767
17.2661,20.469,48.854
17.2865,21.888,45.688
17.3084,21.26,47.036
17.3297,22.63,44.188
17.3523,20.042,49.894
17.3724,21.057,47.49
17.3934,21.337,46.867
17.4148,22.014,45.426
17.4368,21.71,46.061
17.4585,22.596,44.255
17.4811,21.217,47.133
17.5023,20.507,48.764
17.5228,21.576,46.348
17.5444,21.068,47.466
17.5655,19.381,51.598
17.5848,21.446,46.628
17.6063,21.327,46.889
17.6276,22.318,44.807
17.6499,21.139,47.305
17.6711,20.319,49.216
17.6914,20.31,49.238
17.7117,21.234,47.093
17.7329,21.207,47.154
17.7541,21.715,46.052
17.7758,20.265,49.345
17.7961,19.892,50.272
17.816,20.344,49.155
17.8363,21.254,47.051
17.8576,21.997,45.462
17.8796,20.312,49.233
17.8999,21.52,46.468
17.9214,19.184,52.126
17.9406,22.348,44.746
17.963,20.35,49.14
17.9833,20.452,48.896
18.0038,21.722,46.037
18.0255,21.383,46.766
18.0469,21.4,46.729
18.0683,20.891,47.868
18.0892,20.522,48.728
18.1097,21.267,47.021
18.131,21.306,46.936
18.1523,20.697,48.315
18.173,20.605,48.533
18.1936,20.022,49.945
18.2136,21.546,46.412
18.2351,21.824,45.822
18.2569,19.93,50.174
18.2769,18.518,54.003
18.2954,20.508,48.76
18.3159,19.652,50.885
18.3356,22.895,43.678
18.3585,22.073,45.305
18.3805,19.87,50.327
18.4004,20.848,47.966
18.4212,21.484,46.546
18.4427,20.945,47.744
18.4637,22.343,44.756
18.486,21.151,47.279
18.5072,22.869,43.727
18.53,20.946,47.743
18.551,21.354,46.83
18.5723,21.544,46.416
18.5939,21.16,47.259
18.615,21.53,46.447
18.6366,20.837,47.992
18.6574,19.225,52.015
18.6766,21.031,47.549
18.6977,20.241,49.404
18.7179,20.921,47.799
18.7388,20.109,49.729
18.7589,21.348,46.843
18.7803,21.728,46.023
18.802,21.462,46.594
18.8235,21.332,46.878
18.8448,21.717,46.048
18.8665,20.413,48.99
18.8869,22.155,45.136
18.9091,22.314,44.814
18.9314,21.887,45.689
18.9533,19.69,50.788
18.973,20.442,48.919
18.9934,22.006,45.442
19.0154,21.319,46.906
19.0367,22.049,45.353
19.0588,21.517,46.474
19.0803,21.96,45.537
19.1023,21.576,46.349
19.1239,22.478,44.488
19.1463,21.231,47.102
19.1676,20.333,49.181
19.1879,21.374,46.785
19.2093,20.297,49.269
19.2296,19.775,50.569
19.2493,20.909,47.827
19.2702,21.966,45.524
19.2922,20.921,47.8
19.3131,22.261,44.922
19.3354,21.098,47.398
19.3565,21.08,47.439
19.3776,21.466,46.585
19.399,22.125,45.197
19.4212,20.207,49.489
19.4414,20.738,48.221
19.4621,20.768,48.152
19.4829,22.037,45.378
19.5049,21.949,45.561
19.5269,20.674,48.37
19.5475,21.98,45.495
19.5695,21.202,47.166
19.5907,21.312,46.922
19.612,21.077,47.445
19.6331,20.706,48.295
19.6538,19.426,51.477
19.6732,21.19,47.192
19.6944,21.342,46.856
19.7158,21.315,46.915
19.7371,20.804,48.067
19.7579,21.095,47.404
19.779,19.698,50.767
19.7987,20.951,47.73
19.8196,20.702,48.304
19.8403,21.024,47.565
19.8614,21.777,45.921
19.8831,22.478,44.487
19.9056,21.033,47.545
19.9266,21.249,47.061
19.9479,21.375,46.784
19.9693,22.592,44.264
19.9919,21.85,45.766
20.0137,21.836,45.797
20.0355,21.357,46.822
20.0569,21.105,47.383
20.078,21.877,45.709
20.0999,20.973,47.681
20.1209,22.452,44.54
20.1433,20.865,47.927
20.1642,21.21,47.148
20.1854,20.062,49.847
20.2054,20.524,48.724
20.226,23.928,41.792
20.2499,21.495,46.522
20.2714,20.568,48.62
20.292,20.184,49.544
20.3121,21.782,45.909
20.3339,20.504,48.77
20.3544,21.327,46.889
20.3758,20.999,47.622
20.3968,21.808,45.855
20.4186,22.296,44.852
20.4409,22.249,44.946
20.4631,23.705,42.184
20.4868,22.732,43.991
20.5095,20.593,48.56
20.5301,22.065,45.321
20.5522,22.816,43.829
20.575,23.302,42.915
20.5983,22.227,44.991
20.6206,19.647,50.898
20.6402,22.085,45.279
20.6623,19.372,51.622
20.6817,21.82,45.829
20.7035,21.986,45.484
20.7255,22.373,44.696
20.7478,21.351,46.836
20.7692,20.385,49.055
20.7896,22.626,44.196
20.8122,21.187,47.198
20.8334,21.619,46.256
20.855,22.377,44.688
20.8774,21.645,46.199
20.899,21.587,46.324
20.9206,21.091,47.413
20.9417,22.065,45.32
20.9638,20.015,49.962
20.9838,21.905,45.651
21.0057,20.825,48.019
21.0265,22.794,43.87
21.0493,20.466,48.862
21.0698,21.738,46.002
21.0915,20.725,48.252
21.1122,22.938,43.597
21.1352,20.451,48.897
21.1556,20.316,49.223
21.1759,20.393,49.036
21.1963,21.641,46.209
21.218,21.531,46.444
21.2395,22.052,45.347
21.2616,21.442,46.637
21.283,22.962,43.551
21.306,20.377,49.075
21.3263,23.289,42.939
21.3496,20.297,49.267
21.3699,20.643,48.442
21.3906,21.837,45.793
21.4124,20.795,48.089
21.4332,20.959,47.712
21.4542,20.112,49.721
21.4743,23.243,43.023
21.4975,20.059,49.853
21.5176,21.719,46.044
21.5393,20.836,47.993
21.5601,20.312,49.232
21.5804,22.311,44.821
21.6028,21.512,46.486
21.6243,20.995,47.63
21.6453,19.935,50.162
21.6652,21.056,47.492
21.6863,21.955,45.547
21.7082,22.118,45.213
21.7303,20.619,48.498
21.7509,19.045,52.507
21.77,22.649,44.153
21.7926,23.348,42.83
21.816,22.216,45.012
21.8382,22.159,45.129
21.8604,20.536,48.695
21.8809,22.72,44.015
21.9036,21.887,45.69
21.9255,21.975,45.507
21.9475,20.286,49.296
21.9678,21.345,46.849
21.9891,20.186,49.54
22.0093,21.081,47.436
22.0304,22.55,44.346
22.0529,22.764,43.928
22.0757,20.218,49.461
22.0959,21.478,46.56
22.1174,52.148,19.176
22.1695,23.187,43.127
22.1927,21.537,46.431
22.2143,20.758,48.174
22.235,21.341,46.857
22.2564,20.848,47.966
22.2772,20.711,48.283
22.2979,18.446,54.213
22.3164,21.02,47.574
22.3374,20.831,48.005
22.3582,21.264,47.027
22.3795,20.33,49.188
22.3998,21.343,46.853
22.4212,21.567,46.368
22.4427,20.762,48.164
22.4635,20.371,49.09
22.4839,22.795,43.87
22.5067,43.55,22.962
22.5502,21.43,46.663
22.5716,20.309,49.24
22.5919,20.172,49.573
22.6121,19.554,51.141
22.6317,22.153,45.141
22.6538,21.491,46.532
22.6753,20.477,48.836
22.6958,20.768,48.152
22.7166,20.57,48.615
22.7371,20.441,48.922
22.7576,21.685,46.114
22.7792,21.713,46.056
22.801,22.632,44.185
22.8236,21.819,45.831
22.8454,19.956,50.111
22.8654,21.382,46.768
22.8868,20.153,49.621
22.9069,19.221,52.028
22.9261,19.461,51.384
22.9456,22.193,45.058
22.9678,21.028,47.556
22.9888,20.16,49.603
23.009,21.691,46.101
23.0307,20.466,48.862
23.0511,21.468,46.58
23.0726,20.857,47.946
23.0934,19.119,52.303
23.1126,20.935,47.767
23.1335,20.184,49.543
23.1537,20.321,49.21
23.174,22.243,44.958
23.1963,21.374,46.786
23.2176,20.402,49.015
23.238,21.326,46.892
23.2594,22.058,45.336
23.2814,20.857,47.945
23.3023,21.686,46.114
23.324,22.281,44.882
23.3462,21.466,46.585
23.3677,21.998,45.459
23.3897,20.546,48.671
23.4102,20.2,49.504
23.4304,19.743,50.651
23.4502,21.174,47.229
23.4714,22.434,44.576
23.4938,22.916,43.638
23.5167,20.875,47.904
23.5376,22.684,44.083
23.5603,20.821,48.029
23.5811,21.359,46.819
23.6024,21.527,46.453
23.624,20.153,49.619
23.6441,20.486,48.815
23.6646,20.807,48.061
23.6854,21.076,47.446
23.7065,19.668,50.843
23.7262,21.615,46.265
23.7478,20.955,47.721
23.7687,20.493,48.796
23.7892,20.713,48.279
23.8099,19.989,50.027
23.8299,19.831,50.427
23.8498,20.022,49.946
23.8698,20.152,49.622
23.8899,20.971,47.684
23.9109,21.13,47.325
23.932,20.119,49.703
23.9522,20.575,48.604
23.9727,21.886,45.691
23.9946,22.281,44.882
24.0169,20.387,49.05
24.0373,19.73,50.685
24.057,20.199,49.506
24.0772,20.474,48.843
24.0977,20.958,47.715
24.1186,20.701,48.306
24.1394,19.819,50.455
24.1592,20.917,47.807
24.1801,20.783,48.115
24.2009,20.514,48.746
24.2214,19.162,52.188
24.2405,21.487,46.54
24.262,23.052,43.38
24.2851,19.262,51.915
24.3043,21.516,46.477
24.3259,20.401,49.017
24.3463,20.838,47.988
24.3671,21.371,46.792
24.3885,20.258,49.363
24.4087,20.619,48.498
24.4294,20.679,48.359
24.45,20.607,48.527
24.4706,19.751,50.63
24.4904,17.788,56.216
24.5082,20.313,49.23
24.5285,19.814,50.47
24.5483,18.889,52.942
24.5672,21.098,47.399
24.5883,19.464,51.377
24.6078,19.117,52.31
24.6269,20.188,49.535
24.6471,20.547,48.67
24.6676,20.952,47.728
24.6886,21.334,46.872
24.7099,21.318,46.909
24.7312,19.963,50.093
24.7512,20.587,48.574
24.7718,19.28,51.868
24.791,21.056,47.493
24.8121,21.062,47.478
24.8332,20.732,48.234
24.8539,21.193,47.185
24.8751,20.707,48.292
24.8958,20.119,49.704
24.9159,20.136,49.663
24.936,18.947,52.78
24.955,21.779,45.915
24.9768,20.665,48.39
24.9974,19.017,52.584
25.0165,20.873,47.909
25.0373,18.448,54.206
25.0558,21.761,45.954
25.0775,21.474,46.568
25.099,21.533,46.44
25.1205,20.763,48.163
25.1413,19.848,50.382
25.1612,20.072,49.821
25.1812,20.584,48.581
25.2018,21.444,46.633
25.2233,20.988,47.646
25.2442,20.604,48.534
25.2648,20.472,48.847
25.2853,19.124,52.291
25.3044,20.043,49.894
25.3245,20.929,47.782
25.3454,21.432,46.66
25.3668,18.169,55.038
25.385,18.685,53.519
25.4037,19.246,51.958
25.4229,22.901,43.666
25.4458,20.251,49.38
25.4661,20.355,49.128
25.4865,20.374,49.083
25.5068,19.759,50.61
25.5266,20.211,49.479
25.5468,20.844,47.976
25.5676,21.748,45.981
25.5894,19.316,51.772
25.6087,20.735,48.229
25.6294,19.869,50.329
25.6493,20.547,48.669
25.6699,18.837,53.088
25.6887,19.482,51.329
25.7082,19.357,51.66
25.7275,20.466,48.862
25.748,20.332,49.184
25.7683,58.394,17.125
25.8267,19.01,52.605
25.8457,19.552,51.146
25.8653,19.966,50.086
25.8852,18.561,53.877
25.9038,18.877,52.974
25.9227,53.031,18.857
25.9757,20.282,49.304
25.996,20.409,48.998
26.0164,20.148,49.631
26.0366,20.084,49.79
26.0566,21.855,45.757
26.0785,21.074,47.452
26.0996,19.321,51.757
26.1189,22.467,44.51
26.1414,20.406,49.006
26.1618,18.301,54.641
26.1801,32.684,30.596
26.2127,20.463,48.868
26.2332,20.018,49.956
26.2532,36.337,27.52
26.2896,19.803,50.499
26.3094,18.174,55.024
26.3275,19.446,51.425
26.347,19.822,50.449
26.3668,20.475,48.841
26.3873,20.411,48.994
26.4077,19.545,51.164
26.4272,19.635,50.93
26.4469,20.463,48.868
26.4673,19.713,50.727
26.4871,18.675,53.548
26.5057,21.126,47.334
26.5269,20.401,49.016
26.5473,19.297,51.822
26.5666,20.298,49.265
26.5868,19.221,52.027
26.6061,17.649,56.659
26.6237,19.288,51.845
26.643,19.564,51.115
26.6626,20.006,49.985
26.6826,20.126,49.688
26.7027,20.81,48.054
26.7235,18.196,54.958
26.7417,19.91,50.226
26.7616,19.55,51.152
26.7812,20.513,48.75
26.8017,21.235,47.091
26.8229,21.931,45.597
26.8448,18.792,53.215
26.8636,20.483,48.822
26.8841,20.039,49.903
26.9042,18.598,53.77
26.9228,20.934,47.769
26.9437,17.69,56.53
26.9614,20.445,48.912
26.9818,18.885,52.951
27.0007,19.325,51.747
27.02,19.202,52.078
27.0392,18.542,53.932
27.0578,18.613,53.726
27.0764,20.232,49.428
27.0966,20.668,48.385
27.1173,18.899,52.914
27.1362,18.596,53.774
27.1548,19.927,50.182
27.1747,19.417,51.502
27.1941,20.795,48.09
27.2149,19.976,50.059
27.2349,19.993,50.019
27.2549,19.456,51.399
27.2744,18.548,53.915
27.2929,19.554,51.14
27.3125,20.309,49.239
27.3328,18.626,53.689
27.3514,18.616,53.716
27.37,19.966,50.085
27.39,20.305,49.249
27.4103,17.972,55.644
27.4282,20.008,49.98
27.4483,20.103,49.743
27.4684,18.515,54.011
27.4869,19.682,50.809
27.5066,19.541,51.174
27.5261,18.284,54.693
27.5444,19.199,52.085
27.5636,19.951,50.124
27.5835,19.007,52.613
27.6025,20.27,49.334
27.6228,18.289,54.677
27.6411,17.221,58.067
27.6583,21.22,47.124
27.6795,19.488,51.314
27.699,19.519,51.232
27.7185,20.331,49.185
27.7389,20.892,47.864
27.7598,18.312,54.608
27.7781,17.291,57.833
27.7954,18.286,54.687
27.8137,18.53,53.966
27.8322,19.288,51.845
27.8515,20.202,49.499
27.8717,20.128,49.683
27.8918,18.079,55.314
27.9099,19.924,50.19
27.9298,18.448,54.207
27.9483,20.662,48.398
27.9689,21.787,45.898
27.9907,18.542,53.931
28.0093,20.503,48.774
28.0298,19.149,52.223
28.0489,20.162,49.599
28.0691,19.146,52.231
28.0882,18.707,53.455
28.1069,19.165,52.178
28.1261,21.148,47.286
28.1472,19.523,51.223
28.1668,18.65,53.619
28.1854,19.694,50.777
28.2051,19.622,50.963
28.2247,20.226,49.441
28.2449,19.918,50.207
28.2649,19.548,51.157
28.2844,19.373,51.617
28.3038,19.581,51.07
28.3234,20.428,48.953
28.3438,20.734,48.231
28.3645,17.741,56.367
28.3823,19.643,50.908
28.4019,18.353,54.486
28.4203,18.865,53.008
28.4391,17.824,56.104
28.457,19.397,51.554
28.4763,19.46,51.387
28.4958,20.315,49.225
28.5161,19.704,50.75
28.5358,19.7,50.761
28.5555,19.107,52.336
28.5746,19.653,50.884
28.5943,19.592,51.043
28.6139,17.711,56.463
28.6316,17.856,56.005
28.6494,18.646,53.631
28.6681,20.842,47.98
28.6889,17.767,56.284
28.7067,19.259,51.923
28.726,18.805,53.176
28.7448,19.541,51.175
28.7643,18.347,54.504
28.7827,18.642,53.642
28.8013,19.442,51.434
28.8207,18.921,52.851
28.8397,20.13,49.676
28.8598,18.561,53.875
28.8784,19.324,51.749
28.8977,19.132,52.269
28.9168,18.198,54.95
28.935,19.762,50.603
28.9548,19.728,50.69
28.9745,18.767,53.284
28.9933,18.572,53.844
29.0118,19.507,51.264
29.0313,19.012,52.598
29.0504,18.898,52.915
29.0693,18.698,53.481
29.088,20.579,48.594
29.1085,18.748,53.339
29.1273,18.166,55.049
29.1454,18.323,54.577
29.1638,20.777,48.13
29.1845,19.081,52.408
29.2036,18.77,53.277
29.2224,18.55,53.907
29.2409,17.852,56.017
29.2588,20.868,47.921
29.2797,16.787,59.571
29.2965,19.235,51.989
29.3157,17.845,56.037
29.3335,18.825,53.122
29.3524,19.182,52.133
29.3715,17.799,56.182
29.3893,18.902,52.906
29.4082,17.722,56.426
29.426,18.407,54.327
29.4444,18.967,52.724
29.4633,20.374,49.082
29.4837,19.877,50.308
29.5036,18.671,53.558
29.5223,16.933,59.056
29.5392,20.656,48.413
29.5598,18.451,54.199
29.5783,18.09,55.278
29.5964,19.861,50.35
29.6162,18.743,53.354
29.635,19.482,51.33
29.6545,17.597,56.826
29.6721,18.902,52.903
29.691,31.527,31.718
29.7225,18.224,54.873
29.7407,17.564,56.935
29.7583,17.441,57.338
29.7757,19.309,51.789
29.795,19.132,52.269
29.8142,18.597,53.772
29.8328,19.864,50.342
29.8526,19.219,52.033
29.8718,20.049,49.878
29.8919,17.31,57.769
29.9092,19.189,52.114
29.9284,18.479,54.115
29.9469,19.321,51.756
29.9662,18.54,53.938
29.9847,17.348,57.643
30.0021,18.823,53.126
30.0209,20.232,49.426
30.0411,17.31,57.771
30.0584,20.117,49.71
30.0786,19.054,52.482
30.0976,19.134,52.262
30.1168,18.735,53.375
30.1355,20.924,47.793
30.1564,18.039,55.436
30.1745,20.651,48.423
30.1951,20.49,48.805
30.2156,19.122,52.296
30.2347,17.872,55.955
30.2526,17.985,55.601
30.2706,19.982,50.046
30.2906,18.586,53.804
30.3091,18.287,54.684
30.3274,19.416,51.505
30.3468,20.895,47.858
30.3677,18.43,54.259
30.3862,18.49,54.082
30.4047,19.851,50.376
30.4245,19.876,50.311
30.4444,19.142,52.241
30.4635,19.107,52.338
30.4826,19.107,52.337
30.5017,19.496,51.291
30.5212,17.868,55.965
30.5391,20.405,49.007
30.5595,19.882,50.297
30.5794,20.092,49.771
30.5995,18.805,53.176
30.6183,19.533,51.196
30.6378,18.071,55.336
30.6559,17.455,57.291
30.6733,19.286,51.851
30.6926,19.515,51.244
30.7122,18.882,52.959
30.731,17.74,56.369
30.7488,20.622,48.491
30.7694,18.004,55.542
30.7874,21.012,47.592
30.8084,19.126,52.285
30.8275,18.784,53.236
30.8463,20.868,47.921
30.8672,18.574,53.838
30.8858,18.1,55.247
30.9039,20.935,47.767
30.9248,18.409,54.32
30.9432,19.131,52.272
30.9623,18.109,55.222
30.9804,20.32,49.213
31.0008,18.393,54.369
31.0192,20.349,49.142
31.0395,19.64,50.918
31.0591,18.084,55.296
31.0772,19.047,52.503
31.0963,17.074,58.567
31.1134,17.665,56.61
31.131,19.063,52.459
31.1501,17.799,56.182
31.1679,18.658,53.597
31.1865,18.67,53.563
31.2052,19.462,51.383
31.2247,18.05,55.403
31.2427,17.574,56.904
31.2603,19.747,50.641
31.28,18.568,53.857
31.2986,18.378,54.414
31.317,19.645,50.905
31.3366,19.077,52.418
31.3557,18.45,54.201
31.3742,18.293,54.666
31.3925,18.594,53.78
31.411,19.564,51.115
31.4306,17.969,55.653
31.4486,18.433,54.252
31.467,19.159,52.196
31.4862,18.139,55.13
31.5043,17.922,55.798
31.5222,17.017,58.764
31.5392,19.834,50.42
31.5591,20.55,48.661
31.5796,19.69,50.788
31.5993,18.777,53.255
31.6181,18.546,53.921
31.6366,19.138,52.252
31.6558,19.01,52.604
31.6748,19.016,52.587
31.6938,17.62,56.753
31.7114,19.492,51.304
31.7309,19.892,50.27
31.7508,19.042,52.514
31.7699,18.886,52.948
31.7887,17.304,57.79
31.806,19.124,52.289
31.8252,18.213,54.905
31.8434,17.202,58.132
31.8606,20.358,49.12
31.8809,18.233,54.846
31.8992,19.596,51.031
31.9188,18.337,54.535
31.9371,19.976,50.06
31.9571,18.554,53.898
31.9756,18.915,52.869
31.9946,18.058,55.378
32.0126,17.653,56.646
32.0303,19.981,50.048
32.0502,18.864,53.012
32.0691,18.676,53.544
32.0878,18.383,54.398
32.1062,18.93,52.827
32.1251,19.335,51.721
32.1444,18.694,53.494
32.1631,18.237,54.834
32.1814,19.271,51.89
32.2006,19.578,51.078
32.2202,18.862,53.018
32.2391,39.255,25.475
32.2783,19.409,51.523
32.2977,19.278,51.874
32.317,19.232,51.996
32.3362,17.641,56.686
32.3539,18.867,53.002
32.3728,18.354,54.483
32.3911,19.914,50.215
32.411,19.009,52.608
32.43,19.144,52.236
32.4492,18.735,53.376
32.4679,18.535,53.952
32.4864,19.264,51.912
32.5057,17.302,57.795
32.523,18.511,54.021
32.5415,17.623,56.744
32.5591,18.055,55.386
32.5772,18.885,52.953
32.5961,21.41,46.707
32.6175,18.074,55.328
32.6356,20.114,49.718
32.6557,19.722,50.705
32.6754,18.152,55.09
32.6936,19.404,51.535
32.713,19.711,50.733
32.7327,18.329,54.559
32.751,18.462,54.166
32.7695,17.934,55.759
32.7874,20.112,49.721
32.8075,19.738,50.664
32.8272,18.749,53.337
32.846,19.818,50.459
32.8658,18.067,55.351
32.8839,19.685,50.801
32.9036,18.234,54.843
32.9218,19.247,51.956
32.941,19.296,51.823
32.9603,19.517,51.237
32.9799,20.788,48.106
33.0006,20.429,48.95
33.0211,19.096,52.368
33.0402,19.849,50.381
33.06,17.264,57.925
33.0773,18.26,54.763
33.0955,18.414,54.305
33.114,17.606,56.799
33.1316,20.262,49.353
33.1518,18.533,53.959
33.1704,17.162,58.27
33.1875,20.392,49.04
33.2079,20.364,49.107
33.2283,19.581,51.07
33.2479,19.513,51.249
33.2674,18.845,53.064
33.2862,18.512,54.02
33.3047,17.46,57.274
33.3222,19.042,52.516
33.3412,20.188,49.535
33.3614,18.698,53.481
33.3801,18.458,54.177
33.3986,17.731,56.399
33.4163,19.031,52.546
33.4353,19.086,52.394
33.4544,19.853,50.37
33.4743,19.384,51.589
33.4937,18.886,52.95
33.5125,17.952,55.703
33.5305,19.661,50.863
33.5502,19.395,51.559
33.5696,19.325,51.748
33.5889,20.019,49.952
33.6089,20.115,49.714
33.629,19.563,51.118
33.6486,19.169,52.167
33.6677,19.735,50.672
33.6875,16.919,59.104
33.7044,18.457,54.18
33.7229,18.384,54.395
33.7412,18.773,53.267
33.76,19.666,50.849
33.7797,20.22,49.456
33.7999,18.147,55.107
33.818,18.646,53.63
33.8367,20.56,48.638
33.8572,20.439,48.926
33.8777,18.098,55.254
33.8958,19.587,51.055
33.9154,19.484,51.323
33.9349,19.189,52.114
33.954,19.85,50.379
33.9739,18.436,54.24
33.9923,18.834,53.095
34.0112,19.579,51.076
34.0307,19.083,52.402
34.0498,19.812,50.475
34.0696,19.404,51.537
34.089,18.88,52.967
34.1079,19.601,51.019
34.1275,20.892,47.865
34.1484,19.622,50.964
34.168,20.563,48.63
34.1886,19.265,51.907
34.2079,19.372,51.622
34.2272,19.252,51.942
34.2465,19.663,50.856
34.2662,21.218,47.13
34.2874,18.563,53.872
34.3059,18.117,55.198
34.3241,19.355,51.665
34.3434,18.453,54.191
34.3619,18.72,53.418
34.3806,20.521,48.73
34.4011,19.326,51.743
34.4204,19.798,50.509
34.4402,20.901,47.846
34.4611,20.413,48.987
34.4815,20.568,48.62
34.5021,19.266,51.906
34.5214,20.345,49.152
34.5417,21.251,47.057
34.563,20.226,49.441
34.5832,20.186,49.539
34.6034,19.507,51.263
34.6229,19.585,51.06
34.6425,19.817,50.462
34.6623,18.611,53.732
34.6809,17.35,57.637
34.6983,18.063,55.363
34.7163,18.244,54.812
34.7346,19.416,51.505
34.754,19.761,50.604
34.7737,19.386,51.584
34.7931,18.062,55.365
34.8112,19.807,50.487
34.831,20.334,49.179
34.8513,17.792,56.205
34.8691,18.892,52.931
34.888,21.252,47.054
34.9093,18.52,53.995
34.9278,19.668,50.845
34.9474,20.185,49.541
34.9676,19.241,51.972
34.9869,19.421,51.491
35.0063,19.981,50.048
35.0263,18.259,54.769
35.0445,19.394,51.563
35.0639,18.584,53.811
35.0825,19.94,50.15
35.1025,19.116,52.314
35.1216,19.645,50.904
35.1412,19.302,51.807
35.1605,17.09,58.512
35.1776,19.914,50.216
35.1975,17.501,57.138
35.215,19.07,52.438
35.2341,58.989,16.952
35.2931,21.357,46.823
35.3144,19.149,52.221
35.3336,21.235,47.093
35.3548,19.068,52.444
35.3739,20.272,49.33
35.3942,31.592,31.653
35.4258,19.671,50.837
35.4454,18.872,52.989
35.4643,17.426,57.386
35.4817,20.035,49.912
35.5018,18.859,53.024
35.5206,20.054,49.865
35.5407,18.46,54.172
35.5591,19.739,50.66
35.5789,19.775,50.569
35.5986,19.58,51.073
35.6182,19.873,50.319
35.6381,19.58,51.073
35.6577,19.586,51.056
35.6773,19.924,50.191
35.6972,19.445,51.426
35.7166,18.048,55.407
35.7347,19.813,50.471
35.7545,20.06,49.851
35.7746,20.135,49.665
35.7947,19.161,52.188
35.8139,35.776,27.952
35.8496,20.052,49.87
35.8697,18.576,53.833
35.8883,19.501,51.278
35.9078,19.435,51.453
35.9272,19.053,52.485
35.9462,17.862,55.984
35.9641,19.746,50.643
35.9839,21.178,47.218
36.005,19.524,51.219
36.0246,19.832,50.424
36.0444,19.186,52.12
36.0636,19.827,50.437
36.0834,19.902,50.247
36.1033,20.991,47.64
36.1243,19.192,52.105
36.1435,18.535,53.951
36.162,19.631,50.94
36.1817,19.835,50.415
36.2015,20.562,48.632
36.222,18.904,52.9
36.241,20.689,48.335
36.2616,19.978,50.054
36.2816,18.921,52.852
36.3005,20.052,49.87
36.3206,21.183,47.207
36.3418,20.283,49.302
36.3621,19.207,52.064
36.3813,19.839,50.405
36.4011,19.021,52.572
36.4201,20.728,48.243
36.4409,19.124,52.291
36.46,18.273,54.726
36.4783,20.709,48.287
36.499,19.934,50.166
36.5189,20.774,48.138
36.5397,18.934,52.814
36.5586,19.486,51.319
36.5781,20.484,48.818
36.5986,20.516,48.742
36.6191,19.262,51.915
36.6384,19.039,52.523
36.6574,19.283,51.859
36.6767,19.183,52.129
36.6959,19.616,50.979
36.7155,18.911,52.88
36.7344,19.36,51.654
36.7537,19.094,52.372
36.7728,20.02,49.95
36.7929,18.97,52.714
36.8118,19.281,51.863
36.8311,17.163,58.266
36.8483,19.323,51.751
36.8676,19.645,50.904
36.8872,19.583,51.064
36.9068,18.752,53.329
36.9256,20.741,48.213
36.9463,18.444,54.219
36.9648,20.105,49.74
36.9849,19.358,51.658
37.0042,19.252,51.942
37.0235,18.776,53.259
37.0423,21.608,46.28
37.0639,18.908,52.886
37.0828,19.969,50.077
37.1027,18.64,53.648
37.1214,18.313,54.605
37.1397,19.01,52.603
37.1587,18.975,52.702
37.1777,20.082,49.795
37.1978,19.343,51.698
37.2171,18.345,54.512
37.2354,19.717,50.717
37.2552,19.1,52.355
37.2743,19.552,51.145
37.2938,19.245,51.961
37.3131,18.227,54.862
37.3313,21.978,45.501
37.3533,18.071,55.338
37.3713,18.092,55.273
37.3894,20.525,48.721
37.41,19.592,51.042
37.4295,19.385,51.585
37.4489,20.232,49.428
37.4692,19.137,52.256
37.4883,19.234,51.991
37.5075,19.053,52.484
37.5266,17.569,56.918
37.5442,20.467,48.859
37.5646,19.184,52.126
37.5838,18.597,53.773
37.6024,20.426,48.957
37.6228,19.89,50.277
37.6427,19.693,50.78
37.6624,20.474,48.842
37.6829,20.116,49.711
37.703,19.089,52.386
37.7221,18.212,54.91
37.7403,19.975,50.064
37.7603,19.019,52.578
37.7793,19.907,50.233
37.7992,17.584,56.871
37.8168,19.885,50.288
37.8367,18.898,52.915
37.8556,18.906,52.892
37.8745,20.337,49.171
37.8948,19.07,52.438
37.9139,17.76,56.307
37.9316,19.216,52.039
37.9509,19.988,50.029
37.9709,19.049,52.496
37.9899,19.824,50.445
38.0097,18.576,53.832
38.0283,19.456,51.398
38.0478,19.744,50.65
38.0675,18.23,54.855
38.0857,20.499,48.784
38.1062,19.308,51.792
38.1255,20.12,49.701
38.1457,19.122,52.296
38.1648,20.699,48.311
38.1855,18.668,53.569
38.2041,18.219,54.887
38.2224,17.735,56.384
38.2401,19.184,52.127
38.2593,18.905,52.897
38.2782,18.754,53.321
38.2969,18.578,53.828
38.3155,19.612,50.988
38.3351,20.058,49.857
38.3552,19.179,52.14
38.3744,18.481,54.11
38.3929,20.761,48.168
38.4136,20.218,49.461
38.4338,19.182,52.131
38.453,19.446,51.425
38.4725,19.521,51.226
38.492,18.578,53.827
38.5106,18.441,54.226
38.529,19.409,51.524
38.5484,19.142,52.242
38.5675,18.965,52.729
38.5865,19.615,50.981
38.6061,18.526,53.979
38.6247,20.017,49.958
38.6447,19.784,50.546
38.6645,18.405,54.334
38.6829,20.315,49.224
38.7032,19.349,51.682
38.7225,20.089,49.779
38.7426,19.872,50.323
38.7625,21.072,47.456
38.7836,19.886,50.286
38.8034,19.992,50.02
38.8234,17.52,57.076
38.841,18.489,54.086
38.8594,20.185,49.542
38.8796,19.676,50.822
38.8993,18.814,53.152
38.9181,19.072,52.433
38.9372,19.573,51.092
38.9568,18.956,52.754
38.9757,19.073,52.43
38.9948,18.43,54.259
39.0132,19.523,51.221
39.0327,18.676,53.544
39.0514,19.309,51.788
39.0707,19.991,50.023
39.0907,19.215,52.043
39.1099,19.513,51.247
39.1294,18.829,53.111
39.1483,20.464,48.865
39.1687,20.686,48.342
39.1894,18.043,55.422
39.2075,18.229,54.858
39.2257,18.779,53.252
39.2445,18.301,54.643
39.2628,18.714,53.435
39.2815,18.419,54.293
39.2999,19.36,51.654
39.3193,18.208,54.92
39.3375,18.217,54.894
39.3557,18.18,55.005
39.3739,19.814,50.468
39.3937,20.141,49.65
39.4138,18.328,54.561
39.4322,19.18,52.137
39.4513,19.072,52.433
39.4704,18.793,53.21
39.4892,27.907,35.834
39.5171,18.797,53.199
39.5359,20.626,48.481
39.5565,20.027,49.932
39.5766,20.044,49.889
39.5966,19.076,52.421
39.6157,18.043,55.422
39.6337,20.399,49.021
39.6541,18.492,54.077
39.6726,19.81,50.48
39.6924,19.16,52.192
39.7116,19.128,52.28
39.7307,19.173,52.157
39.7499,17.828,56.091
39.7677,18.777,53.256
39.7865,18.563,53.87
39.8051,18.267,54.745
39.8233,20.456,48.885
39.8438,19.251,51.946
39.863,18.047,55.409
39.8811,20.257,49.365
39.9013,18.925,52.84
39.9203,19.531,51.2
39.9398,19.413,51.513
39.9592,18.024,55.482
39.9772,18.51,54.026
39.9957,20.003,49.991
40.0157,18.191,54.972
40.0339,19.5,51.281
40.0534,20.02,49.95
40.0735,19.488,51.313
40.0929,18.706,53.46
40.1116,18.877,52.973
40.1305,19.32,51.759
40.1498,19.311,51.784
40.1692,17.851,56.019
40.187,20.125,49.69
40.2071,16.573,60.341
40.2237,20.126,49.686
40.2438,19.787,50.538
40.2636,20.775,48.135
40.2844,20.209,49.482
40.3046,19.614,50.983
40.3242,18.894,52.927
40.3431,19.489,51.311
40.3626,21.285,46.982
40.3839,17.268,57.911
40.4012,18.644,53.638
40.4198,18.348,54.501
40.4381,17.404,57.46
40.4555,20.429,48.95
40.476,19.316,51.772
40.4953,19.722,50.705
40.515,19.045,52.506
40.5341,19.556,51.134
40.5536,17.093,58.505
40.5707,18.237,54.834
40.5889,18.084,55.296
40.607,18.659,53.595
40.6257,20.434,48.937
40.6461,19.18,52.137
40.6653,16.925,59.083
40.6822,19.65,50.891
40.7019,17.159,58.278
40.719,20.324,49.203
40.7394,18.561,53.877
40.7579,19.227,52.011
40.7772,17.484,57.195
40.7946,20.045,49.888
40.8147,18.599,53.767
40.8333,18.132,55.151
40.8514,20.187,49.538
40.8716,17.436,57.354
40.889,20.393,49.036
40.9094,19.193,52.101
40.9286,17.813,56.139
40.9464,19.832,50.423
40.9663,18.406,54.329
40.9847,18.782,53.243
41.0035,19.082,52.405
41.0225,18.979,52.691
41.0415,18.575,53.836
41.0601,19.124,52.289
41.0792,16.983,58.884
41.0962,18.548,53.914
41.1147,17.768,56.281
41.1325,20.328,49.194
41.1528,18.679,53.537
41.1715,20.165,49.59
41.1917,19.163,52.183
41.2108,16.83,59.417
41.2277,18.617,53.714
41.2463,19.807,50.487
41.2661,17.364,57.591
41.2835,18.029,55.467
41.3015,18.842,53.074
41.3203,18.96,52.744
41.3393,19.302,51.809
41.3586,19.033,52.54
41.3776,18.836,53.089
41.3965,19.136,52.259
41.4156,19.982,50.044
41.4356,19.044,52.511
41.4546,19.147,52.226
41.4738,16.504,60.592
41.4903,18.478,54.117
41.5088,19.708,50.741
41.5285,19.424,51.483
41.5479,17.867,55.97
41.5658,17.609,56.788
41.5834,18.362,54.459
41.6017,18.701,53.473
41.6204,19.482,51.329
41.6399,18.567,53.858
41.6585,19.122,52.294
41.6776,19.623,50.96
41.6972,19.305,51.801
41.7165,18.858,53.028
41.7354,16.504,60.592
41.7519,19.238,51.981
41.7711,17.645,56.672
41.7888,18.751,53.331
41.8075,18.726,53.402
41.8263,18.517,54.003
41.8448,19.505,51.269
41.8643,18.112,55.211
41.8824,16.734,59.758
41.8991,18.112,55.213
41.9172,18.009,55.528
41.9352,18.371,54.433
41.9536,18.658,53.597
41.9723,16.929,59.069
41.9892,17.889,55.899
42.0071,19.06,52.465
42.0261,19.26,51.92
42.0454,17.28,57.87
42.0627,16.925,59.083
42.0796,18.366,54.45
42.098,17.096,58.494
42.1151,17.598,56.825
42.1327,17.898,55.872
42.1506,18.554,53.897
42.1691,16.436,60.843
42.1856,18.423,54.279
42.204,18.393,54.37
42.2224,16.79,59.56
42.2392,18.575,53.836
42.2577,18.938,52.804
42.2767,16.793,59.55
42.2935,16.914,59.124
42.3104,17.979,55.621
42.3284,19.516,51.239
42.3479,18.057,55.381
42.3659,19.177,52.146
42.3851,17.743,56.362
42.4029,18.352,54.49
42.4212,16.977,58.903
42.4382,18.253,54.787
42.4564,18.628,53.684
42.4751,18.893,52.929
42.494,17.79,56.212
42.5117,17.232,58.03
42.529,18.363,54.456
42.5473,18.082,55.304
42.5654,17.372,57.563
42.5828,18.404,54.336
42.6012,19.23,52.003
42.6204,16.544,60.444
42.637,18.592,53.787
42.6556,18.549,53.911
42.6741,17.879,55.931
42.692,17.512,57.103
42.7095,17.815,56.133
42.7273,20.249,49.386
42.7476,17.714,56.454
42.7653,18.609,53.736
42.7839,17.195,58.155
42.8011,55.083,18.155
42.8562,18.569,53.853
42.8747,16.806,59.502
42.8915,17.309,57.774
42.9089,17.903,55.855
42.9268,18.008,55.531
42.9448,16.511,60.566
42.9613,16.562,60.38
42.9778,16.855,59.331
42.9947,16.885,59.224
43.0116,17.991,55.583
43.0296,17.634,56.708
43.0472,18.05,55.403
43.0653,17.558,56.953
43.0828,16.75,59.702
43.0996,18.424,54.278
43.118,18.067,55.351
43.1361,17.404,57.459
43.1535,17.835,56.069
43.1713,17.982,55.611
43.1893,17.367,57.581
43.2066,18.045,55.416
43.2247,17.479,57.212
43.2422,17.024,58.742
43.2592,18.352,54.49
43.2775,18.405,54.332
43.2959,18.619,53.708
43.3146,18.736,53.374
43.3333,18.458,54.177
43.3518,17.1,58.48
43.3689,16.94,59.031
43.3858,18.439,54.234
43.4042,16.087,62.162
43.4203,16.762,59.66
43.4371,18.028,55.469
43.4551,16.651,60.056
43.4718,17.907,55.844
43.4897,17.281,57.866
43.507,17.266,57.917
43.5242,17.718,56.439
43.5419,35.537,28.14
43.5775,18.506,54.036
43.596,17.83,56.086
43.6138,16.713,59.832
43.6305,17.297,57.814
43.6478,18.227,54.865
43.666,17.678,56.569
43.6837,16.953,58.987
43.7007,18.046,55.413
43.7187,17.092,58.508
43.7358,17.338,57.676
43.7532,17.688,56.536
43.7708,19.426,51.477
43.7903,18.511,54.023
43.8088,17.188,58.18
43.826,38.013,26.307
43.864,17.672,56.586
43.8817,16.197,61.741
43.8979,18.706,53.458
43.9166,17.681,56.559
43.9342,15.717,63.626
43.95,18.148,55.101
43.9681,16.056,62.281
43.9842,18.202,54.939
44.0024,18.237,54.834
44.0206,16.146,61.934
44.0367,18.854,53.039
44.0556,17.335,57.688
44.0729,14.699,68.031
44.0876,16.535,60.476
44.1042,17.746,56.35
44.1219,17.25,57.97
44.1392,17.549,56.984
44.1567,17.105,58.462
44.1738,17.972,55.641
44.1918,17.819,56.121
44.2096,18.299,54.649
44.2279,17.349,57.639
44.2453,17.007,58.798
44.2623,19.738,50.664
44.282,15.726,63.589
44.2977,16.676,59.965
44.3144,16.435,60.847
44.3308,17.395,57.488
44.3482,17.21,58.105
44.3654,17.471,57.239
44.3829,17.636,56.701
44.4006,17.766,56.286
44.4183,15.824,63.195
44.4341,17.415,57.423
44.4516,16.314,61.298
44.4679,19.079,52.415
44.4869,15.953,62.683
44.5029,18.985,52.674
44.5219,17.308,57.777
44.5392,15.725,63.593
44.5549,15.77,63.413
44.5707,29.497,33.901
44.6002,17.838,56.059
44.618,17.178,58.213
44.6352,17.172,58.235
44.6524,17.7,56.499
44.6701,16.659,60.027
44.6867,17.509,57.114
44.7042,17.455,57.291
44.7217,17.318,57.743
44.739,17.418,57.411
44.7564,16.789,59.562
44.7732,18.089,55.282
44.7913,15.093,66.256
44.8064,16.061,62.264
44.8225,16.526,60.512
44.839,17.095,58.498
44.8561,15.057,66.412
44.8711,16.991,58.854
44.8881,17.924,55.792
44.9061,18.214,54.904
44.9243,18.03,55.463
44.9423,17.183,58.199
44.9595,17.367,57.58
44.9769,17.208,58.112
44.9941,15.715,63.634
45.0098,17.302,57.795
45.0271,16.625,60.151
45.0437,16.821,59.451
45.0605,17.242,57.998
45.0778,16.635,60.114
45.0944,15.944,62.72
45.1103,17.514,57.096
45.1279,17.432,57.365
45.1453,17.326,57.717
45.1626,18.328,54.562
45.1809,18.279,54.708
45.1992,16.705,59.863
45.2159,18.917,52.863
45.2348,17.474,57.229
45.2523,17.467,57.249
45.2698,17.469,57.244
45.2873,17.526,57.057
45.3048,17.453,57.295
45.3222,17.622,56.748
45.3399,18.239,54.829
45.3581,17.051,58.647
45.3751,18.082,55.304
45.3932,17.886,55.91
45.4111,16.558,60.395
45.4277,17.427,57.382
45.4451,16.784,59.579
45.4619,19.244,51.965
45.4811,17.85,56.023
45.499,16.62,60.169
45.5156,18.416,54.3
45.534,18.552,53.903
45.5526,18.383,54.399
45.5709,17.395,57.488
45.5883,17.059,58.62
45.6054,15.389,64.982
45.6208,17.258,57.943
45.638,17.379,57.54
45.6554,17.151,58.305
45.6726,17.429,57.375
45.69,18.112,55.213
45.7081,18.228,54.862
45.7263,16.308,61.319
45.7427,17.576,56.896
45.7602,15.811,63.246
45.776,16.104,62.098
45.7921,15.484,64.583
45.8076,16.753,59.69
45.8244,17.077,58.558
45.8415,16.188,61.774
45.8576,15.886,62.949
45.8735,16.768,59.639
45.8903,16.799,59.527
45.9071,19.388,51.578
45.9265,17.288,57.842
45.9438,17.564,56.934
45.9613,16.703,59.871
45.978,17.116,58.425
45.9952,18.65,53.62
46.0138,17.872,55.953
46.0317,15.988,62.545
46.0477,15.45,64.725
46.0631,16.985,58.876
46.0801,14.897,67.126
46.095,16.951,58.993
46.112,15.563,64.256
46.1275,17.482,57.202
46.145,17.09,58.512
46.1621,19.493,51.3
46.1816,15.872,63.004
46.1975,17.648,56.665
46.2151,16.567,60.361
46.2317,16.089,62.154
46.2478,18.056,55.382
46.2658,16.962,58.956
46.2828,16.565,60.368
46.2993,15.494,64.541
46.3148,18.68,53.534
46.3335,17.743,56.361
46.3513,16.654,60.046
46.3679,16.539,60.464
46.3844,16.291,61.384
46.4007,17.131,58.374
46.4179,15.817,63.225
46.4337,16.293,61.375
46.45,17.701,56.494
46.4677,18.516,54.009
46.4862,17.006,58.804
46.5032,17.469,57.243
46.5207,17.303,57.795
46.538,17.707,56.476
46.5557,16.684,59.937
46.5724,16.454,60.774
46.5888,16.094,62.135
46.6049,18.051,55.399
46.623,15.14,66.05
46.6381,16.588,60.285
46.6547,16.951,58.992
46.6716,17.418,57.413
46.6891,16.571,60.346
46.7056,17.096,58.494
46.7227,17.562,56.94
46.7403,17.301,57.801
46.7576,16.257,61.513
46.7738,18.472,54.137
46.7923,16.363,61.115
46.8087,15.791,63.329
46.8245,16.99,58.859
46.8415,16.866,59.292
46.8583,15.736,63.549
46.8741,17.113,58.434
46.8912,16.56,60.387
46.9077,17.734,56.39
46.9255,17.381,57.534
46.9429,15.485,64.579
46.9583,16.91,59.136
46.9752,15.978,62.586
46.9912,16.155,61.902
47.0074,17.535,57.028
47.0249,15.976,62.595
47.0409,18.957,52.752
47.0598,17.306,57.784
47.0772,18.346,54.508
47.0955,17.062,58.608
47.1126,16.306,61.326
47.1289,15.852,63.083
47.1447,16.093,62.139
47.1608,17.102,58.472
47.1779,19.411,51.516
47.1973,17.944,55.728
47.2153,17.127,58.389
47.2324,15.581,64.18
47.248,16.324,61.26
47.2643,18.427,54.269
47.2827,17.208,58.111
47.2999,16.795,59.542
47.3167,18.505,54.039
47.3352,17.541,57.009
47.3528,16.282,61.416
47.3691,18.284,54.691
47.3873,16.095,62.131
47.4034,17.697,56.507
47.4211,18.116,55.201
47.4393,16.972,58.922
47.4562,16.468,60.724
47.4727,17.75,56.34
47.4904,15.54,64.35
47.506,16.002,62.492
47.522,19.548,51.156
47.5415,15.929,62.778
47.5575,17.001,58.821
47.5745,17.489,57.178
47.592,15.466,64.658
47.6074,17.49,57.176
47.6249,17.002,58.817
47.6419,18.158,55.071
47.6601,15.752,63.484
47.6758,16.664,60.009
47.6925,16.092,62.141
47.7086,15.964,62.642
47.7245,17.596,56.832
47.7421,42.864,23.329
47.785,25.924,38.574
47.8109,16.637,60.105
47.8276,17.161,58.273
47.8447,16.315,61.293
47.861,16.96,58.963
47.878,18.78,53.248
47.8968,16.484,60.664
47.9133,17.265,57.921
47.9305,16.969,58.932
47.9475,17.188,58.181
47.9647,15.539,64.354
47.9802,18.519,53.999
47.9987,18.684,53.523
48.0174,15.465,64.663
48.0329,15.695,63.713
48.0486,15.347,65.158
48.0639,16.703,59.87
48.0806,17.713,56.456
48.0983,16.828,59.424
48.1152,16.261,61.497
48.1314,17.154,58.297
48.1486,16.241,61.574
48.1648,14.973,66.789
48.1798,17.82,56.115
48.1976,17.636,56.702
48.2153,16.467,60.726
48.2317,16.406,60.954
48.2481,17.241,58.001
48.2654,16.66,60.024
48.282,17.524,57.064
48.2996,15.46,64.682
48.315,16.512,60.561
48.3315,16.607,60.215
48.3481,16.695,59.9
48.3648,16.34,61.201
48.3812,16.763,59.655
48.3979,16.565,60.369
48.4145,15.218,65.712
48.4297,16.673,59.977
48.4464,16.618,60.174
48.463,16.511,60.567
48.4795,18.493,54.074
48.498,17.629,56.726
48.5156,16.299,61.352
48.5319,17.606,56.8
48.5495,18.606,53.746
48.5682,16.902,59.164
48.5851,15.919,62.816
48.601,16.251,61.534
48.6172,17.534,57.031
48.6348,16.829,59.422
48.6516,17.614,56.772
48.6692,18.264,54.751
48.6875,15.682,63.767
48.7032,16.072,62.221
48.7192,16.225,61.633
48.7354,16.441,60.823
48.7519,17.547,56.989
48.7694,16.987,58.87
48.7864,16.747,59.711
48.8032,16.448,60.797
48.8196,15.804,63.274
48.8354,17.663,56.616
48.8531,17.843,56.044
48.8709,17.943,55.733
48.8889,16.921,59.099
48.9058,17.257,57.946
48.923,17.879,55.931
48.9409,18.107,55.226
48.959,17.717,56.442
48.9768,17.368,57.578
48.9941,16.222,61.645
49.0103,18.458,54.177
49.0288,16.758,59.672
49.0456,17.476,57.223
49.063,16.136,61.975
49.0792,17.103,58.47
49.0963,15.098,66.236
49.1114,15.597,64.116
49.127,17.441,57.336
49.1444,17.185,58.19
49.1616,17.365,57.587
49.179,17.529,57.047
49.1965,18.027,55.473
49.2145,35.372,28.271
49.2499,16.821,59.451
49.2667,17.169,58.243
49.2839,17.275,57.886
49.3012,16.977,58.905
49.3181,17.638,56.695
49.3358,17.475,57.225
49.3532,15.826,63.188
49.3691,17.254,57.958
49.3863,17.69,56.529
49.404,16.723,59.798
49.4207,17.869,55.961
49.4386,16.711,59.842
49.4553,17.453,57.298
49.4728,17.718,56.44
49.4905,18.394,54.366
49.5089,18.208,54.921
49.5271,16.948,59.002
49.544,16.507,60.58
49.5605,16.973,58.915
49.5775,17.297,57.814
49.5948,19.335,51.72
49.6141,15.917,62.825
49.6301,19.302,51.809
49.6494,16.697,59.891
49.6661,17.216,58.085
49.6833,16.37,61.087
49.6996,16.862,59.306
49.7165,17.648,56.664
49.7342,15.88,62.971
49.75,16.676,59.966
49.7667,18.028,55.468
49.7847,19.311,51.785
49.8041,16.757,59.678
49.8208,15.478,64.608
49.8363,17.525,57.063
49.8538,17.456,57.286
49.8713,17.293,57.827
49.8886,16.258,61.507
49.9048,17.497,57.151
49.9223,17.828,56.09
49.9401,17.694,56.516
49.9578,16.05,62.306
49.9739,17.826,56.099
49.9917,17.482,57.202
50.0092,16.527,60.507
50.0257,16.969,58.93
50.0427,17.991,55.585
50.0607,17.859,55.995
50.0785,17.415,57.423
50.096,55.533,18.007
50.1515,16.763,59.654
50.1683,16.692,59.911
50.1849,17.616,56.766
50.2026,16.443,60.815
50.219,17.293,57.825
50.2363,17.52,57.079
50.2538,17.107,58.454
50.2709,17.466,57.255
50.2884,18.359,54.469
50.3068,19.289,51.842
50.326,18.948,52.777
50.345,20.449,48.903
50.3654,16.83,59.418
50.3823,16.416,60.916
50.3987,16.231,61.611
50.4149,16.165,61.864
50.4311,17.535,57.03
50.4486,16.641,60.094
50.4653,17.206,58.121
50.4825,15.565,64.248
50.498,16.506,60.583
50.5145,16.971,58.923
50.5315,18.148,55.102
50.5496,14.989,66.716
50.5646,17.465,57.256
50.5821,18.889,52.942
50.601,17.073,58.572
50.6181,17.017,58.763
50.6351,18.928,52.831
50.654,16.952,58.99
50.671,15.703,63.683
50.6867,15.51,64.474
50.7022,17.077,58.559
50.7193,16.725,59.789
50.736,17.355,57.619
50.7533,17.185,58.19
50.7705,17.052,58.643
50.7876,18.711,53.444
50.8063,17.167,58.251
50.8234,17.719,56.436
50.8412,16.177,61.816
50.8573,17.522,57.072
50.8749,17.211,58.101
50.8921,17.975,55.632
50.9101,38.799,25.774
50.9489,17.572,56.909
50.9664,19.479,51.338
50.9859,18.209,54.919
51.0041,16.522,60.524
51.0206,18.196,54.956
51.0388,17.986,55.599
51.0568,18.708,53.454
51.0755,17.526,57.059
51.0931,16.974,58.912
51.11,18.148,55.101
51.1282,18.41,54.32
51.1466,17.363,57.594
51.1639,15.751,63.489
51.1797,18.473,54.133
51.1982,18.853,53.043
51.217,19.141,52.243
51.2362,18.256,54.777
51.2544,17.034,58.705
51.2715,17.619,56.756
51.2891,17.14,58.342
51.3062,18.545,53.923
51.3248,18.764,53.292
51.3435,18.098,55.256
51.3616,18.119,55.192
51.3797,17.974,55.636
51.3977,18.151,55.094
51.4159,16.823,59.441
51.4327,17.105,58.461
51.4498,17.505,57.126
51.4673,17.506,57.123
51.4848,17.054,58.636
51.5019,17.629,56.725
51.5195,16.617,60.181
51.5361,17.524,57.065
51.5536,17.542,57.007
51.5712,16.325,61.254
51.5875,15.992,62.532
51.6035,16.773,59.62
51.6203,17.229,58.043
51.6375,19.207,52.064
51.6567,18.371,54.433
51.6751,19.086,52.395
51.6942,16.604,60.227
51.7108,16.489,60.648
51.7272,16.37,61.089
51.7436,17.853,56.013
51.7615,18.99,52.659
51.7805,17.49,57.176
51.7979,16.693,59.904
51.8146,15.781,63.367
51.8304,17.862,55.986
51.8483,17.101,58.475
51.8654,17.52,57.079
51.8829,17.573,56.907
51.9005,18.474,54.129
51.919,16.585,60.295
51.9355,17.282,57.864
51.9528,16.804,59.511
51.9696,18.448,54.207
51.9881,18.662,53.584
52.0067,28.229,35.425
52.035,16.599,60.246
52.0516,18.082,55.305
52.0696,17.704,56.484
52.0873,16.867,59.289
52.1042,17.637,56.7
52.1218,18.691,53.502
52.1405,17.95,55.709
52.1585,18.381,54.403
52.1769,18.921,52.852
52.1958,16.828,59.426
52.2126,15.985,62.56
52.2286,19.12,52.3
52.2477,16.344,61.183
52.2641,18.626,53.688
52.2827,17.048,58.658
52.2997,18.522,53.99
52.3183,18.341,54.524
52.3366,16.902,59.164
52.3535,17.428,57.377
52.3709,16.512,60.564
52.3874,18.482,54.108
52.4059,16.751,59.696
52.4227,17.687,56.54
52.4404,18.822,53.129
52.4592,16.504,60.591
52.4757,18.918,52.86
52.4946,16.903,59.162
52.5115,18.577,53.829
52.5301,16.642,60.089
52.5467,19.099,52.359
52.5658,17.641,56.686
52.5835,17.633,56.711
52.6011,17.888,55.902
52.619,17.343,57.659
52.6363,16.586,60.293
52.6529,17.638,56.695
52.6706,18.318,54.592
52.6889,17.69,56.531
52.7066,18.207,54.923
52.7248,17.181,58.202
52.742,18.372,54.431
52.7603,16.891,59.204
52.7772,17.007,58.8
52.7942,18.195,54.961
52.8124,18.024,55.481
52.8304,17.26,57.938
52.8477,18.338,54.531
52.866,18.495,54.07
52.8845,16.727,59.782
52.9013,17.6,56.817
52.9189,17.618,56.76
52.9365,18.267,54.744
52.9548,16.664,60.01
52.9714,17.325,57.719
52.9887,16.724,59.795
53.0055,17.211,58.102
53.0227,17.284,57.855
53.04,17.097,58.491
53.0571,18.087,55.29
53.0751,18.872,52.987
53.094,17.946,55.722
53.112,18.162,55.061
53.1301,18.499,54.057
53.1486,18.365,54.451
53.167,15.33,65.232
53.1823,18.053,55.391
53.2004,18.286,54.686
53.2187,17.405,57.455
53.2361,18.758,53.309
53.2548,17.442,57.333
53.2723,18.236,54.837
53.2905,17.836,56.068
53.3083,17.981,55.614
53.3263,18.664,53.579
53.345,18.627,53.687
53.3636,17.648,56.662
53.3813,18.898,52.916
53.4002,18.127,55.166
53.4183,16.866,59.291
53.4351,18.067,55.351
53.4532,19.514,51.247
53.4727,17.674,56.581
53.4904,17.173,58.231
53.5076,19.386,51.584
53.527,19.147,52.229
53.5461,17.295,57.821
53.5634,18.405,54.332
53.5818,17.892,55.889
53.5997,19.723,50.702
53.6194,18.292,54.667
53.6377,17.649,56.659
53.6554,17.765,56.289
53.6731,20.241,49.404
53.6934,17.779,56.247
53.7111,18.477,54.122
53.7296,17.516,57.089
53.7471,17.254,57.956
53.7644,17.94,55.741
53.7823,19.228,52.007
53.8016,18.497,54.063
53.8201,16.753,59.69
53.8368,16.585,60.295
53.8534,18.31,54.614
53.8717,17.723,56.423
53.8894,20.028,49.93
53.9095,18.318,54.592
53.9278,20.407,49.002
53.9482,18.696,53.487
53.9669,18.904,52.9
53.9858,17.383,57.526
54.0032,18.406,54.33
54.0216,17.141,58.338
54.0387,18.086,55.291
54.0568,51.912,19.263
54.1087,19.776,50.567
54.1285,17.554,56.966
54.146,17.982,55.61
54.164,19.163,52.183
54.1832,17.373,57.561
54.2006,18.808,53.169
54.2194,19.336,51.717
54.2387,19.101,52.354
54.2578,17.675,56.576
54.2755,19.626,50.953
54.2951,17.102,58.473
54.3122,19.906,50.236
54.3321,19.066,52.449
54.3512,17.82,56.117
54.369,17.906,55.847
54.3869,18.447,54.208
54.4054,18.038,55.439
54.4234,17.751,56.334
54.4411,17.8,56.18
54.4589,19.803,50.497
54.4787,18.166,55.048
54.4969,18.817,53.144
54.5157,17.059,58.621
54.5328,18.143,55.117
54.5509,18.825,53.121
54.5698,18.111,55.215
54.5879,16.679,59.956
54.6045,18.456,54.183
54.623,20.82,48.031
54.6438,17.486,57.19
54.6613,19.478,51.34
54.6808,17.627,56.732
54.6984,17.174,58.228
54.7156,19.304,51.802
54.7349,17.834,56.073
54.7527,18.409,54.322
54.7711,18.35,54.495
54.7895,17.597,56.827
54.8071,19.123,52.292
54.8262,17.505,57.128
54.8437,17.681,56.556
54.8614,18.901,52.906
54.8803,19.559,51.128
54.8999,20.227,49.44
54.9201,19.352,51.675
54.9394,17.954,55.698
54.9574,20.076,49.811
54.9775,18.282,54.697
54.9957,18.304,54.634
55.014,19.194,52.1
55.0332,17.857,55.999
55.0511,18.852,53.045
55.07,19.029,52.551
55.089,18.84,53.08
55.1078,17.217,58.081
55.125,18.277,54.715
55.1433,17.839,56.057
55.1612,18.647,53.628
55.1798,18.12,55.187
55.1979,18.807,53.172
55.2167,18.899,52.911
55.2356,17.672,56.585
55.2533,19.214,52.046
55.2725,18.778,53.253
55.2913,18.459,54.173
55.3097,18.784,53.237
55.3285,17.39,57.503
55.3459,19.156,52.202
55.3651,19.773,50.574
55.3849,17.688,56.536
55.4025,18.207,54.923
55.4207,18.641,53.646
55.4394,17.293,57.826
55.4567,17.608,56.793
55.4743,18.153,55.086
55.4924,17.415,57.422
55.5099,18.966,52.725
55.5288,18.573,53.842
55.5474,17.286,57.851
55.5647,18.496,54.065
55.5832,18.775,53.262
55.602,19.336,51.717
55.6213,17.944,55.73
55.6392,17.097,58.49
55.6563,18.82,53.135
55.6752,17.64,56.69
55.6928,17.338,57.677
55.7101,20.024,49.94
55.7302,18.458,54.178
55.7486,18.741,53.36
55.7674,17.375,57.555
55.7847,18.508,54.031
55.8032,17.234,58.024
55.8205,18.139,55.131
55.8386,18.564,53.868
55.8572,18.235,54.841
55.8754,17.388,57.51
55.8928,18.955,52.757
55.9117,18.281,54.703
55.93,17.727,56.411
55.9478,20.391,49.041
55.9681,18.217,54.895
55.9864,17.871,55.957
56.0042,17.638,56.697
56.0219,16.697,59.89
56.0386,18.022,55.489
56.0566,17.49,57.174
56.0741,18.462,54.164
56.0925,18.922,52.848
56.1115,17.958,55.686
56.1294,18.453,54.193
56.1479,18.379,54.41
56.1663,17.778,56.249
56.184,19.154,52.21
56.2032,18.057,55.379
56.2212,18.818,53.142
56.2401,17.249,57.975
56.2573,17.823,56.107
56.2751,17.895,55.883
56.293,18.489,54.086
56.3115,17.749,56.342
56.3293,19.1,52.355
56.3484,18.337,54.534
56.3667,18.259,54.769
56.385,18.226,54.866
56.4032,17.268,57.909
56.4205,17.757,56.315
56.4382,18.012,55.518
56.4562,17.841,56.05
56.4741,18.093,55.27
56.4922,17.143,58.334
56.5093,19.161,52.189
56.5285,20.43,48.947
56.5489,16.61,60.203
56.5655,45.758,21.854
56.6113,17.943,55.731
56.6292,16.529,60.501
56.6457,17.68,56.56
56.6634,18.772,53.272
56.6822,17.91,55.836
56.7001,17.993,55.579
56.7181,19.131,52.271
56.7372,18.858,53.027
56.7561,19.989,50.026
56.7761,17.686,56.542
56.7938,18.059,55.373
56.8118,19.118,52.306
56.8309,19.132,52.269
56.8501,17.046,58.664
56.8671,18.729,53.393
56.8858,17.446,57.319
56.9033,19.367,51.635
56.9227,17.609,56.791
56.9403,18.714,53.437
56.959,17.036,58.699
56.976,18.404,54.337
56.9944,16.136,61.974
57.0105,19.528,51.208
57.0301,18.764,53.294
57.0488,19.103,52.348
57.0679,18.473,54.132
57.0864,18.524,53.984
57.1049,18.802,53.186
57.1237,19.467,51.369
57.1432,18.605,53.75
57.1618,19.233,51.995
57.181,17.311,57.768
57.1984,17.62,56.755
57.216,18.091,55.276
57.2341,18.88,52.965
57.253,18.757,53.314
57.2717,17.368,57.576
57.2891,18.165,55.05
57.3072,17.723,56.423
57.325,19.057,52.475
57.344,18.408,54.324
57.3624,18.514,54.013
57.3809,18.032,55.456
57.399,18.14,55.125
57.4171,18.808,53.169
57.4359,17.137,58.353
57.4531,19.384,51.589
57.4724,18.679,53.536
57.4911,26.056,38.379
57.5172,17.281,57.866
57.5345,19.473,51.353
57.5539,18.84,53.08
57.5728,18.572,53.844
57.5913,16.88,59.243
57.6082,18.917,52.862
57.6271,18.735,53.375
57.6459,18.932,52.821
57.6648,20.556,48.647
57.6854,17.456,57.285
57.7028,17.231,58.036
57.7201,17.651,56.653
57.7377,18.165,55.052
57.7559,16.973,58.916
57.7728,17.64,56.689
57.7905,16.703,59.87
57.8072,18.797,53.201
57.826,17.119,58.413
57.8431,18.606,53.747
57.8617,18.069,55.344
57.8798,16.826,59.431
57.8966,19.063,52.457
57.9157,20.539,48.688
57.9362,17.255,57.956
57.9535,20.141,49.65
57.9736,19.227,52.011
57.9928,18.5,54.055
58.0113,19.637,50.924
58.031,19.307,51.795
58.0503,16.582,60.307
58.0669,18.761,53.301
58.0856,17.686,56.541
58.1033,18.029,55.465
58.1213,18.943,52.79
58.1403,18.575,53.837
58.1588,16.761,59.663
58.1756,19.815,50.466
58.1954,16.796,59.536
58.2122,18.101,55.244
58.2303,18.278,54.71
58.2486,16.037,62.357
58.2646,18.488,54.089
58.2831,19.605,51.007
58.3027,18.053,55.393
58.3208,18.223,54.877
58.339,17.765,56.29
58.3568,17.534,57.031
58.3743,19.504,51.271
58.3938,18.912,52.877
58.4127,18.319,54.589
58.431,18.533,53.958
58.4496,18.022,55.487
58.4676,19.598,51.027
58.4872,18.784,53.238
58.506,17.73,56.402
58.5237,18.264,54.753
58.542,16.551,60.419
58.5585,18.631,53.673
58.5771,18.25,54.796
58.5954,18.257,54.775
58.6137,18.024,55.482
58.6317,18.326,54.569
58.65,17.093,58.504
58.6671,18.525,53.982
58.6856,18.685,53.52
58.7043,16.423,60.889
58.7207,17.335,57.687
58.7381,17.797,56.188
58.7559,19.033,52.539
58.7749,17.667,56.603
58.7926,17.929,55.775
58.8105,18.779,53.252
58.8293,18.676,53.543
58.8479,20.368,49.097
58.8683,18.84,53.079
58.8872,18.237,54.833
58.9054,15.518,64.441
58.9209,18.795,53.206
58.9397,18.331,54.553
58.958,17.127,58.389
58.9752,18.444,54.219
58.9936,18.873,52.987
59.0125,18.463,54.162
59.0309,17.751,56.336
59.0487,17.758,56.312
59.0665,16.954,58.982
59.0834,19.214,52.045
59.1026,18.03,55.464
59.1206,17.53,57.044
59.1382,18.08,55.309
59.1563,17.9,55.866
59.1742,17.823,56.107
59.192,18.717,53.428
59.2107,17.874,55.948
59.2286,17.18,58.208
59.2458,19.576,51.082
59.2653,17.867,55.97
59.2832,16.755,59.685
59.3,16.841,59.38
59.3168,18.479,54.115
59.3353,19.062,52.461
59.3543,18.213,54.907
59.3725,17.385,57.52
59.3899,16.606,60.218
59.4065,18.606,53.745
59.4251,16.192,61.758
59.4413,18.205,54.929
59.4595,19.369,51.63
59.4789,17.299,57.808
59.4962,17.961,55.677
59.5142,18.133,55.147
59.5323,17.456,57.287
59.5498,18.641,53.645
59.5684,17.483,57.2
59.5859,19.647,50.898
59.6055,18.287,54.682
59.6238,17.652,56.651
59.6415,16.82,59.454
59.6583,17.115,58.43
59.6754,18.611,53.733
59.694,18.313,54.605
59.7123,15.413,64.881
59.7277,17.173,58.23
59.7449,16.997,58.834
59.7619,17.701,56.495
59.7796,17.505,57.127
59.7971,17.34,57.671
59.8145,16.047,62.317
59.8305,18.693,53.497
59.8492,16.482,60.673
59.8657,16.488,60.649
59.8822,17.473,57.231
59.8996,56.017,17.852
59.9557,17.431,57.368
59.9731,18.756,53.315
59.9918,17.179,58.21
60.009,18.388,54.382
60.0274,18.278,54.71
60.0457,16.504,60.59
60.0622,15.45,64.723
60.0776,17.882,55.923
60.0955,18.142,55.119
60.1137,17.87,55.958
60.1315,17.979,55.62
60.1495,17.886,55.909
60.1674,18.913,52.874
60.1863,17.788,56.219
60.2041,18.333,54.548
60.2224,17.54,57.014
60.24,16.706,59.858
60.2567,18.353,54.488
60.275,16.882,59.234
60.2919,16.148,61.927
60.3081,18.861,53.02
60.3269,17.062,58.609
60.344,17.225,58.055
60.3612,16.13,61.995
60.3773,17.695,56.514
60.395,17.416,57.417
60.4125,17.108,58.451
60.4296,17.18,58.206
60.4467,18.138,55.132
60.4649,18.76,53.304
60.4836,17.602,56.812
60.5012,19.481,51.331
60.5207,17.433,57.363
60.5382,17.21,58.105
60.5554,16.863,59.3
60.5722,17.941,55.739
60.5902,19.657,50.872
60.6098,17.773,56.264
60.6276,17.71,56.465
60.6453,17.495,57.16
60.6628,18.216,54.897
60.681,17.159,58.279
60.6982,18.751,53.332
60.7169,17.515,57.095
60.7344,15.823,63.199
60.7503,17.562,56.943
60.7678,16.587,60.287
60.7844,17.605,56.801
60.802,17.423,57.397
60.8194,17.227,58.049
60.8367,17.974,55.636
60.8546,18.94,52.798
60.8736,20.258,49.364
60.8938,18.636,53.661
60.9125,19.17,52.166
60.9317,17.466,57.254
60.9491,19.025,52.562
60.9681,18.057,55.381
60.9862,17.575,56.898
61.0038,16.845,59.366
61.0206,17.434,57.36
61.0381,17.168,58.249
61.0552,16.14,61.958
61.0714,17.863,55.982
61.0892,19.229,52.004
61.1085,16.27,61.464
61.1247,19.345,51.694
61.1441,17.34,57.671
61.1614,18.611,53.732
61.18,18.139,55.13
61.1982,18.123,55.178
61.2163,17.64,56.691
61.2339,16.968,58.934
61.2509,17.964,55.667
61.2689,18.296,54.657
61.2871,16.904,59.159
61.3041,18.443,54.221
61.3225,17.709,56.469
61.3402,17.786,56.225
61.358,18.055,55.387
61.376,16.209,61.696
61.3923,19.076,52.423
61.4113,17.418,57.413
61.4287,17.48,57.208
61.4462,20.242,49.402
61.4665,17.999,55.558
61.4845,16.735,59.757
61.5012,16.038,62.351
61.5172,17.494,57.164
61.5347,17.074,58.568
61.5518,17.951,55.706
61.5698,17.077,58.557
61.5868,17.065,58.601
61.6039,16.009,62.463
61.6199,16.679,59.955
61.6366,19.534,51.194
61.6561,18.165,55.05
61.6743,17.881,55.926
61.6922,16.497,60.618
61.7087,17.006,58.802
61.7257,16.922,59.095
61.7426,18.563,53.871
61.7612,18.804,53.18
61.78,17.452,57.3
61.7974,16.958,58.97
61.8144,17.992,55.581
61.8324,18.198,54.951
61.8506,18.346,54.507
61.8689,18.344,54.514
61.8873,18.065,55.356
61.9053,18.04,55.432
61.9234,16.281,61.421
61.9396,17.758,56.314
61.9574,17.329,57.708
61.9747,18.033,55.454
61.9928,17.34,57.672
62.0101,17.788,56.217
62.0279,18.315,54.599
62.0462,17.895,55.881
62.0641,18.289,54.677
62.0824,17.421,57.403
62.0998,50.169,19.932
62.15,17.222,58.067
62.1672,16.769,59.634
62.184,18.004,55.543
62.202,17.175,58.225
62.2191,17.524,57.063
62.2367,17.025,58.737
62.2537,16.844,59.368
62.2705,16.61,60.203
62.2871,17.668,56.598
62.3048,18.809,53.166
62.3236,19.591,51.045
62.3432,17.181,58.204
62.3604,17.127,58.387
62.3775,16.983,58.881
62.3945,17.503,57.134
62.412,17.634,56.709
62.4296,16.749,59.705
62.4464,17.946,55.722
62.4643,16.855,59.328
62.4812,18.696,53.486
62.4999,15.734,63.555
62.5156,17.985,55.602
62.5336,17.298,57.809
62.5509,16.435,60.846
62.5673,17.937,55.752
62.5853,18.625,53.69
62.6039,18.3,54.644
62.6222,18.153,55.087
62.6404,17.702,56.491
62.6581,18.58,53.823
62.6766,16.751,59.699
62.6934,17.854,56.01
62.7112,15.915,62.835
62.7272,18.569,53.854
62.7457,17.555,56.965
62.7633,17.35,57.635
62.7806,16.005,62.479
62.7966,16.815,59.471
62.8135,18.003,55.546
62.8315,17.58,56.883
62.849,17.336,57.682
62.8664,17.503,57.132
62.8839,17.639,56.694
62.9015,18.567,53.858
62.9201,16.058,62.276
62.9361,16.549,60.425
62.9527,17.222,58.066
62.9699,16.466,60.732
62.9864,17.632,56.715
63.004,18.132,55.152
63.0221,17.865,55.976
63.04,18.135,55.142
63.0581,17.807,56.158
63.0759,17.34,57.671
63.0933,17.44,57.341
63.1107,18.334,54.542
63.1291,17.509,57.113
63.1466,17.84,56.055
63.1644,18.53,53.966
63.1829,17.903,55.856
63.2008,16.37,61.087
63.2172,17.075,58.566
63.2343,17.125,58.395
63.2514,17.254,57.958
63.2687,16.006,62.475
63.2847,17.461,57.27
63.3021,17.42,57.405
63.3196,18.976,52.697
63.3385,17.19,58.172
63.3557,18.532,53.961
63.3743,17.758,56.312
63.392,17.72,56.434
63.4097,18.792,53.215
63.4285,17.378,57.543
63.4459,16.568,60.356
63.4625,14.263,70.11
63.4767,19.004,52.621
63.4957,17.513,57.1
63.5132,17.996,55.567
63.5312,17.026,58.732
63.5483,17.73,56.402
63.566,17.917,55.814
63.5839,17.294,57.825
63.6012,16.032,62.376
63.6172,18.104,55.235
63.6353,18.069,55.343
63.6534,17.462,57.267
63.6709,16.561,60.381
63.6874,16.384,61.037
63.7038,17.557,56.956
63.7214,18.094,55.266
63.7395,17.941,55.739
63.7574,19.204,52.072
63.7766,18.028,55.469
63.7946,17.252,57.965
63.8119,16.856,59.325
63.8288,17.807,56.158
63.8466,17.122,58.403
63.8637,17.871,55.957
63.8816,17.406,57.452
63.899,18.26,54.764
63.9172,18.95,52.771
63.9362,17.279,57.873
63.9535,16.946,59.01
63.9704,17.932,55.765
63.9883,17.129,58.382
64.0055,16.058,62.274
64.0215,16.244,61.563
64.0378,16.989,58.861
64.0548,18.809,53.167
64.0736,16.948,59.003
64.0905,17.279,57.873
64.1078,18.194,54.964
64.126,17.171,58.238
64.1432,16.847,59.359
64.16,17.945,55.726
64.1779,15.724,63.595
64.1937,18.549,53.911
64.2122,17.785,56.227
64.23,17.934,55.759
64.2479,18.404,54.337
64.2663,17.599,56.821
64.2839,16.599,60.245
64.3005,16.879,59.244
64.3174,17.862,55.984
64.3353,49.006,20.406
64.3843,19.208,52.062
64.4035,17.826,56.098
64.4213,17.949,55.713
64.4393,17.756,56.32
64.457,17.745,56.355
64.4748,17.099,58.483
64.4919,16.265,61.483
64.5081,17.407,57.448
64.5255,17.253,57.96
64.5428,18.739,53.363
64.5615,17.602,56.813
64.5791,17.544,57.0
64.5967,16.888,59.215
64.6136,19.477,51.342
64.633,18.966,52.726
64.652,17.075,58.565
64.6691,16.719,59.813
64.6858,16.193,61.756
64.702,17.911,55.831
64.7199,18.041,55.431
64.7379,19.258,51.925
64.7572,17.755,56.322
64.775,17.417,57.414
64.7924,18.727,53.399
64.8111,18.978,52.692
64.8301,17.779,56.247
64.8479,15.988,62.547
64.8639,19.288,51.846
64.8831,17.749,56.343
64.9009,17.889,55.9
64.9188,19.068,52.443
64.9378,17.661,56.623
64.9555,18.408,54.324
64.9739,17.651,56.654
64.9916,17.63,56.721
65.0092,16.774,59.618
65.026,18.28,54.705
65.0442,16.656,60.04
65.0609,18.376,54.418
65.0793,17.116,58.424
65.0964,17.428,57.377
65.1138,17.553,56.971
65.1314,18.887,52.946
65.1503,18.271,54.731
65.1685,19.352,51.675
65.1879,17.65,56.656
65.2055,16.551,60.418
65.2221,19.219,52.032
65.2413,18.235,54.839
65.2595,17.463,57.264
65.277,17.963,55.67
65.295,19.382,51.594
65.3144,18.066,55.352
65.3324,17.537,57.023
65.35,17.99,55.587
65.3679,17.078,58.555
65.385,16.995,58.842
65.402,17.66,56.625
65.4197,18.872,52.989
65.4385,18.738,53.369
65.4573,17.661,56.621
65.4749,18.243,54.815
65.4932,18.523,53.987
65.5117,18.011,55.522
65.5297,19.415,51.508
65.5491,18.258,54.77
65.5674,21.278,46.996
65.5887,18.836,53.089
65.6075,16.358,61.13
65.6239,18.535,53.953
65.6424,17.937,55.751
65.6603,17.672,56.587
65.678,17.091,58.512
65.6951,18.5,54.055
65.7136,17.226,58.051
65.7308,17.211,58.103
65.748,19.283,51.86
65.7673,18.979,52.69
65.7863,18.643,53.64
65.8049,17.826,56.099
65.8228,17.898,55.871
65.8407,16.816,59.468
65.8575,17.458,57.279
65.8749,17.264,57.923
65.8922,17.888,55.902
65.9101,17.767,56.285
65.9279,18.657,53.598
65.9465,17.483,57.197
65.964,17.606,56.8
65.9816,17.801,56.176
65.9994,18.552,53.904
66.018,18.483,54.105
66.0364,17.739,56.372
66.0542,17.157,58.286
66.0713,18.801,53.188
66.0901,16.971,58.924
66.1071,18.089,55.281
66.1252,17.048,58.659
66.1422,18.215,54.9
66.1605,19.141,52.245
66.1796,17.453,57.296
66.1971,19.637,50.925
66.2167,18.641,53.646
66.2353,18.99,52.658
66.2543,17.211,58.101
66.2715,16.602,60.235
66.2881,19.094,52.373
66.3072,17.845,56.038
66.3251,17.187,58.183
66.3423,17.625,56.739
66.3599,17.614,56.773
66.3775,17.456,57.288
66.395,17.263,57.927
66.4122,18.293,54.665
66.4305,18.372,54.43
66.4489,16.586,60.292
66.4655,18.325,54.569
66.4838,18.823,53.127
66.5026,18.595,53.779
66.5212,18.518,54.002
66.5397,19.347,51.687
66.5591,18.72,53.418
66.5778,17.635,56.705
66.5954,18.411,54.315
66.6138,18.808,53.17
66.6327,17.741,56.367
66.6504,19.018,52.583
66.6694,18.18,55.005
66.6876,19.817,50.463
66.7074,18.131,55.155
66.7255,19.66,50.864
66.7452,19.347,51.688
66.7645,19.245,51.962
66.7838,19.702,50.757
66.8035,19.057,52.474
66.8226,18.46,54.173
66.841,19.259,51.923
66.8603,18.693,53.497
66.879,17.675,56.576
66.8966,19.428,51.472
66.9161,17.173,58.231
66.9332,18.79,53.219
66.952,19.592,51.042
66.9716,18.661,53.588
66.9903,18.871,52.991
67.0092,17.955,55.695
67.0271,17.965,55.665
67.0451,17.237,58.016
67.0623,19.426,51.477
67.0817,18.402,54.341
67.1001,19.181,52.136
67.1193,18.541,53.935
67.1379,18.831,53.104
67.1567,17.184,58.195
67.1739,18.006,55.538
67.1919,19.12,52.302
67.211,18.217,54.892
67.2292,17.732,56.394
67.247,18.391,54.375
67.2653,19.269,51.897
67.2846,20.923,47.794
67.3055,18.299,54.648
67.3238,19.335,51.719
67.3432,18.201,54.943
67.3614,18.258,54.77
67.3796,17.437,57.35
67.3971,19.648,50.897
67.4167,19.093,52.374
67.4358,19.246,51.96
67.455,18.584,53.81
67.4736,18.456,54.182
67.4921,19.606,51.005
67.5117,18.643,53.638
67.5303,18.687,53.513
67.549,18.67,53.561
67.5677,19.928,50.18
67.5876,17.896,55.878
67.6055,19.549,51.153
67.6251,19.153,52.212
67.6442,19.785,50.544
67.664,18.368,54.442
67.6824,19.771,50.58
67.7021,18.803,53.182
67.7209,19.388,51.578
67.7403,19.96,50.101
67.7603,17.644,56.676
67.7779,17.534,57.033
67.7955,33.434,29.91
67.8289,18.65,53.619
67.8476,19.254,51.939
67.8668,19.406,51.53
67.8862,20.177,49.561
67.9064,18.328,54.563
67.9247,18.926,52.837
67.9436,17.796,56.192
67.9614,18.767,53.284
67.9802,19.063,52.458
67.9993,19.098,52.36
68.0184,18.462,54.164
68.0368,18.654,53.609
68.0555,19.433,51.458
68.0749,46.385,21.559
68.1213,19.887,50.285
68.1412,17.625,56.737
68.1588,19.129,52.275
68.178,19.417,51.503
68.1974,19.507,51.263
68.2169,18.745,53.349
68.2356,20.008,49.98
68.2556,19.2,52.084
68.2748,18.61,53.735
68.2934,18.821,53.132
68.3123,19.696,50.771
68.332,17.839,56.058
68.3498,20.799,48.08
68.3706,19.272,51.89
68.3899,18.573,53.841
68.4084,19.002,52.625
68.4274,18.022,55.489
68.4455,18.295,54.658
68.4638,18.184,54.993
68.4819,19.41,51.52
68.5013,18.958,52.75
68.5203,18.575,53.835
68.5389,19.304,51.803
68.5582,19.979,50.053
68.5782,19.002,52.625
68.5972,20.658,48.407
68.6178,18.444,54.218
68.6363,18.624,53.696
68.6549,20.523,48.725
68.6754,19.371,51.623
68.6948,18.4,54.349
68.7132,19.632,50.936
68.7328,19.329,51.736
68.7521,19.81,50.48
68.772,17.961,55.675
68.7899,18.958,52.749
68.8089,18.633,53.669
68.8275,20.112,49.723
68.8476,19.642,50.911
68.8673,19.58,51.072
68.8868,19.721,50.708
68.9066,19.259,51.924
68.9258,19.814,50.47
68.9456,20.402,49.015
68.966,20.416,48.981
68.9865,21.697,46.09
69.0082,20.961,47.709
69.0291,19.449,51.415
69.0486,19.006,52.615
69.0676,19.192,52.105
69.0868,21.321,46.902
69.1081,18.967,52.724
69.127,17.366,57.583
69.1444,19.024,52.565
69.1634,19.931,50.173
69.1834,19.237,51.984
69.2026,19.84,50.402
69.2224,20.49,48.804
69.2429,18.843,53.069
69.2618,20.007,49.981
69.2818,19.907,50.233
69.3017,19.024,52.565
69.3207,20.063,49.842
69.3408,19.602,51.016
69.3604,18.846,53.062
69.3792,19.58,51.074
69.3988,19.231,52.001
69.418,20.073,49.819
69.4381,19.535,51.189
69.4576,20.685,48.344
69.4783,21.068,47.465
69.4994,19.932,50.171
69.5193,19.685,50.801
69.539,18.907,52.89
69.5579,19.356,51.664
69.5773,18.857,53.031
69.5961,18.884,52.955
69.615,19.245,51.962
69.6343,19.878,50.308
69.6541,19.881,50.298
69.674,18.958,52.747
69.693,20.579,48.592
69.7136,19.432,51.462
69.733,20.824,48.021
69.7538,18.44,54.23
69.7723,21.046,47.515
69.7933,18.854,53.04
69.8122,20.797,48.085
69.833,19.502,51.277
69.8525,19.208,52.062
69.8717,19.713,50.728
69.8914,18.809,53.167
69.9102,19.445,51.426
69.9296,19.95,50.126
69.9496,54.414,18.378
70.004,20.225,49.444
70.0242,19.888,50.283
70.0441,21.037,47.534
70.0651,19.928,50.181
70.0851,19.64,50.917
70.1047,19.691,50.785
70.1244,19.382,51.593
70.1438,19.076,52.422
70.1629,21.274,47.005
70.1841,19.529,51.206
70.2037,20.817,48.038
70.2245,20.063,49.843
70.2445,20.607,48.526
70.2652,19.723,50.703
70.2849,20.607,48.528
70.3055,20.315,49.225
70.3258,19.57,51.097
70.3454,22.654,44.143
70.368,19.13,52.273
70.3872,19.991,50.023
70.4071,20.477,48.836
70.4276,19.293,51.833
70.4469,19.769,50.584
70.4667,19.852,50.372
70.4865,19.62,50.968
70.5062,41.529,24.08
70.5477,20.488,48.809
70.5682,20.175,49.566
70.5883,19.751,50.631
70.6081,18.549,53.912
70.6266,21.129,47.328
70.6478,19.591,51.044
70.6674,19.527,51.211
70.6869,19.151,52.217
70.706,20.519,48.735
70.7266,19.326,51.743
70.7459,19.221,52.026
70.7651,20.799,48.079
70.7859,20.861,47.935
70.8068,19.522,51.225
70.8263,19.902,50.246
70.8462,18.879,52.97
70.8651,19.72,50.709
70.8848,21.045,47.518
70.9058,19.25,51.947
70.9251,20.847,47.968
70.9459,21.526,46.455
70.9675,20.109,49.729
70.9876,20.72,48.262
71.0083,18.928,52.831
71.0272,20.924,47.791
71.0481,20.355,49.127
71.0685,20.192,49.525
71.0887,19.455,51.401
71.1081,21.779,45.917
71.1299,19.789,50.533
71.1497,20.657,48.409
71.1704,19.824,50.443
71.1902,21.933,45.593
71.2121,20.767,48.154
71.2329,20.309,49.239
71.2532,20.206,49.491
71.2734,20.312,49.231
71.2937,19.458,51.391
71.3132,18.449,54.203
71.3316,19.291,51.838
71.3509,18.993,52.652
71.3699,21.052,47.501
71.391,20.53,48.71
71.4115,19.582,51.067
71.4311,20.657,48.41
71.4517,20.345,49.153
71.4721,20.041,49.898
71.4921,19.294,51.83
71.5114,20.87,47.916
71.5323,20.809,48.057
71.5531,19.166,52.177
71.5723,20.041,49.897
71.5923,19.792,50.525
71.6121,20.521,48.731
71.6326,19.013,52.595
71.6516,21.26,47.037
71.6729,20.369,49.094
71.6933,21.327,46.888
71.7146,18.446,54.213
71.733,20.903,47.839
71.7539,19.219,52.033
71.7731,20.891,47.868
71.794,21.858,45.749
71.8159,19.692,50.781
71.8356,18.637,53.656
71.8542,20.365,49.103
71.8746,20.687,48.338
71.8953,21.128,47.33
71.9164,20.287,49.293
71.9367,19.479,51.338
71.9562,20.731,48.236
71.9769,20.772,48.141
71.9977,19.131,52.271
72.0168,19.677,50.82
72.0365,19.859,50.355
72.0563,19.466,51.371
72.0758,21.371,46.792
72.0972,21.114,47.362
72.1183,20.213,49.473
72.1385,20.704,48.299
72.1592,20.214,49.471
72.1794,19.813,50.472
72.1992,20.064,49.841
72.2193,20.703,48.301
72.24,19.677,50.82
72.2597,19.905,50.238
72.2796,20.195,49.516
72.2998,21.48,46.554
72.3213,19.631,50.94
72.3409,20.391,49.042
72.3613,21.779,45.915
72.3831,20.354,49.13
72.4034,19.604,51.01
72.423,18.863,53.013
72.4419,22.608,44.231
72.4645,20.468,48.858
72.485,20.164,49.594
72.5051,18.649,53.621
72.5238,21.117,47.355
72.5449,18.872,52.988
72.5638,21.152,47.278
72.5849,20.911,47.823
72.6058,20.605,48.531
72.6264,20.959,47.711
72.6474,21.731,46.017
72.6691,19.35,51.681
72.6885,21.308,46.932
72.7098,21.234,47.095
72.731,21.427,46.67
72.7524,20.368,49.097
72.7728,21.075,47.449
72.7939,22.62,44.208
72.8165,21.471,46.573
72.838,20.534,48.699
72.8585,18.62,53.705
72.8771,20.062,49.845
72.8972,20.566,48.623
72.9178,20.481,48.826
72.9382,21.244,47.071
72.9595,22.003,45.449
72.9815,20.01,49.974
73.0015,20.624,48.487
73.0221,18.925,52.841
73.041,20.393,49.037
73.0614,21.179,47.216
73.0826,20.707,48.293
73.1033,21.372,46.79
73.1247,20.724,48.253
73.1454,18.727,53.399
73.1641,19.806,50.49
73.184,19.675,50.826
73.2036,21.999,45.456
73.2256,21.381,46.77
73.247,21.793,45.887
73.2688,21.475,46.565
73.2903,19.59,51.047
73.3099,21.047,47.512
73.3309,20.636,48.459
73.3516,19.971,50.071
73.3715,23.352,42.824
73.3949,20.673,48.372
73.4155,19.593,51.038
73.4351,20.484,48.819
73.4556,20.761,48.167
73.4764,21.762,45.951
73.4981,20.673,48.371
73.5188,19.779,50.559
73.5386,20.851,47.96
73.5595,18.158,55.073
73.5776,19.923,50.192
73.5975,20.236,49.418
73.6178,19.974,50.065
73.6377,21.469,46.579
73.6592,19.543,51.17
73.6788,20.171,49.577
73.6989,22.171,45.105
73.7211,20.341,49.163
73.7414,22.545,44.356
73.764,20.877,47.899
73.7849,19.005,52.618
73.8039,20.756,48.18
73.8246,19.525,51.216
73.8441,20.156,49.612
73.8643,22.279,44.885
73.8866,21.433,46.658
73.908,20.234,49.421
73.9282,20.151,49.626
73.9484,20.603,48.537
73.969,21.329,46.884
73.9903,21.02,47.574
74.0113,20.416,48.982
74.0318,19.533,51.196
74.0513,20.976,47.673
74.0723,21.369,46.797
74.0936,20.495,48.792
74.1141,20.566,48.623
74.1347,19.782,50.55
74.1545,21.638,46.215
74.1761,19.976,50.059
74.1961,20.245,49.396
74.2163,20.247,49.391
74.2366,20.2,49.506
74.2568,20.563,48.631
74.2774,20.105,49.739
74.2975,20.092,49.772
74.3176,20.772,48.141
74.3383,20.627,48.48
74.3589,19.185,52.123
74.3781,20.297,49.268
74.3984,20.282,49.304
74.4187,20.804,48.067
74.4395,21.41,46.708
74.4609,18.667,53.569
74.4796,19.874,50.318
74.4995,19.999,50.002
74.5195,17.839,56.056
74.5373,19.231,51.998
74.5565,20.738,48.222
74.5773,19.726,50.693
74.597,20.61,48.521
74.6176,21.191,47.19
74.6388,20.979,47.668
74.6598,19.771,50.579
74.6796,20.317,49.22
74.6999,32.247,31.01
74.7321,20.68,48.357
74.7528,21.427,46.67
74.7742,21.025,47.563
74.7952,21.063,47.476
74.8163,19.239,51.977
74.8356,21.346,46.848
74.8569,19.562,51.119
74.8765,20.269,49.336
74.8967,19.364,51.643
74.9161,21.937,45.586
74.938,21.623,46.247
74.9597,21.089,47.418
74.9807,20.84,47.984
75.0016,21.746,45.986
75.0233,20.458,48.88
75.0438,20.261,49.356
75.064,21.814,45.842
75.0859,19.541,51.173
75.1054,22.299,44.846
75.1277,20.552,48.657
75.1483,19.703,50.753
75.168,19.869,50.329
75.1878,20.847,47.969
75.2087,20.351,49.137
75.229,20.88,47.892
75.2499,20.846,47.971
75.2708,19.821,50.452
75.2906,21.387,46.758
75.312,20.349,49.142
75.3323,21.186,47.201
75.3535,21.255,47.047
75.3747,20.273,49.326
75.395,21.37,46.794
75.4164,21.743,45.992
75.4381,19.826,50.438
75.458,19.103,52.349
75.4771,18.76,53.305
75.4958,21.072,47.456
75.5169,38.139,26.22
75.555,20.949,47.735
75.576,20.071,49.822
75.5961,20.442,48.919
75.6165,20.731,48.237
75.6372,21.454,46.612
75.6587,22.332,44.779
75.681,22.409,44.626
75.7034,19.483,51.326
75.7229,19.854,50.367
75.7428,19.961,50.097
75.7627,19.455,51.401
75.7822,19.3,51.813
75.8015,20.167,49.585
75.8216,19.741,50.655
75.8414,20.81,48.055
75.8622,20.075,49.812
75.8823,21.372,46.791
75.9036,22.385,44.672
75.926,19.348,51.684
75.9454,19.027,52.558
75.9644,19.78,50.556
75.9842,21.079,47.441
76.0053,19.725,50.698
76.025,20.593,48.561
76.0456,19.145,52.234
76.0647,20.855,47.951
76.0856,19.698,50.765
76.1053,21.02,47.574
76.1263,21.792,45.888
76.1481,19.588,51.051
76.1677,19.791,50.528
76.1875,20.484,48.819
76.208,21.025,47.563
76.229,19.87,50.326
76.2488,20.612,48.516
76.2695,19.02,52.577
76.2885,20.174,49.569
76.3087,21.086,47.425
76.3297,20.181,49.552
76.3499,20.168,49.584
76.3701,20.183,49.546
76.3903,19.923,50.194
76.4102,20.88,47.893
76.4311,19.377,51.608
76.4504,19.27,51.895
76.4697,19.259,51.924
76.489,19.187,52.119
76.5082,18.733,53.382
76.5269,20.411,48.994
76.5473,20.484,48.819
76.5678,20.238,49.411
76.588,20.562,48.634
76.6086,21.161,47.257
76.6298,18.852,53.046
76.6486,20.831,48.005
76.6694,19.66,50.864
76.6891,20.28,49.31
76.7094,20.63,48.473
76.73,20.057,49.857
76.7501,19.241,51.971
76.7693,19.64,50.917
76.7889,20.308,49.243
76.8093,20.525,48.721
76.8298,18.983,52.678
76.8488,20.235,49.42
76.869,20.377,49.074
76.8894,20.368,49.097
76.9097,21.646,46.198
76.9314,19.413,51.513
76.9508,19.501,51.281
76.9703,19.417,51.502
76.9897,18.442,54.225
77.0082,22.254,44.936
77.0304,20.799,48.078
77.0512,20.068,49.831
77.0713,19.418,51.5
77.0907,19.555,51.139
77.1103,19.395,51.561
77.1296,19.771,50.578
77.1494,20.138,49.658
77.1696,20.465,48.863
77.19,18.44,54.23
77.2085,19.873,50.319
77.2283,20.829,48.01
77.2492,18.505,54.038
77.2677,19.504,51.271
77.2872,19.375,51.613
77.3065,20.953,47.725
77.3275,19.23,52.002
77.3467,19.094,52.373
77.3658,19.541,51.175
77.3854,20.025,49.936
77.4054,17.854,56.009
77.4232,21.017,47.581
77.4443,21.558,46.386
77.4658,18.595,53.778
77.4844,19.528,51.208
77.5039,20.6,48.544
77.5245,20.188,49.534
77.5447,20.959,47.711
77.5657,21.25,47.059
77.5869,18.231,54.853
77.6052,21.167,47.244
77.6263,20.155,49.616
77.6465,20.358,49.121
77.6669,19.651,50.889
77.6865,20.023,49.943
77.7065,21.164,47.25
77.7277,20.572,48.61
77.7483,52.073,19.204
77.8003,21.042,47.525
77.8214,19.698,50.767
77.8411,19.222,52.023
77.8603,20.613,48.514
77.8809,21.061,47.481
77.902,21.437,46.649
77.9234,19.706,50.746
77.9431,30.69,32.584
77.9738,19.539,51.18
77.9933,20.724,48.252
78.0141,20.708,48.291
78.0348,19.85,50.379
78.0546,19.887,50.284
78.0745,21.01,47.595
78.0955,20.142,49.648
78.1157,19.084,52.401
78.1347,19.018,52.582
78.1538,19.451,51.41
78.1732,20.026,49.935
78.1932,19.803,50.498
78.213,20.993,47.635
78.234,17.476,57.221
78.2515,20.581,48.588
78.2721,20.464,48.866
78.2926,19.114,52.316
78.3117,19.479,51.338
78.3312,19.309,51.789
78.3505,20.08,49.8
78.3705,20.579,48.593
78.3911,20.084,49.791
78.4112,18.104,55.237
78.4293,19.092,52.379
78.4484,19.389,51.576
78.4678,19.764,50.598
78.4876,19.049,52.496
78.5066,20.422,48.967
78.527,18.299,54.649
78.5453,20.157,49.612
78.5655,20.679,48.359
78.5862,21.207,47.153
78.6074,18.493,54.076
78.6259,20.035,49.913
78.6459,20.272,49.33
78.6662,19.282,51.862
78.6854,18.386,54.389
78.7038,20.073,49.817
78.7239,18.319,54.59
78.7422,19.579,51.076
78.7618,19.432,51.463
78.7812,19.847,50.386
78.8011,20.31,49.236
78.8214,20.451,48.897
78.8418,19.875,50.314
78.8617,17.299,57.808
78.879,19.23,52.001
78.8982,20.016,49.961
78.9183,20.108,49.73
78.9384,20.112,49.72
78.9585,19.174,52.155
78.9777,19.713,50.728
78.9974,20.334,49.179
79.0177,18.768,53.282
79.0365,19.389,51.577
79.0559,19.668,50.844
79.0755,19.045,52.508
79.0946,19.413,51.512
79.114,18.997,52.64
79.133,19.565,51.111
79.1525,20.089,49.778
79.1726,18.742,53.356
79.1914,20.345,49.151
79.2117,19.368,51.632
79.2311,19.356,51.662
79.2504,19.935,50.162
79.2704,19.603,51.013
79.29,18.835,53.093
79.3088,18.71,53.447
79.3275,19.838,50.41
79.3474,19.44,51.44
79.3668,20.542,48.68
79.3874,19.208,52.063
79.4066,20.191,49.527
79.4267,19.5,51.283
79.4462,19.702,50.756
79.466,20.123,49.695
79.4861,19.795,50.518
79.5059,19.928,50.182
79.5258,49.338,20.268
79.5751,19.802,50.501
79.5949,19.798,50.509
79.6147,19.685,50.8
79.6344,20.642,48.446
79.6551,19.942,50.145
79.675,19.523,51.223
79.6945,20.679,48.358
79.7152,19.95,50.125
79.7352,18.537,53.947
79.7537,19.733,50.677
79.7734,18.727,53.398
79.7922,19.444,51.43
79.8116,18.711,53.445
79.8303,19.991,50.022
79.8503,20.105,49.739
79.8704,19.932,50.171
79.8903,21.011,47.593
79.9113,19.844,50.394
79.9312,19.543,51.17
79.9507,18.864,53.012
79.9696,18.27,54.735
79.9879,18.812,53.159
80.0067,20.844,47.975
80.0275,18.822,53.13
80.0463,20.154,49.618
80.0665,19.763,50.599
80.0863,18.96,52.744
80.1052,19.146,52.23
80.1244,20.328,49.193
80.1447,19.019,52.58
80.1637,19.325,51.745
80.183,19.61,50.995
80.2026,20.333,49.182
80.223,19.041,52.517
80.242,18.455,54.186
80.2605,19.445,51.428
80.2799,28.57,35.002
80.3085,18.437,54.239
80.3269,18.788,53.226
80.3457,22.234,44.976
80.368,18.729,53.392
80.3867,20.045,49.887
80.4067,19.637,50.925
80.4264,20.123,49.695
80.4465,20.017,49.957
80.4665,19.834,50.418
80.4863,20.524,48.722
80.5069,18.079,55.313
80.5249,20.337,49.172
80.5453,17.673,56.585
80.5629,19.26,51.921
80.5822,18.545,53.923
80.6008,19.981,50.049
80.6207,20.022,49.946
80.6408,19.424,51.482
80.6602,19.949,50.127
80.6801,18.129,55.159
80.6983,20.313,49.228
80.7186,21.249,47.062
80.7398,18.817,53.145
80.7586,20.337,49.171
80.779,20.809,48.055
80.7998,20.285,49.298
80.8201,18.925,52.84
80.839,19.777,50.564
80.8588,20.082,49.796
80.8789,20.421,48.969
80.8993,19.134,52.262
80.9184,21.732,46.016
80.9401,19.259,51.925
80.9594,18.849,53.052
80.9782,19.51,51.257
80.9978,20.149,49.63
81.0179,19.895,50.265
81.0378,18.589,53.796
81.0564,19.199,52.087
81.0756,20.91,47.823
81.0965,21.302,46.945
81.1178,20.154,49.617
81.138,20.227,49.439
81.1582,19.702,50.757
81.1779,18.779,53.252
81.1967,19.525,51.217
81.2162,20.493,48.797
81.2367,20.323,49.205
81.257,20.969,47.69
81.278,20.043,49.894
81.298,19.652,50.886
81.3177,19.734,50.674
81.3374,21.164,47.25
81.3586,19.63,50.943
81.3782,19.155,52.205
81.3973,20.524,48.723
81.4179,19.138,52.252
81.437,19.378,51.606
81.4564,19.59,51.047
81.476,19.416,51.505
81.4954,18.292,54.67
81.5137,19.503,51.275
81.5332,20.522,48.727
81.5537,21.413,46.7
81.5751,21.382,46.768
81.5965,19.98,50.049
81.6165,19.418,51.498
81.6359,19.763,50.601
81.6557,19.521,51.227
81.6752,20.142,49.647
81.6953,20.361,49.114
81.7157,19.763,50.599
81.7355,19.68,50.813
81.7551,21.886,45.691
81.777,20.606,48.53
81.7976,20.073,49.817
81.8177,20.806,48.062
81.8385,20.152,49.623
81.8587,20.4,49.021
81.8791,21.413,46.7
81.9005,21.046,47.515
81.9215,18.569,53.854
81.9401,19.288,51.845
81.9594,18.672,53.555
81.978,19.801,50.501
81.9978,18.864,53.01
82.0167,19.049,52.496
82.0358,19.808,50.485
82.0556,20.345,49.151
82.0759,20.631,48.47
82.0965,20.569,48.616
82.1171,20.11,49.726
82.1372,19.65,50.892
82.1569,21.118,47.352
82.178,19.662,50.86
82.1977,19.118,52.306
82.2168,19.532,51.197
82.2363,21.756,45.965
82.2581,19.04,52.521
82.2771,18.673,53.552
82.2958,20.292,49.281
82.3161,18.855,53.036
82.3349,20.027,49.933
82.3549,19.321,51.756
82.3743,19.102,52.351
82.3934,19.013,52.594
82.4124,19.232,51.997
82.4316,17.652,56.65
82.4493,20.017,49.957
82.4693,19.295,51.828
82.4886,19.807,50.487
82.5084,20.15,49.628
82.5285,20.3,49.261
82.5488,19.345,51.694
82.5682,20.177,49.56
82.5884,21.853,45.76
82.6102,19.496,51.292
82.6297,20.866,47.926
82.6506,19.735,50.672
82.6703,20.312,49.233
82.6906,19.416,51.504
82.71,18.663,53.581
82.7287,20.899,47.848
82.7496,19.576,51.083
82.7692,22.357,44.729
82.7915,20.535,48.698
82.8121,20.604,48.534
82.8327,18.643,53.638
82.8513,19.374,51.617
82.8707,18.99,52.658
82.8897,20.677,48.363
82.9104,21.148,47.285
82.9315,20.607,48.528
82.9521,19.48,51.334
82.9716,20.963,47.703
82.9926,20.898,47.851
83.0135,18.867,53.003
83.0323,21.347,46.845
83.0537,19.352,51.675
83.073,20.959,47.713
83.094,20.039,49.903
83.114,17.916,55.817
83.1319,21.167,47.243
83.1531,20.727,48.247
83.1738,19.248,51.954
83.1931,20.257,49.365
83.2133,19.824,50.444
83.2332,20.681,48.353
83.2538,19.91,50.225
83.2737,21.265,47.025
83.295,20.476,48.837
83.3155,20.287,49.293
83.3358,21.095,47.404
83.3569,19.098,52.361
83.376,19.623,50.961
83.3956,19.672,50.833
83.4153,20.41,48.995
83.4357,19.82,50.454
83.4555,20.529,48.712
83.476,20.387,49.052
83.4964,21.161,47.256
83.5176,20.047,49.882
83.5376,20.324,49.203
83.5579,21.384,46.765
83.5793,19.369,51.63
83.5987,20.587,48.574
83.6193,20.434,48.937
83.6397,19.716,50.721
83.6594,20.028,49.93
83.6795,20.948,47.737
83.7004,21.732,46.015
83.7221,20.191,49.528
83.7423,20.551,48.66
83.7629,19.861,50.349
83.7827,20.377,49.074
83.8031,20.491,48.801
83.8236,19.172,52.158
83.8428,20.887,47.876
83.8637,18.458,54.178
83.8821,20.63,48.474
83.9028,20.853,47.954
83.9236,19.868,50.333
83.9435,20.143,49.645
83.9636,19.821,50.452
83.9834,21.103,47.387
84.0045,20.162,49.597
84.0247,19.463,51.38
84.0442,20.151,49.624
84.0643,20.937,47.762
84.0853,22.2,45.044
84.1075,20.72,48.262
84.1282,21.19,47.191
84.1494,21.113,47.364
84.1705,20.755,48.181
84.1912,21.245,47.07
84.2125,19.433,51.46
84.2319,21.606,46.282
84.2535,20.968,47.692
84.2745,21.735,46.009
84.2962,22.042,45.368
84.3183,20.992,47.638
84.3393,22.245,44.954
84.3615,19.698,50.766
84.3812,19.276,51.878
84.4005,18.91,52.882
84.4194,20.996,47.627
84.4404,20.84,47.984
84.4612,21.417,46.691
84.4826,20.346,49.151
84.503,19.814,50.47
84.5228,18.788,53.226
84.5416,21.043,47.521
84.5626,22.09,45.27
84.5847,21.591,46.315
84.6063,20.77,48.148
84.6271,19.121,52.299
84.6462,21.178,47.218
84.6674,20.333,49.18
84.6877,20.569,48.616
84.7083,20.744,48.206
84.729,21.916,45.628
84.7509,20.012,49.97
84.771,21.386,46.761
84.7923,21.261,47.034
84.8136,22.305,44.832
84.8359,21.232,47.1
84.8571,21.396,46.737
84.8785,42.899,23.31
84.9214,20.384,49.058
84.9418,19.703,50.753
84.9615,19.403,51.538
84.9809,21.653,46.184
85.0026,22.346,44.751
85.0249,20.677,48.363
85.0456,19.417,51.502
85.065,21.966,45.526
85.087,21.309,46.929
85.1083,20.082,49.796
85.1284,19.664,50.855
85.148,20.097,49.76
85.1681,21.268,47.02
85.1894,20.539,48.687
85.2099,20.867,47.922
85.2308,21.126,47.335
85.2519,19.71,50.735
85.2716,20.14,49.653
85.2918,21.706,46.07
85.3135,21.16,47.259
85.3347,20.497,48.787
85.3552,18.949,52.772
85.3741,19.326,51.745
85.3934,19.612,50.99
85.413,21.267,47.02
85.4343,21.272,47.01
85.4556,22.06,45.331
85.4776,19.132,52.268
85.4968,20.089,49.778
85.5169,19.575,51.086
85.5364,21.259,47.039
85.5577,20.835,47.996
85.5785,20.018,49.954
85.5985,20.646,48.435
85.6192,20.883,47.886
85.6401,20.808,48.059
85.6609,19.502,51.278
85.6804,21.587,46.324
85.702,20.395,49.032
85.7224,20.197,49.512
85.7426,18.951,52.769
85.7615,20.976,47.673
85.7825,20.797,48.083
85.8033,20.465,48.864
85.8238,22.848,43.767
85.8466,19.992,50.021
85.8666,21.535,46.435
85.8881,20.585,48.578
85.9087,21.73,46.02
85.9304,20.363,49.108
85.9508,21.136,47.312
85.9719,21.45,46.62
85.9934,20.516,48.744
86.0139,20.477,48.835
86.0344,20.695,48.321
86.0551,22.902,43.665
86.078,20.947,47.74
86.0989,20.811,48.05
86.1197,20.669,48.382
86.1404,21.023,47.566
86.1614,20.317,49.22
86.1817,21.304,46.939
86.2031,21.413,46.702
86.2245,23.183,43.135
86.2476,21.94,45.579
86.2696,22.545,44.355
86.2921,22.168,45.111
86.3143,23.105,43.281
86.3374,41.151,24.301
86.3786,20.447,48.907
86.399,21.114,47.362
86.4201,20.365,49.103
86.4405,20.825,48.02
86.4613,21.116,47.357
86.4824,21.347,46.844
86.5038,21.4,46.73
86.5252,21.317,46.911
86.5465,20.524,48.724
86.567,20.499,48.783
86.5875,21.977,45.501
86.6095,20.386,49.052
86.6299,22.634,44.182
86.6525,20.267,49.34
86.6728,21.881,45.701
86.6947,20.97,47.687
86.7156,21.505,46.501
86.7371,19.928,50.181
86.7571,21.269,47.016
86.7783,21.195,47.18
86.7995,20.571,48.613
86.8201,21.847,45.772
86.8419,20.44,48.923
86.8624,22.479,44.485
86.8849,21.628,46.237
86.9065,22.058,45.334
86.9285,22.14,45.166
86.9507,21.83,45.809
86.9725,21.963,45.53
86.9945,23.064,43.358
87.0175,20.736,48.226
87.0383,19.946,50.136
87.0582,20.781,48.121
87.079,21.155,47.27
87.1002,22.945,43.582
87.1231,23.346,42.834
87.1465,20.158,49.609
87.1666,21.33,46.881
87.1879,21.937,45.586
87.2099,20.733,48.233
87.2306,20.761,48.167
87.2514,22.378,44.686
87.2738,21.057,47.49
87.2948,21.211,47.145
87.316,22.236,44.973
87.3383,20.376,49.076
87.3586,21.284,46.984
87.3799,22.525,44.394
87.4024,20.261,49.355
87.4227,21.392,46.748
87.4441,21.634,46.225
87.4657,20.723,48.256
87.4864,20.227,49.44
87.5067,20.602,48.54
87.5273,22.27,44.903
87.5495,21.854,45.758
87.5714,22.949,43.575
87.5944,21.709,46.063
87.6161,20.915,47.814
87.637,22.613,44.222
87.6596,19.846,50.389
87.6794,21.861,45.743
87.7013,22.289,44.866
87.7236,21.379,46.776
87.745,22.402,44.639
87.7674,21.607,46.282
87.789,19.371,51.625
87.8083,20.001,49.998
87.8283,20.714,48.277
87.8491,20.293,49.278
87.8693,20.37,49.091
87.8897,21.189,47.195
87.9109,21.22,47.124
87.9321,20.054,49.866
87.9522,21.848,45.77
87.974,22.526,44.394
87.9966,21.861,45.744
88.0184,20.584,48.582
88.039,20.208,49.484
88.0592,20.711,48.283
88.0799,23.365,42.799
88.1033,21.5,46.511
88.1248,21.348,46.842
88.1461,23.102,43.286
88.1692,22.042,45.368
88.1913,21.054,47.497
88.2123,23.273,42.969
88.2356,20.964,47.7
88.2566,21.837,45.793
88.2784,21.657,46.174
88.3001,21.093,47.408
88.3212,21.732,46.015
88.3429,22.873,43.72
88.3658,20.358,49.121
88.3861,19.518,51.235
88.4056,21.786,45.901
88.4274,20.3,49.261
88.4477,22.069,45.312
88.4698,20.851,47.96
88.4906,22.381,44.68
88.513,21.685,46.114
88.5347,48.351,20.682
88.5831,21.198,47.173
88.6043,20.861,47.936
88.6251,23.082,43.325
88.6482,20.959,47.711
88.6692,20.152,49.622
88.6893,21.772,45.931
88.7111,21.549,46.407
88.7326,21.875,45.713
88.7545,20.895,47.859
88.7754,37.364,26.763
88.8128,21.738,46.003
88.8345,22.811,43.839
88.8573,21.996,45.463
88.8793,21.277,47.0
88.9006,21.188,47.197
88.9218,22.303,44.837
88.9441,21.491,46.531
88.9656,22.094,45.262
88.9877,41.897,23.868
89.0296,21.573,46.355
89.0511,21.519,46.471
89.0727,20.705,48.296
89.0934,21.382,46.768
89.1147,20.234,49.423
89.135,21.829,45.811
89.1568,20.932,47.774
89.1777,21.438,46.646
89.1992,21.374,46.786
89.2205,21.764,45.947
89.2423,23.907,41.828
89.2662,21.074,47.452
89.2873,21.859,45.748
89.3092,19.752,50.627
89.3289,19.601,51.019
89.3485,20.875,47.904
89.3694,22.15,45.146
89.3915,22.699,44.055
89.4142,19.901,50.248
89.4341,21.167,47.243
89.4553,21.317,46.91
89.4766,22.155,45.136
89.4988,21.397,46.735
89.5202,21.499,46.513
89.5417,21.65,46.189
89.5633,20.54,48.685
89.5839,22.923,43.623
89.6068,21.908,45.646
89.6287,21.841,45.786
89.6505,21.58,46.339
89.6721,20.22,49.455
89.6923,21.933,45.593
89.7143,22.337,44.77
89.7366,20.787,48.108
89.7574,20.46,48.876
89.7778,22.107,45.234
89.8,19.922,50.195
89.8199,20.542,48.68
89.8404,21.5,46.511
89.8619,21.04,47.527
89.883,20.268,49.339
89.9032,22.368,44.706
89.9256,21.632,46.228
89.9472,21.505,46.501
89.9687,21.281,46.989
89.99,21.685,46.114
90.0117,21.489,46.535
90.0332,37.535,26.641
90.0707,20.083,49.794
90.0908,20.335,49.177
90.1111,22.006,45.442
90.1331,20.871,47.913
90.154,20.572,48.609
90.1746,20.815,48.043
90.1954,21.475,46.566
90.2169,21.856,45.753
90.2387,21.73,46.02
90.2605,20.823,48.024
90.2813,21.786,45.901
90.3031,23.162,43.175
90.3262,20.79,48.101
90.347,21.26,47.038
90.3683,19.869,50.331
90.3882,21.682,46.121
90.4098,21.747,45.984
90.4316,22.389,44.666
90.454,19.995,50.012
90.474,20.417,48.98
90.4944,20.95,47.732
90.5153,21.867,45.73
90.5372,21.702,46.08
90.5589,22.542,44.361
90.5814,21.003,47.613
90.6024,20.896,47.857
90.6233,19.612,50.99
90.643,21.727,46.026
90.6647,21.629,46.234
90.6863,21.42,46.686
90.7077,19.798,50.51
90.7275,22.087,45.275
90.7496,19.109,52.331
90.7687,21.955,45.548
90.7907,20.774,48.136
90.8115,22.504,44.437
90.834,22.9,43.668
90.8569,19.574,51.088
90.8764,22.791,43.876
90.8992,20.532,48.706
90.9198,21.96,45.537
90.9417,21.557,46.389
90.9633,22.108,45.232
90.9854,20.787,48.107
91.0062,22.006,45.442
91.0282,21.683,46.118
91.0499,20.041,49.899
91.0699,22.144,45.158
91.092,20.348,49.144
91.1124,19.913,50.218
91.1323,20.233,49.425
91.1525,21.504,46.504
91.174,20.768,48.151
91.1948,20.947,47.739
91.2158,21.868,45.729
91.2376,20.928,47.782
91.2586,21.577,46.345
91.2801,35.441,28.216
91.3156,21.05,47.507
91.3366,20.759,48.172
91.3574,20.709,48.288
91.3781,21.695,46.094
91.3998,22.074,45.303
91.4219,20.56,48.638
91.4424,19.607,51.002
91.462,20.61,48.521
91.4826,20.651,48.424
91.5033,20.9,47.846
91.5242,22.89,43.688
91.5471,20.861,47.937
91.5679,19.693,50.779
91.5876,20.45,48.9
91.6081,21.052,47.502
91.6291,21.586,46.327
91.6507,21.408,46.711
91.6721,20.131,49.676
91.6923,22.368,44.707
91.7146,21.78,45.913
91.7364,21.397,46.736
91.7578,20.326,49.198
91.7781,20.582,48.585
91.7987,21.33,46.882
91.82,20.084,49.791
91.8401,19.454,51.403
91.8596,19.994,50.015
91.8796,19.534,51.193
91.8991,21.613,46.267
91.9207,20.758,48.174
91.9415,21.304,46.94
91.9628,22.476,44.492
91.9853,19.844,50.394
92.0051,21.554,46.394
92.0267,21.707,46.068
92.0484,22.482,44.479
92.0708,21.561,46.381
92.0924,20.571,48.612
92.113,20.784,48.113
92.1338,20.889,47.872
92.1546,19.951,50.124
92.1746,21.088,47.42
92.1957,19.289,51.842
92.215,21.435,46.652
92.2364,20.984,47.656
92.2574,20.973,47.679
92.2784,20.136,49.662
92.2985,21.361,46.815
92.3199,21.621,46.251
92.3415,21.238,47.086
92.3627,21.657,46.174
92.3844,20.538,48.69
92.4049,21.952,45.554
92.4269,20.43,48.949
92.4473,21.143,47.298
92.4684,21.167,47.243
92.4896,21.424,46.677
92.511,20.476,48.838
92.5315,22.015,45.424
92.5535,21.105,47.382
92.5746,21.32,46.903
92.5959,20.575,48.603
92.6165,19.514,51.245
92.636,21.78,45.913
92.6578,22.816,43.829
92.6806,20.261,49.356
92.7009,19.588,51.052
92.7205,20.172,49.574
92.7407,21.105,47.382
92.7618,22.033,45.387
92.7838,21.506,46.5
92.8053,20.679,48.359
92.826,21.411,46.704
92.8474,19.726,50.695
92.8671,20.816,48.039
92.8879,18.546,53.92
92.9065,21.531,46.444
92.928,20.649,48.428
92.9487,20.194,49.52
92.9688,18.217,54.894
92.9871,19.49,51.309
93.0066,20.654,48.416
93.0272,20.271,49.331
93.0475,20.419,48.975
93.0679,21.438,46.646
93.0893,30.254,33.053
93.1196,32.731,30.552
93.1523,20.786,48.11
93.1731,22.568,44.31
93.1957,20.348,49.145
93.216,21.029,47.554
93.2371,19.237,51.984
93.2563,19.891,50.275
93.2762,20.292,49.28
93.2965,20.033,49.917
93.3165,21.547,46.411
93.3381,20.356,49.127
93.3584,21.341,46.859
93.3797,18.876,52.979
93.3986,20.375,49.08
93.419,20.086,49.786
93.4391,23.209,43.086
93.4623,20.23,49.431
93.4825,20.163,49.596
93.5027,20.004,49.99
93.5227,19.857,50.36
93.5425,20.037,49.907
93.5626,20.237,49.415
93.5828,20.614,48.51
93.6034,20.33,49.189
93.6238,21.391,46.749
93.6452,20.321,49.21
93.6655,51.801,19.305
93.7173,20.682,48.352
93.738,20.37,49.093
93.7583,19.874,50.316
93.7782,21.231,47.1
93.7994,18.352,54.49
93.8178,19.661,50.861
93.8375,19.954,50.114
93.8574,18.703,53.467
93.8761,22.364,44.715
93.8985,20.033,49.916
93.9185,21.292,46.966
93.9398,19.849,50.38
93.9596,20.426,48.957
93.9801,19.29,51.841
93.9994,22.012,45.43
94.0214,20.646,48.436
94.042,20.22,49.457
94.0622,21.788,45.896
94.084,20.247,49.39
94.1043,20.301,49.26
94.1246,20.777,48.13
94.1454,19.354,51.668
94.1647,19.782,50.55
94.1845,19.413,51.511
94.2039,20.043,49.892
94.2239,20.594,48.557
94.2445,19.458,51.392
94.264,20.755,48.182
94.2848,19.645,50.904
94.3044,20.216,49.466
94.3246,20.364,49.105
94.345,21.906,45.649
94.3669,19.994,50.015
94.3869,20.463,48.869
94.4073,21.699,46.085
94.429,20.007,49.982
94.449,19.322,51.754
94.4684,20.493,48.796
94.4889,20.292,49.28
94.5092,19.733,50.678
94.5289,21.052,47.501
94.5499,19.541,51.175
94.5695,20.703,48.302
94.5902,20.685,48.344
94.6109,19.378,51.605
94.6302,19.167,52.172
94.6494,20.144,49.642
94.6696,20.348,49.146
94.6899,19.959,50.102
94.7099,19.549,51.154
94.7294,19.267,51.903
94.7487,20.627,48.479
94.7693,20.787,48.107
94.7901,20.178,49.56
94.8103,20.425,48.959
94.8307,21.125,47.338
94.8518,18.215,54.901
94.87,19.257,51.928
94.8893,19.281,51.865
94.9086,18.97,52.715
94.9275,21.029,47.554
94.9486,20.747,48.2
94.9693,17.943,55.732
94.9873,19.396,51.556
95.0067,19.542,51.171
95.0262,20.987,47.649
95.0472,19.726,50.694
95.0669,20.656,48.412
95.0876,18.58,53.822
95.1062,20.56,48.638
95.1267,19.467,51.369
95.1462,19.929,50.177
95.1661,19.605,51.007
95.1857,18.51,54.024
95.2042,19.147,52.227
95.2234,20.262,49.353
95.2436,19.81,50.479
95.2634,19.802,50.501
95.2832,19.158,52.197
95.3024,20.006,49.986
95.3224,20.933,47.771
95.3433,20.407,49.002
95.3638,18.798,53.198
95.3825,19.358,51.657
95.4019,19.241,51.974
95.4211,19.414,51.509
95.4406,20.507,48.763
95.4611,20.948,47.738
95.482,20.579,48.593
95.5026,18.439,54.233
95.521,18.862,53.017
95.5399,19.24,51.976
95.5591,20.553,48.654
95.5797,21.101,47.391
95.6008,20.906,47.832
95.6217,19.903,50.244
95.6416,19.181,52.135
95.6608,19.275,51.881
95.6801,17.748,56.345
95.6978,17.678,56.567
95.7155,17.875,55.945
95.7334,18.353,54.486
95.7517,18.629,53.679
95.7703,19.478,51.339
95.7898,18.475,54.128
95.8083,19.428,51.473
95.8277,19.729,50.687
95.8474,18.701,53.473
95.8661,19.703,50.753
95.8859,19.648,50.897
95.9055,18.545,53.923
95.924,18.559,53.883
95.9426,21.271,47.012
95.9639,21.543,46.419
95.9854,20.994,47.632
96.0064,18.544,53.926
96.025,19.254,51.937
96.0442,19.949,50.127
96.0642,20.826,48.017
96.085,18.925,52.839
96.1039,19.652,50.886
96.1236,18.503,54.044
96.1421,19.676,50.824
96.1617,21.82,45.83
96.1836,20.273,49.326
96.2038,18.362,54.46
96.2222,20.557,48.645
96.2428,20.0,49.999
96.2628,19.723,50.702
96.2825,20.04,49.899
96.3025,20.23,49.431
96.3227,19.455,51.401
96.3422,19.776,50.565
96.362,20.256,49.367
96.3822,20.777,48.131
96.403,19.283,51.859
96.4223,17.472,57.235
96.4398,20.243,49.4
96.46,19.259,51.924
96.4793,19.527,51.212
96.4988,20.105,49.738
96.5189,18.793,53.211
96.5377,18.742,53.357
96.5564,17.919,55.808
96.5744,19.448,51.418
96.5938,18.657,53.6
96.6125,19.464,51.377
96.6319,19.083,52.402
96.651,20.148,49.633
96.6712,19.528,51.207
96.6907,17.592,56.845
96.7083,21.447,46.626
96.7297,20.163,49.596
96.7499,18.68,53.533
96.7686,18.288,54.682
96.7869,19.623,50.961
96.8065,19.37,51.626
96.8258,19.369,51.63
96.8452,18.954,52.76
96.8642,19.855,50.365
96.884,20.033,49.916
96.9041,19.366,51.636
96.9234,19.766,50.592
96.9432,19.249,51.95
96.9624,19.038,52.528
96.9815,20.243,49.4
97.0017,20.468,48.857
97.0222,19.551,51.147
97.0417,18.839,53.082
97.0606,20.089,49.779
97.0807,19.18,52.137
97.0998,18.846,53.062
97.1187,19.274,51.882
97.138,19.487,51.316
97.1575,20.437,48.932
97.1779,18.215,54.899
97.1961,18.008,55.53
97.2141,19.23,52.001
97.2333,19.193,52.102
97.2525,19.181,52.134
97.2717,19.718,50.714
97.2914,18.902,52.904
97.3103,19.612,50.988
97.33,18.951,52.769
97.3489,20.386,49.054
97.3693,19.441,51.437
97.3887,19.26,51.921
97.408,19.559,51.127
97.4275,18.316,54.596
97.4459,19.267,51.901
97.4651,18.533,53.958
97.4837,18.359,54.471
97.502,18.422,54.283
97.5204,18.429,54.263
97.5389,18.521,53.994
97.5574,18.15,55.095
97.5755,20.249,49.384
97.5958,18.87,52.993
97.6147,18.109,55.22
97.6328,19.278,51.872
97.6521,19.14,52.248
97.6712,17.922,55.798
97.6891,19.318,51.764
97.7084,20.583,48.585
97.729,19.141,52.243
97.7482,18.525,53.981
97.7667,19.173,52.158
97.7859,19.65,50.89
97.8055,20.501,48.779
97.826,19.404,51.537
97.8454,19.485,51.321
97.8649,18.878,52.972
97.8838,18.111,55.215
97.9019,18.017,55.504
97.9199,19.423,51.484
97.9393,17.941,55.739
97.9573,19.291,51.839
97.9766,18.601,53.762
97.9952,19.65,50.89
98.0148,21.209,47.15
98.036,18.622,53.7
98.0546,19.198,52.088
98.0738,17.931,55.77
98.0918,20.385,49.056
98.1121,18.683,53.525
98.1308,18.906,52.892
98.1497,18.972,52.709
98.1687,18.258,54.771
98.187,19.557,51.132
98.2065,19.448,51.418
98.226,18.622,53.699
98.2446,18.578,53.826
98.2632,18.025,55.478
98.2812,18.809,53.165
98.3,19.313,51.778
98.3193,20.171,49.576
98.3395,18.491,54.082
98.358,20.92,47.801
98.3789,18.188,54.98
98.3971,18.784,53.237
98.4159,20.366,49.103
98.4362,18.424,54.278
98.4547,18.947,52.778
98.4736,19.56,51.123
98.4932,17.84,56.054
98.511,19.445,51.428
98.5305,18.812,53.159
98.5493,18.744,53.35
98.568,19.759,50.61
98.5878,18.097,55.258
98.6059,19.727,50.691
98.6256,20.824,48.022
98.6464,19.091,52.381
98.6655,19.758,50.612
98.6853,19.632,50.937
98.7049,18.998,52.636
98.7239,19.695,50.775
98.7436,20.004,49.989
98.7636,17.222,58.065
98.7808,18.98,52.686
98.7998,19.263,51.914
98.8191,18.725,53.404
98.8378,17.856,56.003
98.8556,19.088,52.389
98.8747,19.091,52.38
98.8938,18.996,52.642
98.9128,19.099,52.36
98.9319,18.806,53.174
98.9507,18.971,52.712
98.9697,17.617,56.764
98.9873,19.176,52.149
99.0065,19.289,51.843
99.0258,19.007,52.613
99.0448,37.433,26.714
99.0822,19.652,50.885
99.1019,19.374,51.616
99.1212,18.712,53.442
99.14,21.049,47.508
99.161,18.876,52.977
99.1799,18.647,53.627
99.1985,18.485,54.097
99.217,18.47,54.14
99.2355,19.814,50.47
99.2553,18.02,55.495
99.2733,20.611,48.518
99.2939,20.478,48.834
99.3144,18.299,54.649
99.3327,19.644,50.905
99.3523,17.432,57.366
99.3698,20.346,49.15
99.3901,20.616,48.506
99.4107,18.96,52.742
99.4297,18.886,52.95
99.4486,19.23,52.001
99.4678,21.679,46.127
99.4895,20.952,47.728
99.5105,19.234,51.993
99.5297,20.862,47.934
99.5505,18.732,53.384
99.5693,17.603,56.808
99.5869,18.222,54.878
99.6051,19.289,51.843
99.6244,16.96,58.964
99.6414,22.418,44.608
99.6638,18.018,55.5
99.6818,19.548,51.156
99.7013,19.026,52.56
99.7204,19.889,50.278
99.7403,21.512,46.487
99.7618,18.151,55.093
99.7799,18.648,53.626
99.7986,18.026,55.475
99.8166,18.613,53.727
99.8352,18.7,53.475
99.8539,18.82,53.135
99.8727,18.653,53.61
99.8914,17.448,57.312
99.9088,57.788,17.304
99.9666,18.48,54.112
99.9851,18.775,53.261
100.0039,20.56,48.639
100.0244,18.761,53.301
100.0432,19.724,50.7
100.0629,18.471,54.139
100.0814,19.135,52.26
100.1005,17.992,55.58
100.1185,19.025,52.563
100.1375,18.751,53.331
100.1563,18.612,53.73
100.1749,44.485,22.479
100.2194,20.389,49.047
100.2398,18.392,54.37
100.2582,20.385,49.056
100.2785,18.263,54.755
100.2968,19.169,52.167
100.316,19.668,50.843
100.3356,19.212,52.05
100.3549,20.207,49.488
100.3751,19.182,52.132
100.3943,19.018,52.582
100.4133,18.411,54.315
100.4317,19.94,50.152
100.4516,19.541,51.174
100.4712,17.851,56.02
100.489,17.857,56.0
100.5069,20.724,48.254
100.5276,17.154,58.295
100.5447,18.261,54.763
100.563,19.63,50.943
100.5826,16.44,60.829
100.5991,20.535,48.697
100.6196,20.025,49.938
100.6396,19.339,51.708
100.659,18.994,52.648
100.678,19.711,50.732
100.6977,19.583,51.065
100.7173,19.589,51.05
100.7369,20.713,48.279
100.7576,17.456,57.287
100.775,18.39,54.379
100.7934,20.577,48.597
100.814,19.845,50.39
100.8338,19.038,52.528
100.8529,19.385,51.585
100.8723,21.257,47.043
100.8935,19.931,50.172
100.9134,20.209,49.483
100.9337,18.541,53.935
100.9522,51.181,19.538
101.0034,18.092,55.273
101.0215,19.265,51.908
101.0407,18.355,54.48
101.0591,18.826,53.118
101.0779,18.533,53.958
101.0964,17.441,57.337
101.1139,19.011,52.602
101.1329,19.994,50.014
101.1529,18.615,53.719
101.1715,20.074,49.815
101.1916,18.359,54.469
101.2099,18.914,52.87
101.2289,19.291,51.837
101.2481,18.487,54.091
101.2666,19.23,52.002
101.2859,20.111,49.725
101.306,17.918,55.808
101.3239,18.949,52.774
101.3428,20.134,49.666
101.363,18.686,53.515
101.3817,20.358,49.121
101.402,20.229,49.434
101.4223,19.298,51.819
101.4415,19.58,51.074
101.4611,18.467,54.151
101.4796,19.681,50.81
101.4993,19.583,51.066
101.5189,20.523,48.727
101.5394,20.598,48.549
101.56,19.532,51.198
101.5795,19.417,51.501
101.5989,19.96,50.099
101.6189,19.12,52.302
101.638,19.25,51.947
101.6573,20.131,49.674
101.6774,19.381,51.598
101.6968,20.556,48.646
101.7173,17.843,56.045
101.7352,18.157,55.075
101.7533,19.273,51.885
101.7726,20.573,48.608
101.7932,18.14,55.128
101.8113,17.881,55.926
101.8292,18.28,54.706
101.8475,18.561,53.877
101.866,20.921,47.8
101.887,20.214,49.471
101.9072,20.698,48.313
101.9279,17.747,56.347
101.9456,19.882,50.297
101.9655,17.422,57.398
101.9829,17.599,56.822
102.0005,21.078,47.443
102.0216,18.049,55.403
102.0396,18.835,53.094
102.0585,18.91,52.881
102.0774,19.187,52.119
102.0966,18.26,54.763
102.1148,19.846,50.389
102.1347,19.73,50.684
102.1544,18.013,55.516
102.1724,19.236,51.985
102.1917,18.56,53.88
102.2102,19.722,50.704
102.2299,18.195,54.961
102.2481,19.132,52.267
102.2673,18.951,52.768
102.2862,20.026,49.936
102.3062,18.765,53.29
102.325,19.607,51.002
102.3446,20.358,49.12
102.365,18.84,53.079
102.3838,19.668,50.843
102.4035,19.647,50.898
102.4231,17.852,56.016
102.441,19.762,50.602
102.4607,19.025,52.561
102.4798,20.243,49.4
102.5,20.383,49.06
102.5204,19.881,50.3
102.5403,18.595,53.777
102.5589,18.006,55.538
102.5769,20.024,49.94
102.5969,17.816,56.13
102.6147,21.448,46.625
102.6362,19.102,52.351
102.6553,19.9,50.251
102.6752,19.842,50.399
102.695,20.646,48.436
102.7157,20.284,49.3
102.7359,19.698,50.766
102.7556,18.84,53.078
102.7745,19.962,50.095
102.7944,18.557,53.888
102.813,19.419,51.495
102.8324,18.528,53.972
102.8509,19.111,52.326
102.8701,19.091,52.382
102.8891,16.774,59.615
102.9059,20.339,49.166
102.9263,20.922,47.797
102.9472,20.993,47.634
102.9682,20.004,49.991
102.9882,20.704,48.299
103.0089,19.822,50.449
103.0287,19.996,50.01
103.0487,20.795,48.088
103.0695,21.232,47.099
103.0907,18.998,52.638
103.1097,18.469,54.146
103.1282,18.992,52.653
103.1472,18.64,53.649
103.1658,19.152,52.213
103.185,19.652,50.884
103.2046,19.468,51.366
103.2241,21.757,45.963
103.2459,18.172,55.028
103.264,18.811,53.162
103.2828,20.514,48.747
103.3034,19.02,52.576
103.3224,20.58,48.592
103.343,19.615,50.981
103.3626,19.608,51.0
103.3822,19.689,50.79
103.4019,19.145,52.233
103.421,18.65,53.619
103.4397,17.662,56.618
103.4573,20.806,48.062
103.4781,17.498,57.148
103.4956,19.258,51.927
103.5149,19.475,51.349
103.5344,19.173,52.156
103.5535,20.295,49.274
103.5738,19.692,50.782
103.5935,20.409,48.998
103.6139,20.099,49.754
103.634,20.092,49.77
103.6541,19.117,52.309
103.6732,18.586,53.804
103.6918,19.787,50.537
103.7116,18.663,53.582
103.7303,18.904,52.899
103.7492,21.969,45.518
103.7711,17.985,55.603
103.7891,17.657,56.635
103.8068,21.359,46.819
103.8281,19.711,50.733
103.8479,19.418,51.498
103.8673,21.074,47.451
103.8884,19.615,50.981
103.908,18.215,54.901
103.9262,21.341,46.859
103.9475,19.141,52.243
103.9667,20.437,48.93
103.9871,19.034,52.538
104.0061,19.397,51.555
104.0255,21.435,46.652
104.047,19.799,50.507
104.0668,17.998,55.561
104.0848,19.081,52.408
104.1038,20.439,48.926
104.1243,20.472,48.848
104.1448,20.286,49.296
104.165,20.354,49.131
104.1854,19.58,51.073
104.205,19.678,50.819
104.2247,19.426,51.478
104.2441,20.118,49.706
104.2642,18.882,52.962
104.2831,17.131,58.375
104.3002,21.267,47.021
104.3215,19.553,51.144
104.341,19.738,50.664
104.3608,19.149,52.222
104.3799,19.646,50.901
104.3996,19.23,52.003
104.4188,21.088,47.421
104.4399,21.167,47.243
104.461,19.441,51.438
104.4805,19.438,51.446
104.4999,19.482,51.33
104.5194,20.573,48.606
104.54,19.322,51.755
104.5593,21.751,45.974
104.5811,19.985,50.038
104.601,20.906,47.834
104.6219,60.874,16.427
104.6828,19.863,50.344
104.7027,20.672,48.375
104.7234,19.494,51.299
104.7428,20.176,49.563
104.763,20.297,49.267
104.7833,20.718,48.266
104.804,18.637,53.656
104.8227,20.837,47.992
104.8435,19.41,51.521
104.8629,20.591,48.566
104.8835,19.972,50.07
104.9035,19.722,50.704
104.9232,19.744,50.648
104.943,19.482,51.329
104.9624,19.194,52.1
104.9816,20.056,49.859
105.0017,17.567,56.925
105.0193,19.447,51.422
105.0387,20.377,49.074
105.0591,30.244,33.064
105.0893,22.251,44.943
105.1116,18.814,53.151
105.1304,20.583,48.584
105.151,19.401,51.543
105.1704,19.582,51.067
105.19,18.688,53.511
105.2086,19.58,51.073
105.2282,19.813,50.473
105.248,21.073,47.455
105.2691,20.339,49.166
105.2894,20.259,49.361
105.3097,18.305,54.629
105.328,18.947,52.78
105.347,18.774,53.264
105.3657,20.543,48.678
105.3863,19.859,50.355
105.4061,20.128,49.683
105.4263,20.155,49.615
105.4464,21.509,46.492
105.4679,19.92,50.2
105.4878,19.317,51.768
105.5072,21.574,46.353
105.5287,19.343,51.699
105.5481,19.222,52.024
105.5673,19.054,52.481
105.5864,19.765,50.594
105.6061,20.553,48.655
105.6267,18.737,53.369
105.6454,20.368,49.097
105.6658,20.951,47.731
105.6867,20.194,49.52
105.7069,19.953,50.118
105.7269,20.223,49.448
105.7471,18.834,53.095
105.7659,19.284,51.856
105.7852,19.402,51.542
105.8046,19.11,52.328
105.8237,19.648,50.897
105.8434,19.9,50.252
105.8633,19.646,50.9
105.8829,19.702,50.757
105.9026,19.84,50.403
105.9225,19.508,51.26
105.942,20.117,49.708
105.9621,21.355,46.828
105.9834,18.634,53.665
106.0021,19.614,50.985
106.0217,20.179,49.556
106.0419,19.75,50.633
106.0616,19.535,51.19
106.0812,21.945,45.569
106.1031,21.262,47.031
106.1244,20.175,49.566
106.1445,20.376,49.076
106.1649,18.926,52.838
106.1838,20.314,49.227
106.2042,18.488,54.089
106.2226,19.516,51.24
106.2422,19.252,51.942
106.2614,19.43,51.468
106.2808,19.552,51.145
106.3004,21.222,47.122
106.3216,19.022,52.571
106.3406,19.677,50.821
106.3603,18.674,53.551
106.379,18.303,54.637
106.3973,18.205,54.929
106.4155,19.169,52.169
106.4347,19.446,51.426
106.4541,53.594,18.659
106.5077,19.01,52.604
106.5267,19.136,52.257
106.5458,20.558,48.643
106.5664,20.411,48.994
106.5868,20.052,49.87
106.6069,18.567,53.859
106.6254,19.034,52.537
106.6445,19.226,52.013
106.6637,20.033,49.918
106.6837,19.461,51.384
106.7032,19.103,52.348
106.7223,20.114,49.717
106.7424,19.862,50.347
106.7623,19.105,52.343
106.7814,19.944,50.141
106.8013,19.902,50.246
106.8212,18.588,53.797
106.8398,20.328,49.192
106.8601,18.043,55.423
106.8782,20.816,48.041
106.899,18.848,53.056
106.9178,22.146,45.156
106.94,17.812,56.143
106.9578,19.221,52.028
106.977,19.934,50.166
106.997,20.862,47.934
107.0178,18.487,54.092
107.0363,19.419,51.497
107.0557,18.699,53.479
107.0744,20.299,49.263
107.0947,19.146,52.231
107.1139,18.316,54.599
107.1322,18.103,55.241
107.1503,20.441,48.921
107.1707,20.909,47.827
107.1916,21.045,47.518
107.2127,19.532,51.199
107.2322,17.506,57.123
107.2497,19.968,50.08
107.2697,19.687,50.794
107.2894,50.019,19.992
107.3394,20.614,48.511
107.36,17.516,57.091
107.3775,19.502,51.276
107.397,17.821,56.114
107.4148,18.055,55.387
107.4329,18.796,53.202
107.4517,18.442,54.223
107.4701,20.72,48.263
107.4909,19.512,51.25
107.5104,18.966,52.725
107.5293,18.838,53.084
107.5482,20.003,49.992
107.5682,18.702,53.47
107.5869,21.068,47.466
107.6079,19.557,51.133
107.6275,17.475,57.223
107.645,17.704,56.484
107.6627,19.423,51.484
107.6821,19.02,52.575
107.7011,21.188,47.197
107.7223,18.659,53.594
107.741,18.213,54.907
107.7592,19.128,52.279
107.7783,17.639,56.693
107.796,18.631,53.675
107.8146,19.305,51.801
107.8339,19.228,52.008
107.8531,18.456,54.183
107.8716,20.293,49.278
107.8919,19.587,51.055
107.9115,20.259,49.362
107.9317,17.879,55.932
107.9496,19.218,52.035
107.9688,19.845,50.389
107.9887,17.136,58.357
108.0058,19.081,52.409
108.0249,18.331,54.554
108.0432,18.707,53.457
108.0619,18.021,55.491
108.0799,19.004,52.619
108.0989,18.41,54.318
108.1173,18.674,53.55
108.136,20.287,49.293
108.1563,18.724,53.406
108.175,18.031,55.461
108.1931,18.246,54.808
108.2113,19.672,50.834
108.231,18.036,55.446
108.249,18.087,55.288
108.2671,19.213,52.047
108.2863,18.694,53.494
108.305,21.26,47.036
108.3263,18.724,53.408
108.345,19.292,51.835
108.3643,17.785,56.226
108.3821,18.405,54.332
108.4005,19.35,51.68
108.4198,17.668,56.599
108.4375,17.974,55.637
108.4555,18.662,53.586
108.4741,20.809,48.057
108.4949,20.224,49.445
108.5152,18.94,52.798
108.5341,19.526,51.214
108.5536,18.735,53.375
108.5724,19.14,52.248
108.5915,19.503,51.275
108.611,19.336,51.717
108.6303,18.595,53.777
108.6489,16.454,60.774
108.6654,18.925,52.84
108.6843,18.435,54.245
108.7027,18.089,55.283
108.7208,18.026,55.474
108.7389,17.544,56.999
108.7564,19.354,51.67
108.7758,16.273,61.45
108.792,19.502,51.278
108.8115,19.695,50.775
108.8312,17.448,57.314
108.8487,19.0,52.632
108.8677,17.809,56.152
108.8855,18.545,53.924
108.904,19.431,51.463
108.9235,18.542,53.931
108.942,19.812,50.474
108.9618,18.654,53.607
108.9805,26.566,37.642
109.007,19.371,51.622
109.0264,19.436,51.451
109.0458,20.232,49.426
109.0661,19.845,50.391
109.0859,18.359,54.469
109.1043,19.237,51.982
109.1235,18.386,54.389
109.1419,18.785,53.233
109.1607,20.05,49.875
109.1807,20.681,48.353
109.2014,19.091,52.381
109.2205,17.565,56.93
109.2381,17.774,56.263
109.2559,18.518,54.002
109.2744,17.086,58.526
109.2915,19.88,50.303
109.3113,18.021,55.49
109.3294,17.753,56.328
109.3471,18.266,54.746
109.3654,17.76,56.306
109.3831,18.515,54.01
109.4017,18.438,54.237
109.4201,19.96,50.1
109.44,18.154,55.084
109.4582,20.456,48.885
109.4787,18.403,54.338
109.4971,20.384,49.058
109.5174,17.581,56.88
109.535,18.506,54.038
109.5535,17.528,57.051
109.5711,18.97,52.716
109.59,18.787,53.227
109.6088,18.694,53.493
109.6275,18.708,53.453
109.6462,18.778,53.255
109.665,18.038,55.438
109.683,19.334,51.722
109.7024,19.446,51.426
109.7218,18.655,53.604
109.7405,19.39,51.572
109.7599,17.09,58.515
109.777,17.659,56.629
109.7946,16.729,59.777
109.8113,18.767,53.286
109.8301,18.161,55.062
109.8483,16.765,59.646
109.865,19.419,51.495
109.8845,18.786,53.232
109.9032,18.365,54.451
109.9216,18.307,54.625
109.9399,17.041,58.682
109.957,17.938,55.749
109.9749,18.872,52.99
109.9938,20.228,49.437
110.014,18.331,54.552
110.0323,18.5,54.055
110.0508,18.83,53.106
110.0696,19.103,52.348
110.0888,17.401,57.467
110.1062,18.63,53.676
110.1248,17.905,55.85
110.1427,17.993,55.576
110.1607,15.96,62.657
110.1766,18.757,53.314
110.1954,17.441,57.337
110.2128,18.206,54.926
110.231,18.52,53.995
110.2496,16.75,59.7
110.2663,19.6,51.019
110.2859,18.045,55.416
110.304,18.693,53.497
110.3227,17.913,55.826
110.3406,17.561,56.943
110.3581,19.037,52.53
110.3772,17.651,56.654
110.3948,17.59,56.851
110.4124,18.921,52.852
110.4313,16.225,61.634
110.4475,17.812,56.141
110.4654,18.832,53.101
110.4842,17.799,56.182
110.502,18.097,55.257
110.5201,17.522,57.071
110.5376,18.566,53.863
110.5562,17.365,57.587
110.5735,18.427,54.268
110.592,18.584,53.811
110.6106,18.459,54.175
110.629,18.221,54.881
110.6472,17.368,57.578
110.6646,17.996,55.568
110.6826,19.306,51.798
110.7019,18.003,55.546
110.7199,19.868,50.332
110.7398,18.108,55.225
110.7579,17.152,58.302
110.775,17.807,56.158
110.7928,17.451,57.305
110.8103,17.593,56.84
110.8279,18.663,53.581
110.8465,18.715,53.433
110.8653,20.185,49.543
110.8854,17.053,58.64
110.9025,18.013,55.515
110.9205,18.641,53.646
110.9392,16.511,60.567
110.9557,18.114,55.205
110.9738,18.502,54.048
110.9923,18.472,54.137
111.0108,18.099,55.252
111.0289,17.638,56.696
111.0465,19.124,52.29
111.0656,19.149,52.221
111.0848,17.455,57.289
111.1022,18.884,52.954
111.1211,18.529,53.97
111.1396,17.931,55.77
111.1576,18.312,54.608
111.1759,18.197,54.954
111.1941,18.095,55.263
111.2122,17.458,57.279
111.2296,17.747,56.348
111.2474,16.73,59.774
111.2641,17.094,58.501
111.2812,17.659,56.628
111.2989,18.867,53.003
111.3177,20.075,49.814
111.3378,18.391,54.376
111.3562,16.98,58.891
111.3732,17.377,57.546
111.3905,15.683,63.763
111.4062,17.295,57.819
111.4235,18.194,54.965
111.4417,18.742,53.355
111.4605,18.447,54.208
111.4789,17.755,56.323
111.4967,17.098,58.487
111.5138,17.973,55.639
111.5317,18.383,54.398
111.5501,18.606,53.747
111.5687,16.732,59.765
111.5855,18.022,55.488
111.6035,15.631,63.976
111.6191,17.574,56.903
111.6367,17.293,57.828
111.654,16.815,59.472
111.6708,17.788,56.219
111.6886,18.749,53.336
111.7073,19.497,51.291
111.7268,18.787,53.228
111.7456,17.787,56.22
111.7634,16.388,61.019
111.7798,16.398,60.982
111.7962,19.309,51.789
111.8155,16.119,62.039
111.8316,17.279,57.875
111.8489,17.218,58.08
111.8661,16.841,59.378
111.8829,17.194,58.159
111.9001,19.459,51.39
111.9196,16.26,61.5
111.9359,15.335,65.211
111.9512,49.995,20.002
112.0012,16.92,59.102
112.0181,17.343,57.661
112.0355,16.572,60.341
112.052,18.306,54.628
112.0703,17.204,58.125
112.0875,17.925,55.789
112.1055,18.249,54.797
112.1237,17.162,58.267
112.1409,18.997,52.64
112.1599,17.475,57.225
112.1773,17.92,55.803
112.1953,17.249,57.975
112.2125,18.979,52.689
112.2315,18.027,55.473
112.2495,17.417,57.416
112.2669,15.894,62.918
112.2828,17.712,56.46
112.3005,18.228,54.862
112.3188,17.825,56.1
112.3366,17.326,57.717
112.3539,17.227,58.049
112.3711,16.81,59.489
112.388,18.091,55.276
112.406,17.155,58.291
112.4232,17.165,58.259
112.4404,18.0,55.556
112.4584,16.823,59.443
112.4752,18.706,53.46
112.4939,18.064,55.359
112.512,17.0,58.824
112.529,16.955,58.981
112.5459,17.367,57.58
112.5633,16.199,61.734
112.5795,16.881,59.239
112.5964,16.489,60.648
112.6128,15.886,62.948
112.6287,15.179,65.879
112.6439,18.765,53.292
112.6627,18.69,53.505
112.6814,16.167,61.855
112.6975,18.342,54.518
112.7159,17.607,56.795
112.7335,17.936,55.755
112.7514,15.406,64.912
112.7668,17.573,56.904
112.7844,16.681,59.947
112.8011,16.884,59.229
112.818,18.019,55.496
112.836,17.234,58.024
112.8532,16.046,62.322
112.8693,16.696,59.893
112.886,18.58,53.821
112.9045,15.811,63.245
112.9204,16.926,59.079
112.9373,18.684,53.522
112.956,17.001,58.821
112.973,17.31,57.769
112.9903,16.917,59.113
113.0072,16.841,59.379
113.024,16.026,62.398
113.0401,17.85,56.023
113.0579,17.227,58.049
113.0751,14.977,66.769
113.0901,15.12,66.139
113.1052,17.865,55.975
113.1231,15.915,62.832
113.139,16.107,62.084
113.1551,18.309,54.617
113.1734,18.435,54.243
113.1919,16.306,61.325
113.2082,16.103,62.1
113.2243,16.757,59.678
113.241,15.232,65.651
113.2563,16.976,58.907
113.2732,16.744,59.723
113.29,17.675,56.576
113.3077,17.872,55.953
113.3255,17.466,57.255
113.343,17.567,56.926
113.3606,14.481,69.056
113.375,16.409,60.944
113.3915,17.963,55.67
113.4094,15.088,66.276
113.4245,17.666,56.605
113.4422,17.796,56.191
113.46,17.624,56.74
113.4776,17.54,57.013
113.4951,19.073,52.431
113.5142,17.276,57.883
113.5315,16.728,59.781
113.5482,16.818,59.459
113.565,16.645,60.077
113.5817,17.138,58.35
113.5988,18.146,55.109
113.617,16.339,61.202
113.6333,18.198,54.95
113.6515,17.591,56.848
113.6691,16.899,59.176
113.686,15.952,62.688
113.7019,17.291,57.834
113.7192,18.098,55.256
113.7373,46.099,21.692
113.7834,18.609,53.739
113.802,16.726,59.788
113.8188,15.819,63.215
113.8346,16.773,59.62
113.8513,18.599,53.766
113.8699,16.177,61.818
113.8861,19.508,51.261
113.9056,17.255,57.953
113.9229,17.294,57.825
113.9402,16.964,58.949
113.9571,16.634,60.117
113.9738,16.59,60.276
113.9904,16.263,61.491
114.0066,15.593,64.131
114.0222,16.816,59.466
114.039,15.786,63.349
114.0548,18.206,54.927
114.073,17.176,58.222
114.0902,16.584,60.299
114.1068,18.416,54.3
114.1252,17.497,57.154
114.1427,17.657,56.635
114.1604,17.418,57.412
114.1778,15.882,62.964
114.1937,17.439,57.342
114.2111,16.199,61.733
114.2273,16.995,58.841
114.2443,16.206,61.706
114.2605,17.255,57.955
114.2778,15.82,63.209
114.2936,16.857,59.324
114.3104,16.324,61.259
114.3268,17.206,58.118
114.344,17.781,56.24
114.3617,18.131,55.153
114.3799,16.507,60.579
114.3964,17.016,58.768
114.4134,15.796,63.308
114.4292,16.642,60.089
114.4458,16.663,60.014
114.4625,18.003,55.548
114.4805,16.137,61.969
114.4966,17.42,57.404
114.5141,16.55,60.423
114.5306,18.836,53.091
114.5494,15.605,64.08
114.565,16.836,59.395
114.5819,17.45,57.305
114.5993,16.018,62.431
114.6154,16.417,60.912
114.6318,16.977,58.905
114.6487,16.491,60.638
114.6652,16.884,59.226
114.6821,16.746,59.715
114.6989,16.797,59.534
114.7157,16.987,58.87
114.7327,16.912,59.131
114.7496,18.025,55.478
114.7676,17.295,57.821
114.7849,16.845,59.363
114.8017,15.652,63.889
114.8174,17.35,57.636
114.8347,17.475,57.226
114.8522,18.034,55.45
114.8702,15.502,64.509
114.8857,17.081,58.546
114.9028,17.466,57.253
114.9203,17.806,56.161
114.9381,17.792,56.206
114.9559,18.083,55.3
114.974,15.925,62.793
114.9899,17.483,57.198
115.0074,16.257,61.511
115.0236,17.565,56.932
115.0412,16.0,62.5
115.0572,17.839,56.058
115.075,17.977,55.627
115.093,17.413,57.428
115.1104,17.413,57.429
115.1278,17.343,57.662
115.1452,16.672,59.981
115.1619,16.849,59.351
115.1787,16.93,59.067
115.1956,16.563,60.376
115.2122,18.084,55.298
115.2303,15.115,66.158
115.2454,16.45,60.789
115.2618,17.087,58.526
115.2789,15.747,63.503
115.2947,16.083,62.179
115.3108,17.581,56.881
115.3283,17.508,57.116
115.3459,16.381,61.047
115.3622,16.34,61.199
115.3786,18.307,54.625
115.3969,15.377,65.03
115.4123,18.017,55.504
115.4303,15.455,64.704
115.4457,17.005,58.807
115.4627,16.999,58.828
115.4797,17.137,58.354
115.4969,16.721,59.805
115.5136,18.468,54.147
115.5321,16.398,60.982
115.5485,15.832,63.164
115.5643,16.944,59.02
115.5812,17.146,58.323
115.5984,16.807,59.5
115.6152,18.31,54.616
115.6335,16.89,59.206
115.6504,18.373,54.427
115.6688,18.546,53.919
115.6873,16.841,59.38
115.7041,16.686,59.929
115.7208,16.4,60.977
115.7372,16.495,60.625
115.7537,17.88,55.929
115.7716,17.835,56.07
115.7894,16.554,60.408
115.806,17.482,57.201
115.8235,18.021,55.492
115.8415,17.452,57.299
115.8589,16.644,60.083
115.8756,19.146,52.23
115.8947,16.737,59.748
115.9115,36.801,27.173
115.9483,18.322,54.578
115.9666,18.012,55.519
115.9846,17.227,58.048
116.0018,17.283,57.861
116.0191,16.412,60.931
116.0355,17.737,56.378
116.0533,18.172,55.031
116.0714,16.902,59.165
116.0883,17.128,58.384
116.1055,16.433,60.855
116.1219,18.325,54.569
116.1402,17.531,57.042
116.1578,15.167,65.932
116.1729,17.362,57.596
116.1903,17.783,56.234
116.2081,15.718,63.621
116.2238,17.163,58.265
116.241,16.842,59.377
116.2578,15.427,64.822
116.2732,16.285,61.406
116.2895,18.179,55.008
116.3077,16.852,59.339
116.3245,16.906,59.15
116.3414,16.639,60.101
116.3581,16.389,61.018
116.3745,17.146,58.323
116.3916,17.033,58.709
116.4087,17.482,57.201
116.4261,17.235,58.02
116.4434,16.333,61.225
116.4597,15.75,63.491
116.4755,16.768,59.637
116.4922,16.679,59.954
116.5089,38.852,25.739
116.5478,16.752,59.695
116.5645,16.67,59.989
116.5812,15.193,65.818
116.5964,17.266,57.919
116.6136,17.076,58.561
116.6307,16.204,61.713
116.6469,16.434,60.85
116.6633,17.184,58.195
116.6805,16.258,61.507
116.6968,17.04,58.687
116.7138,17.068,58.589
116.7309,18.567,53.859
116.7495,16.042,62.334
116.7655,17.566,56.929
116.7831,16.07,62.226
116.7991,16.877,59.251
116.816,17.913,55.826
116.8339,18.159,55.07
116.8521,18.825,53.12
116.8709,16.36,61.124
116.8873,16.572,60.344
116.9038,16.279,61.429
116.9201,18.296,54.657
116.9384,17.714,56.453
116.9561,16.305,61.332
116.9724,16.952,58.99
116.9894,18.202,54.938
117.0076,17.417,57.415
117.025,19.75,50.633
117.0448,16.535,60.479
117.0613,19.141,52.245
117.0804,17.304,57.789
117.0977,17.836,56.068
117.1156,16.384,61.033
117.132,17.417,57.415
117.1494,27.999,35.716
117.1774,17.157,58.286
117.1945,17.044,58.671
117.2116,15.973,62.606
117.2276,16.589,60.28
117.2441,16.612,60.198
117.2608,17.659,56.628
117.2784,17.872,55.953
117.2963,16.195,61.749
117.3125,16.406,60.953
117.3289,18.338,54.532
117.3472,16.786,59.574
117.364,17.492,57.168
117.3815,18.969,52.717
117.4005,17.565,56.93
117.418,17.533,57.035
117.4356,16.155,61.899
117.4517,18.53,53.966
117.4703,18.647,53.629
117.4889,17.229,58.043
117.5061,18.116,55.199
117.5242,19.061,52.464
117.5433,17.733,56.392
117.561,17.308,57.777
117.5783,16.692,59.91
117.595,19.275,51.88
117.6143,17.998,55.563
117.6323,17.225,58.056
117.6495,17.188,58.18
117.6667,16.472,60.708
117.6832,16.088,62.158
117.6993,15.153,65.992
117.7144,18.308,54.622
117.7327,18.576,53.832
117.7513,17.768,56.282
117.7691,16.098,62.118
117.7852,17.944,55.728
117.8031,16.329,61.242
117.8195,17.907,55.845
117.8374,16.802,59.518
117.8542,19.05,52.493
117.8732,17.851,56.019
117.8911,16.949,59.001
117.908,17.23,58.038
117.9253,16.396,60.992
117.9416,16.243,61.567
117.9579,17.328,57.71
117.9752,18.349,54.499
117.9936,16.781,59.591
118.0103,15.517,64.447
118.0259,16.207,61.7
118.0421,18.012,55.52
118.0601,17.295,57.82
118.0774,19.051,52.489
118.0964,18.103,55.238
118.1145,16.605,60.224
118.1311,16.317,61.285
118.1475,16.406,60.955
118.1639,18.426,54.271
118.1823,18.086,55.293
118.2004,18.008,55.532
118.2184,17.808,56.153
118.2362,19.196,52.095
118.2554,43.668,22.9
118.2991,17.112,58.439
118.3162,17.305,57.787
118.3335,17.437,57.35
118.3509,18.893,52.93
118.3698,16.394,60.997
118.3862,17.149,58.313
118.4033,18.824,53.124
118.4222,17.015,58.772
118.4392,16.4,60.975
118.4556,18.283,54.696
118.4739,17.912,55.828
118.4918,16.171,61.837
118.5079,16.958,58.968
118.5249,29.252,34.185
118.5542,16.836,59.398
118.571,16.485,60.661
118.5875,19.384,51.589
118.6069,17.729,56.406
118.6246,18.175,55.02
118.6428,18.43,54.261
118.6612,17.664,56.611
118.6789,17.155,58.293
118.696,16.156,61.897
118.7122,17.209,58.108
118.7294,16.422,60.894
118.7458,18.398,54.355
118.7642,19.265,51.907
118.7835,15.749,63.497
118.7992,17.3,57.803
118.8165,18.396,54.359
118.8349,18.068,55.345
118.853,17.181,58.203
118.8702,16.559,60.391
118.8867,17.832,56.079
118.9045,18.906,52.893
118.9235,16.855,59.331
118.9403,17.665,56.61
118.958,17.873,55.952
118.9758,17.843,56.043
118.9937,19.279,51.869
119.013,18.329,54.557
119.0313,17.414,57.425
119.0487,18.715,53.433
119.0674,17.208,58.114
119.0846,17.513,57.1
119.1021,17.215,58.088
119.1194,17.555,56.963
119.1369,17.046,58.663
119.154,17.202,58.132
119.1712,17.737,56.378
119.1889,18.634,53.666
119.2075,18.314,54.602
119.2259,17.262,57.931
119.2431,15.989,62.543
119.2591,17.931,55.768
119.277,18.363,54.458
119.2954,16.416,60.915
119.3118,17.156,58.289
119.329,17.647,56.666
119.3466,18.244,54.813
119.3649,18.803,53.182
119.3837,18.718,53.424
119.4024,18.041,55.43
119.4204,18.362,54.461
119.4388,17.499,57.145
119.4563,16.884,59.227
119.4732,19.29,51.84
119.4925,16.909,59.139
119.5094,16.825,59.435
119.5262,16.744,59.723
119.5429,17.673,56.585
119.5606,17.919,55.807
119.5785,18.407,54.329
119.5969,18.68,53.533
119.6156,19.468,51.366
119.6351,17.778,56.25
119.6529,55.127,18.14
119.708,16.536,60.476
119.7245,18.241,54.821
119.7428,18.163,55.058
119.7609,17.763,56.297
119.7787,19.155,52.207
119.7978,18.519,54.0
119.8164,16.758,59.674
119.8331,18.383,54.397
119.8515,18.685,53.518
119.8702,18.162,55.059
119.8884,17.957,55.689
119.9063,17.647,56.666
119.924,18.571,53.849
119.9425,17.497,57.153
119.96,17.521,57.075
119.9775,17.5,57.142
119.995,19.533,51.196
120.0146,17.294,57.823
120.0319,17.818,56.124
120.0497,19.603,51.013
120.0693,18.043,55.423
120.0873,17.535,57.028
120.1049,18.197,54.954
120.1231,17.778,56.248
120.1408,17.201,58.138
120.158,18.233,54.847
120.1763,18.856,53.033
120.1951,18.501,54.051
120.2136,16.921,59.096
120.2306,19.135,52.259
120.2497,16.825,59.434
120.2665,18.077,55.319
120.2846,18.116,55.2
120.3027,18.508,54.031
120.3212,16.519,60.538
120.3377,17.463,57.263
120.3552,17.548,56.987
120.3728,18.605,53.748
120.3914,18.495,54.068
120.4099,18.325,54.569
120.4282,18.161,55.063
120.4463,18.129,55.161
120.4645,16.901,59.169
120.4814,19.007,52.611
120.5004,18.813,53.154
120.5192,17.879,55.933
120.5371,19.229,52.005
120.5563,17.757,56.315
120.5741,17.284,57.857
120.5913,19.161,52.19
120.6105,17.935,55.757
120.6284,18.5,54.053
120.6469,16.554,60.408
120.6635,20.109,49.73
120.6836,18.254,54.783
120.7019,16.116,62.051
120.718,19.632,50.936
120.7376,17.676,56.575
120.7553,17.15,58.31
120.7724,18.91,52.882
120.7913,17.615,56.769
120.8089,18.919,52.857
120.8279,20.379,49.07
120.8482,19.22,52.03
120.8675,18.517,54.005
120.886,17.314,57.756
120.9033,19.455,51.402
120.9228,16.658,60.029
120.9394,17.322,57.731
120.9567,17.283,57.859
120.974,19.772,50.578
120.9938,19.6,51.02
121.0134,17.053,58.64
121.0304,18.492,54.079
121.0489,19.354,51.67
121.0683,17.517,57.087
121.0858,18.279,54.706
121.1041,16.983,58.883
121.1211,16.835,59.399
121.1379,17.661,56.623
121.1556,16.636,60.112
121.1722,17.905,55.85
121.1901,16.318,61.282
121.2064,16.98,58.892
121.2234,17.769,56.279
121.2412,28.014,35.696
121.2692,15.967,62.629
121.2852,18.62,53.705
121.3038,18.497,54.064
121.3223,17.418,57.413
121.3397,19.971,50.073
121.3597,17.285,57.853
121.3769,18.662,53.584
121.3956,18.002,55.55
121.4136,17.721,56.431
121.4313,18.243,54.816
121.4496,17.166,58.255
121.4667,18.729,53.394
121.4855,19.597,51.028
121.5051,18.585,53.808
121.5236,18.397,54.358
121.542,19.964,50.089
121.562,16.066,62.244
121.5781,17.312,57.764
121.5954,18.131,55.155
121.6135,17.848,56.03
121.6314,17.034,58.705
121.6484,17.781,56.241
121.6662,18.081,55.308
121.6843,18.481,54.109
121.7027,18.799,53.194
121.7215,19.022,52.571
121.7406,18.157,55.075
121.7587,17.742,56.363
121.7765,18.487,54.091
121.7949,16.403,60.965
121.8113,18.809,53.167
121.8302,16.662,60.019
121.8468,19.598,51.024
121.8664,18.902,52.904
121.8853,18.96,52.742
121.9043,17.942,55.734
121.9222,16.703,59.869
121.9389,18.423,54.28
121.9573,17.7,56.496
121.975,19.635,50.93
121.9947,17.6,56.818
122.0123,19.696,50.772
122.032,18.973,52.706
122.051,19.006,52.616
122.07,18.381,54.404
122.0883,17.933,55.764
122.1063,18.128,55.163
122.1244,17.778,56.25
122.1422,17.461,57.271
122.1596,17.462,57.268
122.1771,18.469,54.145
122.1956,17.792,56.204
122.2134,17.634,56.708
122.231,17.993,55.577
122.249,19.671,50.836
122.2687,17.113,58.435
122.2858,18.732,53.385
122.3045,17.974,55.634
122.3225,17.759,56.308
122.3402,18.846,53.062
122.3591,18.697,53.485
122.3778,17.394,57.492
122.3952,18.566,53.863
122.4137,19.061,52.464
122.4328,17.647,56.665
122.4504,17.165,58.26
122.4676,18.028,55.47
122.4856,18.714,53.436
122.5044,17.788,56.217
122.5221,18.72,53.418
122.5409,18.269,54.736
122.5591,18.445,54.216
122.5776,18.607,53.744
122.5962,16.714,59.829
122.6129,19.384,51.589
122.6323,16.097,62.124
122.6484,18.089,55.283
122.6665,19.036,52.532
122.6855,19.337,51.716
122.7048,16.741,59.735
122.7216,17.645,56.674
122.7392,17.666,56.607
122.7569,18.903,52.902
122.7758,19.591,51.045
122.7954,18.925,52.841
122.8143,18.884,52.953
122.8332,18.781,53.246
122.852,18.928,52.831
122.8709,17.493,57.165
122.8884,18.265,54.75
122.9067,18.109,55.222
122.9248,19.357,51.661
122.9441,18.166,55.047
122.9623,19.569,51.1
122.9819,16.937,59.041
122.9988,18.795,53.205
123.0176,17.288,57.843
123.0349,18.949,52.774
123.0538,18.303,54.635
123.0721,17.158,58.281
123.0893,19.11,52.33
123.1084,17.269,57.907
123.1257,18.07,55.341
123.1437,21.082,47.435
123.1648,16.676,59.966
123.1815,19.294,51.83
123.2008,18.114,55.207
123.2189,18.694,53.492
123.2376,18.23,54.855
123.2558,18.655,53.605
123.2745,20.412,48.992
123.2949,18.784,53.237
123.3137,17.358,57.61
123.331,18.269,54.736
123.3493,16.852,59.341
123.3662,18.649,53.622
123.3848,18.439,54.231
123.4033,17.966,55.661
123.4212,18.826,53.117
123.44,19.044,52.51
123.4591,49.043,20.39
123.5081,17.273,57.895
123.5254,19.287,51.849
123.5447,18.078,55.315
123.5628,18.463,54.162
123.5812,17.923,55.793
123.5992,17.132,58.369
123.6163,18.764,53.295
123.635,18.501,54.051
123.6536,19.23,52.002
123.6728,18.05,55.401
123.6908,17.308,57.777
123.7081,17.782,56.237
123.7259,18.148,55.103
123.7441,19.003,52.624
123.7631,17.67,56.594
123.7807,18.672,53.555
123.7994,19.772,50.578
123.8192,18.03,55.464
123.8372,17.148,58.317
123.8544,19.102,52.35
123.8735,19.566,51.108
123.893,17.032,58.715
123.9101,17.937,55.75
123.928,17.611,56.784
123.9456,18.191,54.972
123.9638,20.032,49.919
123.9838,18.118,55.193
124.002,18.933,52.817
124.0209,18.767,53.284
124.0397,17.785,56.227
124.0574,18.321,54.583
124.0758,19.775,50.57
124.0955,17.434,57.359
124.113,18.366,54.45
124.1313,18.396,54.358
124.1497,18.256,54.777
124.168,17.126,58.391
124.1851,16.966,58.94
124.2021,17.562,56.942
124.2196,20.557,48.646
124.2402,17.088,58.52
124.2573,19.359,51.657
124.2766,17.537,57.023
124.2942,17.441,57.336
124.3116,17.811,56.146
124.3294,17.889,55.9
124.3473,18.932,52.821
124.3663,17.081,58.544
124.3833,18.297,54.654
124.4016,18.362,54.461
124.42,17.611,56.784
124.4376,18.448,54.205
124.4561,17.776,56.255
124.4738,18.033,55.455
124.4919,17.256,57.95
124.5091,18.829,53.11
124.5279,18.19,54.975
124.5461,17.865,55.976
124.564,18.505,54.039
124.5825,19.601,51.018
124.6021,17.857,56.001
124.62,18.272,54.728
124.6382,16.957,58.971
124.6552,18.776,53.26
124.674,17.725,56.416
124.6917,16.979,58.897
124.7087,19.243,51.968
124.7279,19.263,51.914
124.7472,17.747,56.348
124.7649,19.981,50.047
124.7849,16.864,59.298
124.8018,16.863,59.301
124.8186,18.569,53.852
124.8372,18.344,54.513
124.8555,18.539,53.941
124.8741,16.785,59.578
124.8909,19.308,51.791
124.9102,16.605,60.221
124.9268,17.453,57.298
124.9442,17.933,55.762
124.9622,16.854,59.334
124.979,19.731,50.683
124.9988,18.068,55.348
125.0168,17.65,56.656
125.0345,18.491,54.081
125.053,18.102,55.241
125.0711,41.394,24.158
125.1125,18.71,53.446
125.1312,17.586,56.864
125.1488,17.837,56.065
125.1666,18.465,54.155
125.1851,17.824,56.104
125.2029,18.931,52.824
125.2218,18.594,53.781
125.2404,20.394,49.034
125.2608,18.713,53.439
125.2795,18.777,53.257
125.2983,18.616,53.718
125.3169,17.389,57.508
125.3343,18.459,54.175
125.3528,17.621,56.751
125.3704,17.09,58.513
125.3875,16.945,59.013
125.4044,19.607,51.002
125.424,52.464,19.061
125.4765,18.698,53.481
125.4952,15.379,65.023
125.5106,17.824,56.104
125.5284,18.378,54.412
125.5468,20.049,49.879
125.5668,19.326,51.744
125.5861,18.793,53.21
125.6049,18.296,54.655
125.6232,20.023,49.944
125.6432,17.697,56.506
125.6609,17.843,56.043
125.6788,16.622,60.162
125.6954,17.487,57.186
125.7129,18.141,55.124
125.731,17.711,56.462
125.7487,18.252,54.789
125.767,19.6,51.021
125.7866,17.091,58.511
125.8037,19.132,52.269
125.8228,16.53,60.497
125.8394,17.415,57.42
125.8568,18.655,53.604
125.8754,52.351,19.102
125.9278,17.792,56.204
125.9456,18.203,54.936
125.9638,20.02,49.949
125.9838,17.978,55.625
126.0018,18.434,54.248
126.0202,18.086,55.292
126.0383,19.43,51.467
126.0577,16.894,59.193
126.0746,18.626,53.689
126.0932,18.363,54.458
126.1116,17.119,58.415
126.1287,17.073,58.572
126.1458,18.022,55.486
126.1638,18.721,53.416
126.1825,17.931,55.769
126.2005,16.93,59.066
126.2174,18.086,55.29
126.2355,18.187,54.985
126.2537,18.785,53.234
126.2725,18.566,53.862
126.291,18.792,53.213
126.3098,17.845,56.038
126.3277,16.994,58.843
126.3447,19.541,51.175
126.3642,17.514,57.097
126.3817,16.989,58.863
126.3987,17.375,57.554
126.4161,18.108,55.225
126.4342,19.102,52.351
126.4533,17.944,55.729
126.4712,19.125,52.288
126.4904,16.789,59.563
126.5071,17.292,57.829
126.5244,17.91,55.835
126.5423,18.713,53.439
126.5611,18.14,55.128
126.5792,17.81,56.148
126.597,17.852,56.017
126.6149,17.92,55.805
126.6328,18.137,55.135
126.6509,17.858,55.998
126.6688,17.362,57.597
126.6861,17.797,56.191
126.7039,17.309,57.773
126.7212,16.948,59.005
126.7382,18.797,53.199
126.757,18.842,53.072
126.7758,16.915,59.12
126.7927,18.86,53.023
126.8116,17.692,56.524
126.8293,17.62,56.754
126.8469,18.191,54.972
126.8651,18.019,55.497
126.8831,18.084,55.296
126.9012,18.44,54.231
126.9196,18.659,53.594
126.9383,17.72,56.435
126.956,16.168,61.85
126.9722,18.156,55.078
126.9903,16.954,58.984
127.0073,18.247,54.804
127.0255,17.37,57.572
127.0429,19.816,50.463
127.0627,18.518,54.001
127.0813,16.928,59.073
127.0982,17.561,56.943
127.1157,18.308,54.622
127.1341,18.159,55.07
127.1522,18.332,54.548
127.1705,17.008,58.794
127.1875,17.508,57.115
127.2051,15.838,63.138
127.2209,18.14,55.126
127.239,17.894,55.886
127.2569,17.958,55.686
127.2749,16.478,60.685
127.2914,18.192,54.97
127.3096,17.385,57.521
127.3269,18.466,54.155
127.3454,18.762,53.299
127.3642,18.23,54.856
127.3824,16.799,59.526
127.3992,19.884,50.293
127.4191,18.536,53.95
127.4376,17.506,57.124
127.4551,17.63,56.723
127.4728,17.159,58.277
127.4899,17.347,57.647
127.5073,18.33,54.555
127.5256,18.164,55.055
127.5438,17.801,56.177
127.5616,18.148,55.101
127.5797,17.403,57.461
127.5971,19.8,50.505
127.6169,17.176,58.222
127.6341,16.953,58.986
127.651,17.665,56.609
127.6687,17.642,56.682
127.6863,17.426,57.385
127.7038,17.293,57.826
127.7211,17.401,57.467
127.7385,18.777,53.256
127.7572,17.132,58.369
127.7744,17.911,55.831
127.7923,17.599,56.821
127.8099,17.195,58.158
127.8271,17.456,57.288
127.8445,18.424,54.278
127.863,17.093,58.505
127.88,17.967,55.657
127.898,18.371,54.433
127.9164,17.964,55.668
127.9344,16.047,62.316
127.9504,17.678,56.568
127.9681,18.007,55.535
127.9861,17.08,58.548
128.0032,17.791,56.207
128.021,17.717,56.441
128.0387,18.348,54.502
128.057,16.933,59.055
128.074,17.775,56.258
128.0917,16.446,60.804
128.1082,16.995,58.842
128.1252,17.485,57.192
128.1427,18.008,55.531
128.1607,15.3,65.358
128.176,17.132,58.369
128.1931,19.105,52.343
128.2122,18.345,54.51
128.2305,19.315,51.772
128.2499,15.993,62.527
128.2659,17.739,56.372
128.2836,18.163,55.056
128.3018,16.815,59.471
128.3186,17.468,57.246
128.336,14.974,66.781
128.351,16.741,59.733
128.3678,17.979,55.622
128.3857,15.737,63.544
128.4015,17.581,56.881
128.4191,17.357,57.613
128.4364,17.736,56.381
128.4541,18.802,53.187
128.4729,17.795,56.194
128.4907,16.843,59.371
128.5076,17.259,57.941
128.5248,18.578,53.829
128.5434,17.878,55.936
128.5613,18.99,52.659
128.5803,17.98,55.617
128.5983,16.577,60.325
128.6148,16.393,61.003
128.6312,17.147,58.32
128.6484,17.658,56.631
128.666,17.357,57.614
128.6834,17.118,58.417
128.7005,18.495,54.069
128.719,17.991,55.585
128.737,17.834,56.072
128.7548,17.262,57.93
128.7721,16.373,61.075
128.7885,17.237,58.013
128.8057,17.263,57.927
128.823,15.933,62.764
128.8389,17.677,56.572
128.8566,16.334,61.22
128.8729,18.488,54.09
128.8914,16.455,60.77
128.9079,16.855,59.33
128.9247,18.321,54.584
128.943,17.567,56.926
128.9606,18.211,54.911
128.9788,16.774,59.615
128.9956,17.52,57.079
129.0131,15.958,62.666
129.0291,17.461,57.271
129.0465,16.432,60.857
129.063,17.977,55.627
129.0809,16.629,60.136
129.0976,18.559,53.881
129.1161,17.486,57.188
129.1336,17.207,58.115
129.1508,17.848,56.03
129.1687,18.36,54.466
129.187,16.025,62.401
129.2031,16.968,58.934
129.22,18.576,53.832
129.2386,17.536,57.025
129.2561,17.603,56.81
129.2737,16.457,60.764
129.2902,17.794,56.2
129.308,17.948,55.715
129.3259,18.239,54.828
129.3442,17.978,55.624
129.3621,16.583,60.301
129.3787,16.712,59.837
129.3954,18.585,53.807
129.414,16.85,59.346
129.4309,17.147,58.32
129.448,16.589,60.28
129.4646,17.312,57.764
129.4819,17.417,57.414
129.4993,16.338,61.206
129.5157,16.591,60.274
129.5323,17.986,55.598
129.5503,18.123,55.18
129.5684,18.13,55.157
129.5865,17.728,56.408
129.6042,17.211,58.101
129.6215,16.082,62.179
129.6375,16.574,60.335
129.6541,18.012,55.518
129.6721,17.783,56.232
129.6899,18.922,52.848
129.7088,18.03,55.464
129.7269,16.748,59.707
129.7436,17.393,57.495
129.761,17.397,57.48
129.7784,18.899,52.914
129.7973,16.267,61.475
129.8136,17.129,58.38
129.8307,18.26,54.765
129.8489,17.977,55.626
129.8669,18.732,53.385
129.8857,18.272,54.729
129.9039,48.777,20.501
129.9527,16.573,60.34
129.9693,17.563,56.937
129.9868,18.024,55.48
130.0049,18.973,52.707
130.0238,15.593,64.133
130.0394,16.941,59.028
130.0564,16.43,60.865
130.0728,16.616,60.183
130.0894,17.616,56.766
130.107,18.131,55.155
130.1252,18.072,55.334
130.1432,16.765,59.649
130.16,18.712,53.443
130.1787,16.221,61.648
130.1949,18.311,54.612
130.2132,17.761,56.303
130.231,17.38,57.539
130.2484,17.184,58.193
130.2656,18.259,54.766
130.2838,17.718,56.441
130.3015,18.537,53.946
130.3201,19.724,50.7
130.3398,15.769,63.417
130.3556,19.597,51.028
130.3752,17.271,57.901
130.3924,16.707,59.855
130.4092,17.57,56.917
130.4267,56.847,17.591
130.4836,16.701,59.876
130.5003,17.241,58.002
130.5175,17.683,56.552
130.5352,18.054,55.388
130.5532,16.983,58.881
130.5702,16.894,59.194
130.5871,16.314,61.296
130.6034,17.28,57.871
130.6207,16.226,61.628
130.6369,18.201,54.941
130.6551,16.751,59.696
130.6719,18.25,54.795
130.6901,16.973,58.916
130.7071,18.389,54.379
130.7255,16.975,58.911
130.7425,18.132,55.15
130.7606,17.557,56.957
130.7782,16.314,61.296
130.7945,17.521,57.074
130.812,17.868,55.967
130.8299,16.39,61.011
130.8463,16.318,61.282
130.8626,18.054,55.389
130.8806,17.057,58.626
130.8977,16.596,60.256
130.9143,17.888,55.902
130.9322,17.555,56.964
130.9497,18.413,54.31
130.9682,17.572,56.908
130.9857,15.406,64.91
131.0011,17.864,55.98
131.019,16.379,61.056
131.0354,17.543,57.004
131.0529,21.65,46.189
131.0746,17.141,58.341
131.0917,17.504,57.128
131.1092,17.743,56.361
131.127,18.805,53.176
131.1458,16.81,59.488
131.1626,15.363,65.093
131.1779,16.987,58.867
131.1949,17.307,57.779
131.2122,15.627,63.99
131.2279,17.865,55.975
131.2457,17.155,58.29
131.2629,16.224,61.636
131.2791,16.602,60.233
131.2957,17.309,57.774
131.313,17.653,56.648
131.3307,17.984,55.606
131.3486,16.536,60.473
131.3652,16.304,61.335
131.3815,16.43,60.864
131.3979,17.533,57.036
131.4154,18.105,55.234
131.4336,18.019,55.498
131.4516,17.118,58.419
131.4687,18.155,55.083
131.4868,18.28,54.706
131.5051,16.537,60.471
131.5217,15.956,62.67
131.5376,17.902,55.86
131.5555,15.43,64.809
131.5709,17.159,58.278
131.5881,17.155,58.293
131.6053,16.367,61.1
131.6216,16.92,59.1
131.6385,18.974,52.704
131.6575,16.941,59.028
131.6745,19.171,52.163
131.6936,16.506,60.585
131.7101,16.748,59.709
131.7269,17.116,58.425
131.744,18.147,55.107
131.7622,17.347,57.648
131.7795,17.55,56.98
131.797,18.124,55.177
131.8152,17.084,58.533
131.8323,17.898,55.873
131.8502,17.333,57.692
131.8675,17.515,57.093
131.885,19.141,52.243
131.9041,16.656,60.039
131.9208,16.56,60.387
131.9374,17.156,58.29
131.9545,17.043,58.676
131.9716,17.845,56.04
131.9894,17.247,57.98
132.0066,17.848,56.03
132.0245,17.666,56.607
132.0422,17.809,56.153
132.06,17.702,56.492
132.0777,18.92,52.853
132.0966,18.383,54.398
132.115,16.649,60.065
132.1316,17.658,56.63
132.1493,18.155,55.082
132.1674,18.335,54.541
132.1858,16.233,61.605
132.202,16.357,61.135
132.2184,17.944,55.73
132.2363,17.265,57.922
132.2536,18.066,55.354
132.2716,17.079,58.551
132.2887,19.609,50.996
132.3083,17.489,57.179
132.3258,17.225,58.055
132.343,18.954,52.758
132.362,19.158,52.198
132.3812,17.765,56.29
132.3989,18.026,55.476
132.4169,18.711,53.445
132.4357,16.084,62.175
132.4517,16.854,59.333
132.4686,16.035,62.362
132.4846,17.48,57.207
132.5021,16.828,59.426
132.5189,17.12,58.412
132.5361,16.931,59.062
132.553,18.098,55.256
132.5711,17.883,55.918
132.589,17.45,57.308
132.6064,16.48,60.679
132.6229,17.588,56.856
132.6405,18.54,53.938
132.659,16.492,60.635
132.6755,15.895,62.914
132.6914,17.409,57.44
132.7088,17.679,56.564
132.7265,18.643,53.638
132.7451,18.641,53.647
132.7638,17.028,58.726
132.7808,17.552,56.975
132.7984,19.541,51.174
132.8179,18.18,55.007
132.8361,16.686,59.93
132.8528,17.674,56.58
132.8704,17.619,56.756
132.8881,18.326,54.567
132.9064,18.177,55.015
132.9246,16.288,61.394
132.9409,19.56,51.124
132.9604,18.412,54.311
132.9788,18.697,53.485
132.9975,16.011,62.455
133.0135,18.454,54.19
133.032,16.133,61.986
133.0481,18.41,54.318
133.0665,18.081,55.306
133.0846,18.138,55.134
133.1028,17.105,58.463
133.1199,16.232,61.608
133.1361,16.807,59.499
133.1529,18.466,54.154
133.1714,16.713,59.833
133.1881,18.74,53.362
133.2068,17.335,57.686
133.2241,16.389,61.018
133.2405,16.594,60.263
133.2571,18.454,54.189
133.2756,18.198,54.951
133.2938,17.808,56.153
133.3116,17.312,57.762
133.3289,17.41,57.438
133.3463,17.354,57.623
133.3637,17.815,56.133
133.3815,16.847,59.358
133.3983,19.903,50.243
133.4182,17.483,57.199
133.4357,18.804,53.181
133.4545,18.418,54.296
133.4729,18.616,53.716
133.4916,19.002,52.627
133.5106,17.513,57.099
133.5281,18.655,53.605
133.5467,18.686,53.517
133.5654,16.726,59.786
133.5821,18.124,55.175
133.6003,16.47,60.717
133.6167,19.511,51.253
133.6362,18.589,53.794
133.6548,19.225,52.015
133.6741,16.894,59.191
133.6909,17.669,56.597
133.7086,17.247,57.983
133.7259,19.987,50.032
133.7459,17.999,55.558
133.7639,19.696,50.771
133.7835,18.615,53.721
133.8022,40.182,24.887
133.8423,18.229,54.856
133.8606,17.959,55.681
133.8785,17.923,55.796
133.8965,16.965,58.945
133.9134,17.355,57.62
133.9308,17.051,58.649
133.9478,17.671,56.589
133.9655,17.965,55.665
133.9835,17.138,58.351
134.0006,17.762,56.301
134.0184,20.04,49.9
134.0384,17.537,57.022
134.0559,18.95,52.771
134.0749,18.072,55.333
134.093,18.737,53.371
134.1117,16.879,59.247
134.1286,17.519,57.081
134.1461,18.225,54.868
134.1643,16.991,58.855
134.1813,17.642,56.683
134.199,17.653,56.647
134.2166,17.992,55.58
134.2346,16.435,60.845
134.251,17.268,57.909
134.2683,17.347,57.647
134.2856,17.711,56.463
134.3034,18.679,53.535
134.322,17.511,57.107
134.3395,17.766,56.287
134.3573,18.314,54.602
134.3756,16.594,60.264
134.3922,16.548,60.43
134.4088,17.716,56.446
134.4265,16.934,59.052
134.4434,18.263,54.757
134.4617,17.872,55.953
134.4796,19.053,52.486
134.4986,17.626,56.733
134.5162,17.951,55.707
134.5342,18.467,54.149
134.5527,17.86,55.991
134.5705,17.394,57.49
134.5879,18.449,54.205
134.6064,17.434,57.359
134.6238,19.506,51.266
134.6433,16.938,59.038
134.6602,17.737,56.379
134.678,18.345,54.509
134.6963,18.192,54.969
134.7145,17.664,56.612
134.7322,17.524,57.064
134.7497,19.195,52.096
134.7689,17.606,56.8
134.7865,16.972,58.92
134.8035,17.529,57.049
134.821,18.36,54.465
134.8394,17.331,57.7
134.8567,17.204,58.126
134.8739,17.67,56.594
134.8916,17.739,56.372
134.9093,18.651,53.615
134.928,19.472,51.355
134.9474,18.156,55.078
134.9656,18.949,52.772
134.9845,18.632,53.67
135.0032,18.17,55.036
135.0213,17.893,55.887
135.0392,18.602,53.757
135.0578,18.753,53.325
135.0766,17.822,56.111
135.0944,18.744,53.352
135.1131,28.674,34.875
135.1418,17.833,56.077
135.1597,18.646,53.631
135.1783,18.971,52.712
135.1973,17.769,56.279
135.215,18.292,54.668
135.2333,19.457,51.395
135.2528,19.026,52.559
135.2718,17.533,57.035
135.2893,17.047,58.663
135.3064,18.304,54.633
135.3247,17.476,57.222
135.3422,19.342,51.701
135.3615,18.856,53.032
135.3804,18.535,53.951
135.3989,18.441,54.226
135.4174,18.45,54.201
135.4358,17.727,56.411
135.4535,18.28,54.703
135.4718,17.533,57.035
135.4893,19.477,51.344
135.5088,17.924,55.791
135.5267,18.029,55.466
135.5448,20.47,48.852
135.5652,18.668,53.569
135.5839,40.795,24.513
135.6247,19.847,50.386
135.6446,18.337,54.533
135.6629,19.328,51.737
135.6822,19.131,52.271
135.7013,17.972,55.643
135.7193,19.06,52.466
135.7384,18.614,53.724
135.757,17.796,56.194
135.7748,25.998,38.464
135.8008,18.928,52.831
135.8197,17.48,57.208
135.8372,19.521,51.228
135.8567,20.039,49.902
135.8768,18.806,53.175
135.8956,18.055,55.387
135.9136,20.195,49.518
135.9338,19.572,51.094
135.9534,19.587,51.055
135.973,18.181,55.004
135.9911,17.314,57.756
136.0085,16.848,59.355
136.0253,18.367,54.446
136.0437,20.945,47.745
136.0646,18.776,53.261
136.0834,20.193,49.522
136.1036,20.276,49.32
136.1239,18.958,52.747
136.1428,18.649,53.623
136.1615,19.692,50.782
136.1812,18.217,54.893
136.1994,17.964,55.665
136.2173,18.795,53.207
136.2361,19.261,51.918
136.2554,19.472,51.357
136.2749,20.045,49.888
136.2949,19.481,51.333
136.3144,18.725,53.406
136.3331,18.39,54.378
136.3515,18.831,53.103
136.3703,20.08,49.802
136.3904,19.183,52.13
136.4096,18.493,54.075
136.4281,20.301,49.258
136.4484,19.746,50.642
136.4681,19.066,52.451
136.4872,19.308,51.791
136.5065,19.249,51.951
136.5258,19.523,51.221
136.5453,19.106,52.339
136.5644,18.812,53.156
136.5832,20.124,49.692
136.6033,19.709,50.738
136.623,19.104,52.346
136.6422,19.322,51.753
136.6615,19.788,50.536
136.6813,19.547,51.158
136.7008,19.765,50.594
136.7206,18.682,53.529
136.7393,19.917,50.21
136.7592,17.115,58.427
136.7763,18.029,55.468
136.7943,19.023,52.569
136.8133,19.833,50.421
136.8332,19.432,51.462
136.8526,19.551,51.149
136.8722,19.19,52.109
136.8913,20.263,49.351
136.9116,19.399,51.55
136.931,17.801,56.176
136.9488,20.766,48.155
136.9696,19.446,51.425
136.989,22.341,44.761
137.0114,18.662,53.586
137.03,19.536,51.187
137.0496,19.775,50.568
137.0693,19.163,52.183
137.0885,18.888,52.943
137.1074,17.943,55.732
137.1253,20.113,49.719
137.1454,19.637,50.924
137.1651,18.722,53.414
137.1838,19.332,51.728
137.2031,18.973,52.708
137.2221,19.206,52.068
137.2413,19.347,51.689
137.2607,20.482,48.823
137.2811,19.645,50.903
137.3008,19.5,51.283
137.3203,18.495,54.068
137.3388,18.833,53.098
137.3576,18.788,53.226
137.3764,18.398,54.353
137.3948,19.896,50.262
137.4147,17.308,57.777
137.432,20.106,49.737
137.4521,20.325,49.202
137.4724,20.431,48.946
137.4929,18.812,53.156
137.5117,20.672,48.373
137.5323,19.43,51.466
137.5518,18.522,53.989
137.5703,18.206,54.926
137.5885,18.389,54.381
137.6069,20.773,48.14
137.6277,20.374,49.082
137.648,19.509,51.26
137.6676,21.451,46.617
137.689,19.663,50.856
137.7087,19.652,50.885
137.7283,20.617,48.504
137.7489,19.273,51.886
137.7682,19.75,50.633
137.788,19.967,50.084
137.8079,19.27,51.894
137.8272,20.17,49.58
137.8474,19.627,50.95
137.867,20.874,47.906
137.8879,20.233,49.424
137.9081,21.315,46.916
137.9294,20.935,47.768
137.9503,19.901,50.249
137.9702,19.678,50.818
137.9899,18.827,53.114
138.0088,19.877,50.309
138.0286,57.355,17.435
138.086,20.083,49.793
138.1061,19.754,50.624
138.1258,20.06,49.852
138.1459,20.511,48.755
138.1664,18.727,53.4
138.1851,19.801,50.502
138.2049,18.297,54.654
138.2232,17.439,57.342
138.2407,20.011,49.973
138.2607,19.768,50.588
138.2804,22.412,44.62
138.3028,19.544,51.166
138.3224,18.035,55.448
138.3404,20.297,49.268
138.3607,20.204,49.495
138.3809,19.745,50.647
138.4007,18.534,53.955
138.4192,19.195,52.097
138.4384,39.329,25.426
138.4777,20.438,48.929
138.4982,18.556,53.892
138.5167,18.977,52.695
138.5357,20.692,48.328
138.5564,18.727,53.399
138.5751,19.286,51.852
138.5944,20.766,48.157
138.6152,19.938,50.154
138.6351,19.798,50.51
138.6549,20.375,49.079
138.6753,18.643,53.639
138.6939,20.872,47.91
138.7148,19.661,50.863
138.7345,19.854,50.369
138.7543,20.911,47.822
138.7752,20.708,48.291
138.7959,18.859,53.024
138.8148,17.892,55.891
138.8327,19.953,50.119
138.8526,21.44,46.641
138.8741,20.622,48.492
138.8947,22.677,44.097
138.9174,19.706,50.746
138.9371,18.139,55.13
138.9552,18.059,55.375
138.9733,18.928,52.831
138.9922,21.543,46.418
139.0138,20.323,49.206
139.0341,18.804,53.181
139.0529,20.805,48.066
139.0737,18.931,52.823
139.0926,21.431,46.662
139.114,20.636,48.458
139.1347,18.537,53.947
139.1532,22.396,44.652
139.1756,19.42,51.493
139.195,19.471,51.358
139.2145,19.604,51.01
139.2341,20.544,48.675
139.2547,21.297,46.955
139.2759,19.773,50.573
139.2957,21.035,47.54
139.3168,19.667,50.847
139.3364,21.964,45.529
139.3584,20.181,49.551
139.3786,20.338,49.17
139.3989,21.572,46.357
139.4205,20.081,49.798
139.4406,21.941,45.577
139.4625,20.538,48.691
139.483,20.744,48.206
139.5038,20.399,49.022
139.5242,19.436,51.452
139.5436,18.528,53.972
139.5621,18.449,54.204
139.5806,19.672,50.833
139.6003,19.799,50.507
139.6201,19.876,50.311
139.6399,21.228,47.108
139.6612,20.131,49.673
139.6813,20.685,48.344
139.702,20.156,49.613
139.7221,20.245,49.395
139.7424,19.845,50.39
139.7622,19.679,50.815
139.7819,18.181,55.003
139.8001,19.803,50.498
139.8199,20.992,47.638
139.8409,20.801,48.075
139.8617,18.419,54.293
139.8801,20.83,48.007
139.9009,20.825,48.019
139.9218,20.738,48.22
139.9425,20.144,49.643
139.9626,21.06,47.484
139.9837,20.152,49.624
140.0039,19.865,50.34
140.0237,20.299,49.263
140.044,19.213,52.048
140.0632,20.668,48.383
140.0839,19.325,51.748
140.1032,20.551,48.659
140.1238,20.437,48.931
140.1442,20.264,49.35
140.1645,20.988,47.646
140.1855,19.302,51.809
140.2048,20.393,49.037
140.2252,18.088,55.286
140.2432,19.726,50.695
140.263,19.424,51.483
140.2824,19.586,51.056
140.302,19.806,50.488
140.3218,19.932,50.17
140.3417,18.946,52.78
140.3607,21.526,46.456
140.3822,20.931,47.775
140.4031,19.789,50.534
140.4229,20.767,48.154
140.4437,20.789,48.103
140.4645,19.922,50.196
140.4844,19.494,51.298
140.5039,19.581,51.07
140.5235,20.375,49.08
140.5438,21.086,47.426
140.5649,20.358,49.121
140.5853,20.847,47.968
140.6061,19.487,51.316
140.6256,19.934,50.166
140.6456,18.832,53.1
140.6644,20.799,48.08
140.6852,20.56,48.638
140.7057,28.971,34.518
140.7347,20.724,48.254
140.7554,22.088,45.273
140.7775,20.144,49.643
140.7977,19.37,51.626
140.817,21.157,47.266
140.8382,21.042,47.525
140.8592,19.087,52.393
140.8783,20.24,49.407
140.8986,20.405,49.008
140.919,20.815,48.043
140.9398,20.926,47.787
140.9607,18.841,53.075
140.9796,20.414,48.985
141.0,20.68,48.356
141.0206,20.565,48.626
141.0412,20.409,48.998
141.0616,20.879,47.894
141.0825,21.633,46.226
141.1041,19.37,51.626
141.1235,19.622,50.964
141.1431,19.792,50.526
141.1629,20.456,48.886
141.1834,19.093,52.374
141.2025,21.534,46.438
141.224,19.998,50.005
141.244,19.217,52.038
141.2632,19.047,52.502
141.2823,20.593,48.561
141.3029,20.054,49.866
141.3229,19.803,50.497
141.3427,20.609,48.522
141.3633,20.863,47.931
141.3842,19.922,50.196
141.4041,20.682,48.35
141.4248,19.801,50.502
141.4446,18.867,53.003
141.4635,20.376,49.077
141.4838,19.054,52.483
141.5029,19.331,51.73
141.5222,20.614,48.512
141.5428,18.965,52.728
141.5618,21.515,46.479
141.5833,20.866,47.926
141.6042,19.428,51.473
141.6236,19.051,52.492
141.6427,19.615,50.981
141.6623,21.102,47.389
141.6834,19.935,50.164
141.7033,19.113,52.321
141.7224,19.041,52.518
141.7415,18.966,52.725
141.7604,18.728,53.397
141.7792,19.919,50.202
141.7991,19.246,51.958
141.8183,21.048,47.51
141.8394,19.583,51.065
141.859,20.255,49.37
141.8792,21.022,47.569
141.9002,19.652,50.884
141.9199,19.716,50.721
141.9396,21.552,46.398
141.9612,19.893,50.27
141.981,20.398,49.025
142.0014,21.018,47.578
142.0225,19.983,50.042
142.0424,19.333,51.724
142.0618,20.691,48.331
142.0825,20.483,48.821
142.103,19.265,51.907
142.1222,20.046,49.885
142.1423,18.499,54.056
142.1608,19.754,50.623
142.1805,20.019,49.954
142.2005,20.794,48.092
142.2213,21.723,46.035
142.243,20.204,49.494
142.2633,19.902,50.246
142.2832,19.461,51.385
142.3026,20.48,48.827
142.3231,18.7,53.476
142.3418,20.724,48.254
142.3625,20.203,49.497
142.3827,20.57,48.615
142.4033,20.53,48.71
142.4238,18.46,54.171
142.4423,20.271,49.331
142.4626,18.135,55.143
142.4807,19.266,51.905
142.5,19.346,51.689
142.5193,20.052,49.87
142.5394,20.327,49.195
142.5597,19.999,50.003
142.5797,20.998,47.624
142.6007,20.617,48.504
142.6213,20.631,48.472
142.6419,20.949,47.736
142.6629,19.055,52.48
142.6819,18.866,53.004
142.7008,20.404,49.011
142.7212,19.478,51.339
142.7407,20.092,49.772
142.7608,18.835,53.093
142.7796,19.731,50.681
142.7993,42.344,23.616
142.8417,20.79,48.099
142.8625,21.314,46.917
142.8838,20.074,49.815
142.9039,19.344,51.695
142.9232,21.051,47.503
142.9443,18.772,53.271
142.963,19.52,51.23
142.9825,19.571,51.097
143.0021,21.379,46.775
143.0235,20.628,48.479
143.0441,21.534,46.439
143.0657,18.588,53.797
143.0842,19.153,52.211
143.1034,19.609,50.997
143.123,20.66,48.404
143.1437,21.975,45.506
143.1656,20.378,49.073
143.186,21.033,47.543
143.2071,20.2,49.505
143.2273,20.457,48.884
143.2477,21.532,46.442
143.2692,20.024,49.941
143.2893,19.375,51.614
143.3086,21.211,47.145
143.3299,20.163,49.596
143.35,19.53,51.204
143.3695,19.672,50.833
143.3892,19.366,51.636
143.4086,19.716,50.72
143.4283,18.09,55.279
143.4464,19.741,50.656
143.4661,19.824,50.443
143.486,19.721,50.707
143.5057,20.241,49.404
143.5259,20.443,48.916
143.5464,19.437,51.448
143.5658,20.744,48.206
143.5865,19.846,50.388
143.6064,20.628,48.479
143.627,19.489,51.311
143.6465,20.455,48.889
143.667,18.107,55.227
143.6851,20.571,48.612
143.7056,18.793,53.212
143.7244,19.473,51.352
143.7439,18.876,52.978
143.7628,19.043,52.513
143.7818,18.706,53.458
143.8005,19.217,52.038
143.8197,18.831,53.103
143.8386,20.31,49.237
143.8589,20.266,49.344
143.8792,19.798,50.51
143.899,18.961,52.74
143.9179,18.817,53.143
143.9367,19.252,51.942
143.956,20.464,48.866
143.9764,20.158,49.607
143.9966,18.74,53.361
144.0153,19.657,50.873
144.035,20.471,48.849
144.0555,20.197,49.513
144.0757,20.488,48.81
144.0962,19.341,51.704
144.1155,20.25,49.382
144.1357,18.862,53.018
144.1546,18.8,53.192
144.1734,20.708,48.289
144.1941,19.886,50.285
144.214,19.907,50.234
144.2339,19.247,51.955
144.2532,19.017,52.585
144.2722,19.823,50.447
144.292,20.919,47.803
144.3129,20.353,49.132
144.3333,19.886,50.287
144.3532,19.586,51.056
144.3727,18.833,53.098
144.3916,20.44,48.924
144.412,20.448,48.905
144.4325,20.21,49.48
144.4527,18.169,55.038
144.4708,21.994,45.466
144.4928,20.795,48.089
144.5136,19.503,51.273
144.5331,19.746,50.644
144.5529,21.322,46.9
144.5742,20.324,49.203
144.5945,19.907,50.235
144.6144,21.228,47.109
144.6357,18.92,52.855
144.6546,19.273,51.887
144.6739,17.607,56.794
144.6915,19.732,50.679
144.7112,20.284,49.299
144.7315,20.628,48.477
144.7521,20.656,48.412
144.7728,18.971,52.712
144.7917,18.657,53.601
144.8104,19.838,50.409
144.8302,20.42,48.972
144.8506,18.461,54.168
144.8691,18.508,54.031
144.8876,18.904,52.898
144.9065,19.95,50.126
144.9265,20.318,49.217
144.9468,21.5,46.512
144.9683,19.128,52.28
144.9874,19.048,52.499
145.0065,18.192,54.968
145.0247,18.992,52.653
145.0436,20.356,49.127
145.064,47.858,20.895
145.1119,18.749,53.335
145.1306,20.974,47.679
145.1516,19.893,50.269
145.1715,20.134,49.666
145.1916,20.216,49.465
145.2118,18.762,53.299
145.2306,20.394,49.033
145.251,20.609,48.523
145.2716,21.325,46.893
145.2929,19.134,52.262
145.3121,21.381,46.771
145.3334,18.636,53.659
145.3521,20.048,49.881
145.3721,20.316,49.221
145.3924,21.255,47.047
145.4137,19.262,51.916
145.433,21.432,46.66
145.4544,20.488,48.808
145.4749,20.79,48.101
145.4957,20.428,48.953
145.5161,20.719,48.265
145.5368,20.052,49.87
145.5569,19.85,50.377
145.5767,20.809,48.056
145.5975,18.275,54.721
145.6158,20.375,49.079
145.6362,20.26,49.358
145.6564,20.001,49.997
145.6764,18.372,54.431
145.6948,19.946,50.134
145.7147,19.701,50.76
145.7344,19.6,51.021
145.754,19.416,51.503
145.7735,18.921,52.853
145.7924,20.745,48.205
145.8131,17.665,56.609
145.8308,19.01,52.604
145.8498,22.055,45.342
145.8719,19.994,50.015
145.8919,20.072,49.821
145.9119,19.456,51.398
145.9314,20.851,47.96
145.9522,19.348,51.686
145.9716,18.493,54.073
145.9901,20.141,49.65
146.0102,18.519,53.999
146.0287,19.663,50.858
146.0484,18.226,54.866
146.0666,17.688,56.535
146.0843,19.987,50.033
146.1043,18.897,52.918
146.1232,19.077,52.418
146.1423,20.06,49.85
146.1623,20.695,48.32
146.183,19.149,52.221
146.2022,18.539,53.939
146.2207,18.896,52.922
146.2396,20.557,48.645
146.2602,21.003,47.612
146.2812,19.043,52.514
146.3002,19.902,50.246
146.3201,18.298,54.651
146.3384,20.155,49.616
146.3586,21.6,46.295
146.3802,20.78,48.124
146.4009,19.79,50.531
146.4207,21.609,46.278
146.4423,19.028,52.555
146.4614,20.574,48.604
146.4819,21.291,46.969
146.5032,19.491,51.307
146.5227,19.997,50.009
146.5427,20.227,49.439
146.563,20.634,48.464
146.5836,19.403,51.537
146.603,18.763,53.298
146.6218,19.47,51.36
146.6412,18.819,53.138
146.66,20.577,48.597
146.6806,17.864,55.977
146.6985,20.22,49.457
146.7187,19.232,51.997
146.7379,19.669,50.842
146.7576,19.647,50.899
146.7773,21.01,47.597
146.7983,19.723,50.702
146.818,20.173,49.571
146.8382,19.293,51.831
146.8575,20.224,49.447
146.8777,17.785,56.227
146.8955,18.384,54.395
146.9138,18.82,53.134
146.9327,18.855,53.036
146.9515,18.315,54.6
146.9698,19.212,52.05
146.989,19.458,51.391
147.0085,20.732,48.234
147.0292,20.848,47.966
147.0501,19.195,52.097
147.0693,20.44,48.924
147.0897,21.238,47.086
147.111,19.324,51.748
147.1303,18.976,52.699
147.1493,19.414,51.51
147.1687,18.773,53.269
147.1874,18.835,53.094
147.2063,18.533,53.959
147.2248,19.53,51.203
147.2443,19.126,52.285
147.2635,18.862,53.016
147.2823,19.133,52.266
147.3015,17.606,56.798
147.3191,18.899,52.913
147.338,19.723,50.703
147.3577,18.812,53.157
147.3765,17.951,55.708
147.3945,21.694,46.096
147.4161,20.153,49.622
147.4363,18.577,53.831
147.4549,19.733,50.675
147.4746,18.717,53.427
147.4933,20.533,48.701
147.5139,21.14,47.304
147.535,19.709,50.738
147.5547,18.672,53.556
147.5734,19.114,52.318
147.5925,18.578,53.828
147.6111,20.557,48.644
147.6316,21.461,46.597
147.6531,20.983,47.657
147.6741,19.724,50.699
147.6938,21.198,47.175
147.715,19.494,51.298
147.7345,19.32,51.761
147.7538,19.926,50.187
147.7737,19.385,51.587
147.7931,18.889,52.942
147.812,19.649,50.892
147.8317,19.524,51.219
147.8512,19.335,51.719
147.8705,20.51,48.757
147.891,19.674,50.828
147.9107,18.171,55.033
147.9289,19.581,51.069
147.9485,19.998,50.004
147.9685,20.652,48.423
147.9891,18.469,54.146
148.0076,19.327,51.74
148.0269,20.093,49.769
148.047,21.115,47.36
148.0681,20.452,48.895
148.0886,17.435,57.354
148.106,18.893,52.929
148.1249,21.58,46.338
148.1465,19.276,51.878
148.1657,18.325,54.57
148.1841,19.988,50.031
148.2041,18.719,53.422
148.2228,19.735,50.671
148.2425,20.113,49.719
148.2626,19.813,50.473
148.2824,20.461,48.873
148.3029,19.868,50.331
148.3228,18.691,53.502
148.3415,19.687,50.795
148.3611,19.206,52.068
148.3803,19.462,51.383
148.3998,20.139,49.656
148.4199,17.216,58.087
148.4372,20.034,49.915
148.4572,19.502,51.278
148.4767,18.861,53.021
148.4956,19.824,50.444
148.5154,19.403,51.54
148.5348,19.031,52.547
148.5538,18.908,52.887
148.5727,19.429,51.468
148.5922,20.475,48.84
148.6126,20.776,48.132
148.6334,19.041,52.518
148.6524,18.854,53.039
148.6713,20.188,49.535
148.6915,19.645,50.904
148.7111,19.306,51.797
148.7304,18.892,52.932
148.7493,18.444,54.219
148.7678,19.652,50.885
148.7874,18.618,53.712
148.806,19.632,50.937
148.8257,19.09,52.384
148.8448,20.885,47.88
148.8657,19.639,50.919
148.8853,17.713,56.456
148.903,20.268,49.34
148.9233,19.48,51.335
148.9428,37.486,26.677
148.9802,19.366,51.637
148.9996,18.543,53.928
149.0181,20.821,48.028
149.039,19.149,52.223
149.0581,20.927,47.786
149.079,21.209,47.15
149.1003,19.4,51.548
149.1197,18.666,53.574
149.1383,19.682,50.809
149.158,20.15,49.629
149.1782,19.093,52.376
149.1972,19.855,50.365
149.2171,19.962,50.096
149.2371,20.408,49.0
149.2575,20.911,47.821
149.2784,20.104,49.741
149.2985,19.945,50.138
149.3184,19.682,50.809
149.3381,21.306,46.935
149.3594,20.626,48.481
149.38,20.507,48.765
149.4005,19.785,50.543
149.4203,20.764,48.159
149.4411,18.404,54.337
149.4595,19.799,50.509
149.4793,17.744,56.356
149.497,20.085,49.79
149.5171,20.867,47.923
149.538,20.433,48.94
149.5584,17.985,55.603
149.5764,20.464,48.866
149.5969,19.812,50.475
149.6167,19.343,51.697
149.636,19.724,50.699
149.6558,19.172,52.161
149.6749,19.111,52.325
149.694,21.562,46.377
149.7156,18.893,52.93
149.7345,19.633,50.935
149.7541,20.851,47.96
149.775,20.527,48.715
149.7955,19.028,52.555
149.8145,20.438,48.93
149.835,20.092,49.772
149.8551,19.19,52.111
149.8743,21.161,47.257
149.8954,20.703,48.302
149.9161,20.47,48.851
149.9366,19.859,50.355
149.9564,17.143,58.334
149.9736,20.198,49.511
149.9938,20.993,47.636
150.0148,18.317,54.594
150.0331,20.891,47.867
150.054,20.969,47.69
150.075,19.074,52.426
150.094,19.446,51.425
150.1135,19.848,50.383
150.1333,20.379,49.069
150.1537,20.543,48.679
150.1742,21.151,47.279
150.1954,19.766,50.592
150.2152,18.357,54.475
150.2335,19.758,50.613
150.2533,18.21,54.915
150.2715,19.367,51.634
150.2909,19.348,51.684
150.3102,19.791,50.529
150.33,20.225,49.443
150.3502,20.463,48.868
150.3707,19.321,51.758
150.39,20.169,49.58
150.4102,19.708,50.74
150.4299,19.359,51.656
150.4492,20.788,48.104
150.47,18.687,53.513
150.4887,18.592,53.785
150.5073,19.928,50.18
150.5272,20.831,48.006
150.5481,19.382,51.594
150.5674,21.286,46.979
150.5887,21.155,47.27
150.6099,18.317,54.593
150.6282,21.208,47.153
150.6494,20.411,48.994
150.6698,21.665,46.158
150.6915,19.542,51.173
150.711,19.047,52.502
150.7301,20.859,47.941
150.7509,19.407,51.528
150.7703,22.1,45.249
150.7924,19.642,50.91
150.8121,19.737,50.666
150.8318,21.721,46.039
150.8535,19.484,51.324
150.873,19.707,50.743
150.8927,19.29,51.84
150.912,20.027,49.933
150.9321,20.15,49.627
150.9522,20.754,48.183
150.973,18.82,53.136
150.9918,20.673,48.371
151.0125,20.233,49.425
151.0327,19.968,50.08
151.0527,19.902,50.245
151.0726,19.46,51.388
151.092,22.078,45.294
151.1141,18.653,53.612
151.1327,20.743,48.209
151.1535,20.524,48.724
151.174,18.46,54.171
151.1925,21.123,47.341
151.2136,19.843,50.396
151.2334,19.761,50.605
151.2532,20.125,49.689
151.2733,19.322,51.753
151.2926,20.786,48.109
151.3134,20.739,48.217
151.3342,18.418,54.294
151.3526,21.847,45.772
151.3744,21.173,47.229
151.3956,19.695,50.775
151.4153,20.608,48.526
151.4359,21.079,47.441
151.457,17.498,57.15
151.4745,19.877,50.308
151.4944,21.577,46.346
151.5159,19.017,52.586
151.535,21.106,47.38
151.5561,21.588,46.322
151.5777,20.118,49.706
151.5978,19.715,50.724
151.6175,19.346,51.691
151.6368,21.11,47.371
151.6579,18.626,53.689
151.6766,20.577,48.597
151.6971,20.183,49.548
151.7173,18.875,52.981
151.7362,20.834,47.999
151.757,20.39,49.044
151.7774,20.124,49.693
151.7976,20.195,49.516
151.8177,19.674,50.828
151.8374,20.325,49.2
151.8577,21.059,47.486
151.8788,20.837,47.992
151.8996,19.878,50.307
151.9195,21.11,47.37
151.9406,19.721,50.707
151.9604,19.615,50.981
151.98,20.839,47.988
152.0008,20.504,48.771
152.0213,18.944,52.788
152.0403,19.364,51.641
152.0596,20.133,49.67
152.0797,19.414,51.51
152.0992,18.628,53.683
152.1178,19.558,51.13
152.1373,19.623,50.961
152.157,20.118,49.707
152.1771,21.246,47.067
152.1983,21.641,46.209
152.22,20.676,48.365
152.2407,22.693,44.066
152.2633,19.899,50.254
152.2832,20.288,49.291
152.3035,22.368,44.708
152.3259,21.796,45.881
152.3477,21.17,47.236
152.3689,19.314,51.776
152.3882,20.81,48.053
152.409,22.397,44.649
152.4314,19.996,50.011
152.4514,21.269,47.018
152.4727,19.927,50.184
152.4926,20.28,49.309
152.5129,19.465,51.373
152.5323,20.112,49.722
152.5524,21.9,45.662
152.5743,20.652,48.421
152.595,18.682,53.529
152.6137,20.77,48.146
152.6344,20.804,48.068
152.6552,20.457,48.883
152.6757,21.878,45.708
152.6976,20.855,47.951
152.7184,22.166,45.115
152.7406,20.518,48.738
152.7611,20.613,48.513
152.7817,20.703,48.303
152.8024,22.144,45.159
152.8246,19.596,51.032
152.8442,19.609,50.997
152.8638,20.822,48.026
152.8846,19.59,51.046
152.9042,21.623,46.247
152.9258,21.062,47.479
152.9469,21.373,46.788
152.9683,21.181,47.213
152.9894,19.523,51.22
153.009,20.665,48.391
153.0296,52.102,19.193
153.0817,20.725,48.251
153.1024,20.68,48.356
153.1231,19.451,51.411
153.1426,19.953,50.119
153.1625,21.423,46.679
153.184,19.836,50.414
153.2038,20.129,49.681
153.2239,20.603,48.537
153.2445,19.936,50.16
153.2645,19.685,50.801
153.2841,20.225,49.444
153.3044,22.431,44.581
153.3268,20.049,49.878
153.3468,20.744,48.206
153.3676,22.223,44.999
153.3898,20.651,48.423
153.4105,21.617,46.259
153.4321,21.549,46.405
153.4536,19.586,51.056
153.4732,20.426,48.957
153.4936,20.746,48.202
153.5144,21.037,47.536
153.5354,20.18,49.553
153.5556,21.24,47.082
153.5768,21.902,45.658
153.5987,19.754,50.622
153.6185,20.679,48.359
153.6392,19.345,51.694
153.6585,20.388,49.05
153.6789,21.395,46.739
153.7003,21.509,46.492
153.7218,21.34,46.86
153.7432,21.081,47.437
153.7642,20.763,48.162
153.785,18.422,54.284
153.8034,20.872,47.91
153.8243,20.493,48.797
153.8448,20.426,48.957
153.8652,20.388,49.049
153.8856,21.55,46.403
153.9072,20.267,49.341
153.9274,21.578,46.343
153.949,21.314,46.918
153.9703,21.191,47.189
153.9915,21.185,47.203
154.0127,21.271,47.013
154.034,18.919,52.857
154.0529,21.162,47.255
154.074,20.449,48.902
154.0945,21.838,45.792
154.1163,19.635,50.931
154.136,21.662,46.164
154.1576,22.166,45.114
154.1798,21.139,47.306
154.2009,20.631,48.471
154.2216,19.121,52.297
154.2407,21.306,46.936
154.262,18.834,53.097
154.2808,21.681,46.124
154.3025,20.585,48.578
154.3231,20.865,47.927
154.344,21.141,47.301
154.3651,22.743,43.97
154.3878,20.591,48.565
154.4084,22.78,43.898
154.4312,21.343,46.854
154.4525,20.283,49.302
154.4728,23.123,43.247
154.496,20.871,47.913
154.5168,21.362,46.812
154.5382,20.891,47.868
154.5591,21.268,47.019
154.5803,22.339,44.765
154.6027,21.673,46.14
154.6244,21.665,46.158
154.646,21.441,46.64
154.6675,20.621,48.494
154.6881,20.076,49.811
154.7082,20.81,48.053
154.729,20.781,48.121
154.7498,20.388,49.05
154.7701,21.943,45.574
154.7921,21.256,47.046
154.8133,20.924,47.791
154.8343,21.645,46.199
154.8559,21.427,46.67
154.8773,21.223,47.119
154.8986,23.775,42.061
154.9223,21.84,45.788
154.9442,23.626,42.326
154.9678,20.834,47.998
154.9886,21.141,47.302
155.0098,22.185,45.076
155.032,21.825,45.818
155.0538,20.823,48.024
155.0746,20.322,49.208
155.0949,20.228,49.437
155.1152,20.302,49.255
155.1355,21.448,46.625
155.1569,20.43,48.949
155.1773,22.667,44.116
155.2,20.08,49.8
155.2201,19.887,50.283
155.24,22.116,45.215
155.2621,22.014,45.426
155.2841,21.112,47.367
155.3052,19.77,50.583
155.325,21.208,47.152
155.3462,20.576,48.601
155.3668,20.886,47.878
155.3877,21.223,47.118
155.4089,22.797,43.866
155.4317,21.642,46.207
155.4533,22.027,45.4
155.4753,21.777,45.92
155.4971,21.895,45.672
155.519,21.515,46.478
155.5405,22.193,45.059
155.5627,23.321,42.88
155.586,21.622,46.249
155.6077,22.488,44.468
155.6302,20.68,48.357
155.6508,19.704,50.75
155.6705,21.642,46.206
155.6922,18.843,53.071
155.711,21.475,46.567
155.7325,20.391,49.042
155.7529,22.819,43.823
155.7757,22.051,45.35
155.7978,21.57,46.361
155.8193,20.785,48.111
155.8401,20.627,48.48
155.8607,20.291,49.282
155.881,20.581,48.588
155.9016,21.44,46.642
155.9231,20.788,48.104
155.9438,23.001,43.476
155.9668,21.913,45.634
155.9888,23.278,42.958
156.012,21.291,46.968
156.0333,20.315,49.226
156.0536,21.659,46.17
156.0753,21.105,47.381
156.0964,20.599,48.546
156.117,20.372,49.087
156.1374,22.091,45.268
156.1595,18.417,54.298
156.1779,21.15,47.282
156.199,21.641,46.208
156.2207,20.984,47.656
156.2417,22.187,45.071
156.2638,21.418,46.69
156.2853,22.546,44.353
156.3078,22.158,45.131
156.33,20.969,47.689
156.3509,21.327,46.89
156.3723,21.675,46.137
156.3939,22.34,44.762
156.4163,19.995,50.012
156.4363,20.285,49.297
156.4566,20.039,49.903
156.4766,20.912,47.818
156.4975,21.901,45.659
156.5194,21.135,47.315
156.5405,22.077,45.297
156.5626,22.313,44.818
156.5849,22.475,44.493
156.6074,21.387,46.758
156.6288,20.676,48.364
156.6495,23.286,42.945
156.6728,19.865,50.339
156.6926,22.469,44.505
156.7151,22.812,43.836
156.7379,22.431,44.58
156.7603,20.953,47.725
156.7813,21.05,47.507
156.8023,21.328,46.886
156.8237,21.694,46.096
156.8454,21.383,46.767
156.8667,22.413,44.616
156.8892,19.674,50.829
156.9088,21.952,45.555
156.9308,21.335,46.871
156.9521,20.174,49.568
156.9723,19.664,50.855
156.992,20.111,49.725
157.0121,23.405,42.726
157.0355,21.396,46.737
157.0569,22.07,45.31
157.0789,22.6,44.249
157.1015,20.739,48.217
157.1223,22.21,45.025
157.1445,22.133,45.18
157.1666,21.035,47.539
157.1877,21.676,46.135
157.2093,22.693,44.067
157.232,19.417,51.501
157.2514,19.825,50.441
157.2713,21.796,45.879
157.2931,21.608,46.28
157.3147,21.121,47.345
157.3358,21.353,46.831
157.3571,21.859,45.747
157.379,22.136,45.175
157.4011,22.123,45.201
157.4233,22.093,45.263
157.4454,19.307,51.794
157.4647,21.064,47.475
157.4857,21.468,46.581
157.5072,21.056,47.491
157.5283,18.815,53.148
157.5471,20.495,48.791
157.5676,21.873,45.719
157.5894,21.659,46.169
157.6111,19.675,50.825
157.6308,48.016,20.826
157.6788,21.832,45.805
157.7006,22.605,44.238
157.7232,20.881,47.89
157.7441,22.233,44.977
157.7663,18.967,52.722
157.7853,21.605,46.285
157.8069,21.386,46.76
157.8283,21.386,46.76
157.8497,21.148,47.285
157.8708,20.947,47.74
157.8918,21.062,47.48
157.9128,22.674,44.104
157.9355,21.875,45.715
157.9574,20.886,47.879
157.9783,21.609,46.278
157.9999,21.599,46.299
158.0215,21.898,45.666
158.0434,21.797,45.877
158.0652,21.593,46.312
158.0868,20.974,47.677
158.1077,22.226,44.991
158.13,22.115,45.219
158.1521,20.395,49.031
158.1725,21.929,45.602
158.1944,19.808,50.484
158.2142,20.761,48.168
158.235,20.148,49.632
158.2551,21.949,45.561
158.2771,20.862,47.935
158.2979,21.656,46.177
158.3196,19.768,50.586
158.3394,20.621,48.493
158.36,21.429,46.666
158.3814,19.915,50.212
158.4013,21.361,46.814
158.4227,22.131,45.186
158.4448,22.557,44.332
158.4674,23.127,43.239
158.4905,21.177,47.221
158.5117,19.579,51.074
158.5313,21.26,47.037
158.5525,20.297,49.268
158.5728,21.56,46.381
158.5944,22.382,44.678
158.6168,22.337,44.768
158.6391,21.637,46.218
158.6607,22.297,44.848
158.683,20.569,48.617
158.7036,20.386,49.054
158.724,21.168,47.242
158.7452,20.385,49.056
158.7655,19.801,50.502
158.7853,39.415,25.371
158.8248,20.896,47.856
158.8456,22.22,45.005
158.8679,22.311,44.821
158.8902,21.186,47.2
158.9114,20.546,48.671
158.9319,21.522,46.465
158.9534,21.209,47.15
158.9746,20.467,48.858
158.9951,21.166,47.246
159.0163,20.247,49.39
159.0365,21.302,46.944
159.0578,21.641,46.208
159.0795,19.778,50.561
159.0992,21.333,46.876
159.1206,21.663,46.162
159.1422,22.339,44.764
159.1646,20.081,49.799
159.1847,23.157,43.184
159.2078,19.722,50.705
159.2275,21.748,45.981
159.2493,19.347,51.686
159.2686,21.209,47.15
159.2898,19.434,51.455
159.3093,20.773,48.14
159.3301,21.838,45.791
159.3519,20.582,48.585
159.3725,20.725,48.252
159.3932,21.417,46.691
159.4146,20.551,48.658
159.4352,21.038,47.533
159.4562,20.776,48.133
159.477,22.687,44.077
159.4997,20.46,48.875
159.5201,22.328,44.787
159.5425,21.332,46.878
159.5638,22.65,44.15
159.5864,21.007,47.602
159.6074,20.424,48.961
159.6279,20.68,48.357
159.6485,20.837,47.991
159.6694,38.133,26.224
159.7075,20.76,48.171
159.7283,21.004,47.61
159.7493,21.007,47.604
159.7703,21.407,46.714
159.7917,19.672,50.834
159.8114,22.496,44.452
159.8339,21.36,46.817
159.8552,21.783,45.908
159.877,21.416,46.694
159.8984,19.379,51.604
159.9178,20.762,48.166
159.9386,20.055,49.863
159.9586,20.54,48.686
159.9792,21.327,46.889
160.0005,20.224,49.445
160.0207,21.355,46.827
160.0421,21.372,46.79
160.0634,20.961,47.707
160.0844,20.838,47.989
160.1052,22.389,44.664
160.1276,20.608,48.525
160.1482,20.854,47.953
160.1691,19.724,50.701
160.1888,21.043,47.523
160.2099,20.566,48.624
160.2304,18.729,53.392
160.2491,21.72,46.041
160.2709,20.953,47.726
160.2918,21.812,45.845
160.3136,20.549,48.665
160.3342,20.15,49.629
160.3543,20.212,49.475
160.3745,19.32,51.759
160.3939,20.006,49.984
160.4139,19.268,51.9
160.4331,20.786,48.108
160.4539,21.322,46.9
160.4752,19.871,50.326
160.4951,20.391,49.042
160.5155,20.77,48.147
160.5363,21.513,46.485
160.5578,19.769,50.584
160.5776,21.305,46.937
160.5989,20.97,47.686
160.6198,20.666,48.389
160.6405,19.029,52.552
160.6595,21.978,45.501
160.6815,22.083,45.283
160.7036,21.116,47.357
160.7247,20.602,48.539
160.7453,20.442,48.918
160.7658,22.247,44.95
160.788,20.332,49.183
160.8083,19.884,50.292
160.8282,20.909,47.827
160.8491,19.409,51.523
160.8685,21.277,46.999
160.8898,19.897,50.258
160.9097,21.652,46.184
160.9314,21.182,47.211
160.9525,21.755,45.967
160.9743,20.28,49.308
160.9946,20.988,47.646
161.0156,20.555,48.65
161.0361,22.225,44.993
161.0583,19.247,51.955
161.0776,19.924,50.19
161.0975,20.485,48.815
161.118,17.968,55.653
161.136,20.842,47.98
161.1568,21.785,45.902
161.1786,19.045,52.506
161.1976,21.301,46.946
161.2189,23.225,43.056
161.2422,21.048,47.511
161.2632,20.853,47.954
161.2841,21.299,46.951
161.3054,19.516,51.241
161.3249,20.665,48.39
161.3455,20.145,49.639
161.3657,20.666,48.388
161.3864,20.494,48.795
161.4069,21.366,46.804
161.4282,21.275,47.004
161.4495,21.516,46.476
161.471,19.251,51.944
161.4903,20.338,49.17
161.5106,20.317,49.221
161.5309,19.167,52.174
161.5501,20.454,48.89
161.5705,18.526,53.977
161.5891,19.616,50.979
161.6087,21.243,47.075
161.6299,20.469,48.855
161.6504,20.811,48.051
161.6712,20.24,49.408
161.6914,19.818,50.46
161.7113,55.663,17.965
161.7669,20.513,48.749
161.7874,19.543,51.169
161.807,20.159,49.607
161.8271,19.994,50.016
161.8471,21.772,45.93
161.8689,21.958,45.541
161.8909,20.654,48.416
161.9115,18.966,52.726
161.9305,19.909,50.228
161.9504,19.859,50.355
161.9703,20.546,48.67
161.9908,20.813,48.047
162.0116,21.328,46.887
162.0329,20.72,48.263
162.0537,19.976,50.059
162.0736,20.096,49.761
162.0937,20.725,48.25
162.1145,20.423,48.965
162.1349,19.95,50.126
162.1548,19.957,50.107
162.1748,20.306,49.247
162.1951,20.965,47.699
162.2161,20.679,48.358
162.2367,19.744,50.648
162.2565,19.826,50.44
162.2763,20.186,49.54
162.2965,21.194,47.184
162.3177,19.17,52.164
162.3369,20.673,48.371
162.3575,18.968,52.72
162.3765,18.994,52.65
162.3955,20.303,49.255
162.4158,20.802,48.073
162.4366,19.537,51.185
162.4561,19.736,50.668
162.4759,19.296,51.825
162.4952,19.934,50.166
162.5151,22.165,45.116
162.5373,22.064,45.323
162.5593,20.975,47.675
162.5803,21.031,47.548
162.6013,19.256,51.933
162.6206,21.236,47.09
162.6418,19.523,51.222
162.6613,18.698,53.483
162.68,17.811,56.146
162.6979,21.359,46.819
162.7192,18.956,52.754
162.7382,19.872,50.323
162.758,20.588,48.572
162.7786,20.465,48.864
162.7991,19.108,52.333
162.8182,18.928,52.833
162.8371,20.701,48.306
162.8578,20.431,48.945
162.8783,18.902,52.906
162.8972,21.462,46.595
162.9186,19.515,51.241
162.9381,19.035,52.535
162.9572,21.708,46.067
162.9789,19.843,50.396
162.9987,19.467,51.369
163.0182,18.519,53.998
163.0367,20.893,47.863
163.0576,20.203,49.497
163.0778,20.018,49.955
163.0978,20.11,49.726
163.1179,19.547,51.159
163.1375,18.069,55.343
163.1556,18.949,52.773
163.1745,19.428,51.472
163.1939,17.603,56.81
163.2115,19.489,51.31
163.231,18.868,53.0
163.2499,19.245,51.963
163.2691,21.79,45.893
163.2909,19.848,50.382
163.3108,19.373,51.617
163.3301,19.387,51.58
163.3495,20.219,49.458
163.3698,21.095,47.406
163.3908,37.669,26.547
163.4285,18.763,53.297
163.4473,20.278,49.314
163.4676,20.742,48.211
163.4883,20.602,48.54
163.5089,18.558,53.886
163.5275,19.215,52.043
163.5467,40.413,24.744
163.5871,19.956,50.111
163.607,18.627,53.687
163.6257,18.735,53.377
163.6444,19.858,50.357
163.6643,20.857,47.946
163.6851,18.102,55.242
163.7032,19.363,51.644
163.7226,19.36,51.653
163.7419,18.8,53.191
163.7607,20.125,49.689
163.7809,18.382,54.402
163.7993,20.641,48.447
163.8199,22.348,44.747
163.8422,18.686,53.517
163.8609,19.527,51.21
163.8805,18.412,54.313
163.8989,19.151,52.217
163.918,20.76,48.17
163.9388,19.646,50.901
163.9584,18.669,53.564
163.9771,20.434,48.939
163.9975,19.866,50.336
164.0174,19.733,50.677
164.0371,19.961,50.097
164.0571,20.39,49.045
164.0775,19.982,50.045
164.0975,18.789,53.223
164.1162,20.09,49.775
164.1363,21.007,47.602
164.1573,19.485,51.321
164.1768,19.9,50.252
164.1967,19.255,51.934
164.216,19.481,51.333
164.2355,18.391,54.376
164.2539,20.521,48.73
164.2744,20.436,48.934
164.2948,20.162,49.598
164.315,19.955,50.112
164.3349,18.87,52.994
164.3538,20.674,48.371
164.3745,18.746,53.346
164.3932,17.569,56.919
164.4108,19.582,51.069
164.4304,20.442,48.92
164.4508,18.307,54.623
164.4691,19.024,52.564
164.4881,20.46,48.876
164.5086,19.369,51.628
164.528,18.549,53.913
164.5465,18.017,55.504
164.5645,18.52,53.996
164.5831,19.675,50.827
164.6027,19.376,51.611
164.6221,19.868,50.332
164.642,20.604,48.534
164.6626,20.183,49.547
164.6828,18.315,54.601
164.7011,18.402,54.342
164.7195,19.044,52.509
164.7385,20.624,48.486
164.7591,18.82,53.134
164.778,20.032,49.92
164.798,20.246,49.393
164.8182,19.906,50.236
164.8382,20.361,49.113
164.8585,19.395,51.561
164.8779,18.463,54.163
164.8964,18.823,53.127
164.9152,18.665,53.576
164.9339,20.462,48.871
164.9543,18.809,53.165
164.9731,18.24,54.824
164.9914,19.956,50.111
165.0113,19.952,50.121
165.0313,56.308,17.759
165.0876,20.338,49.168
165.1079,18.969,52.717
165.1269,19.338,51.711
165.1462,17.829,56.088
165.1641,20.088,49.782
165.1841,18.887,52.947
165.203,18.942,52.793
165.222,18.498,54.059
165.2405,20.722,48.258
165.2612,19.668,50.843
165.2809,19.781,50.555
165.3006,19.439,51.442
165.3201,18.758,53.311
165.3388,17.849,56.025
165.3567,19.743,50.65
165.3764,19.365,51.639
165.3958,20.574,48.605
165.4164,18.844,53.068
165.4352,18.294,54.663
165.4535,18.581,53.817
165.4721,20.028,49.929
165.4921,19.875,50.313
165.512,19.328,51.738
165.5313,19.977,50.058
165.5513,19.126,52.285
165.5704,20.411,48.992
165.5908,19.537,51.185
165.6104,17.904,55.853
165.6283,21.091,47.413
165.6494,19.831,50.427
165.6692,18.771,53.275
165.688,19.205,52.07
165.7072,18.192,54.969
165.7254,19.611,50.992
165.745,19.25,51.948
165.7642,19.649,50.893
165.7839,19.386,51.584
165.8033,20.268,49.339
165.8235,19.745,50.646
165.8433,18.074,55.328
165.8614,18.667,53.571
165.88,19.252,51.943
165.8993,19.132,52.267
165.9184,20.448,48.904
165.9389,18.456,54.183
165.9573,19.713,50.727
165.977,20.57,48.614
165.9976,20.829,48.009
166.0184,19.079,52.414
166.0375,19.887,50.285
166.0574,20.112,49.721
166.0775,20.658,48.407
166.0982,21.165,47.248
166.1193,20.041,49.897
166.1394,18.452,54.196
166.1578,19.125,52.289
166.1769,19.601,51.017
166.1965,18.997,52.64
166.2155,19.809,50.482
166.2353,20.807,48.062
166.2562,18.973,52.707
166.2751,20.896,47.856
166.296,19.93,50.176
166.316,17.875,55.944
166.3338,18.909,52.885
166.3527,18.281,54.701
166.371,20.21,49.48
166.3912,20.822,48.026
166.4121,17.386,57.516
166.4294,19.481,51.333
166.4489,19.51,51.256
166.4684,18.801,53.189
166.4872,19.545,51.164
166.5068,19.933,50.168
166.5267,20.775,48.134
166.5475,18.095,55.263
166.5656,19.008,52.608
166.5846,18.913,52.874
166.6035,19.839,50.405
166.6233,19.095,52.371
166.6424,20.826,48.017
166.6633,18.787,53.227
166.682,18.057,55.38
166.7001,18.828,53.113
166.7189,19.944,50.139
166.7389,18.964,52.732
166.7578,22.496,44.452
166.7803,18.796,53.202
166.7991,18.078,55.316
166.8172,19.583,51.066
166.8368,19.756,50.618
166.8565,19.61,50.995
166.8762,20.297,49.268
166.8965,19.789,50.534
166.9162,18.073,55.331
166.9343,20.536,48.694
166.9549,18.359,54.47
166.9732,36.082,27.715
167.0093,19.324,51.748
167.0286,19.716,50.719
167.0483,19.731,50.681
167.0681,20.039,49.902
167.0881,18.801,53.188
167.1069,19.884,50.291
167.1268,19.333,51.726
167.1461,19.011,52.601
167.1651,19.929,50.177
167.1851,21.155,47.27
167.2062,20.271,49.331
167.2265,19.926,50.186
167.2464,19.053,52.484
167.2655,20.57,48.614
167.286,19.276,51.878
167.3053,19.829,50.43
167.3251,20.305,49.25
167.3454,19.69,50.788
167.3651,20.464,48.867
167.3856,18.911,52.879
167.4045,19.469,51.364
167.424,18.47,54.141
167.4425,18.385,54.392
167.4608,19.777,50.564
167.4806,18.718,53.424
167.4993,18.101,55.247
167.5174,19.734,50.673
167.5372,18.88,52.965
167.556,19.052,52.489
167.5751,19.526,51.213
167.5946,18.458,54.176
167.6131,18.412,54.314
167.6315,19.05,52.494
167.6505,18.57,53.849
167.6691,19.681,50.811
167.6888,19.642,50.911
167.7084,20.069,49.828
167.7285,19.874,50.318
167.7484,17.911,55.833
167.7663,20.695,48.321
167.787,18.582,53.814
167.8056,19.658,50.871
167.8252,20.407,49.004
167.8456,19.388,51.578
167.865,21.234,47.094
167.8863,16.347,61.173
167.9026,18.84,53.078
167.9214,18.825,53.12
167.9403,19.404,51.536
167.9597,18.8,53.19
167.9785,18.717,53.426
167.9972,19.758,50.611
168.0169,18.913,52.873
168.0359,18.799,53.194
168.0547,18.891,52.934
168.0736,18.84,53.08
168.0924,20.124,49.692
168.1125,19.793,50.523
168.1323,20.267,49.342
168.1526,18.567,53.858
168.1711,19.787,50.538
168.1909,19.741,50.657
168.2107,18.899,52.912
168.2296,18.66,53.591
168.2482,20.435,48.935
168.2687,18.706,53.459
168.2874,19.263,51.913
168.3066,19.211,52.054
168.3258,19.218,52.034
168.3451,19.873,50.318
168.3649,20.066,49.836
168.385,21.161,47.256
168.4062,19.684,50.803
168.4258,18.993,52.651
168.4448,18.378,54.412
168.4632,18.917,52.863
168.4821,19.612,50.989
168.5017,18.591,53.79
168.5203,18.205,54.93
168.5385,19.704,50.752
168.5582,18.291,54.671
168.5765,18.956,52.753
168.5955,18.806,53.175
168.6143,18.897,52.918
168.6332,21.19,47.191
168.6544,18.772,53.27
168.6732,20.089,49.779
168.6932,20.295,49.274
168.7135,19.88,50.303
168.7334,19.183,52.129
168.7526,21.004,47.609
168.7736,19.034,52.536
168.7926,17.981,55.614
168.8106,18.961,52.739
168.8296,18.529,53.969
168.8481,19.91,50.225
168.868,19.972,50.071
168.888,19.383,51.592
168.9074,18.167,55.044
168.9255,18.169,55.039
168.9437,19.399,51.548
168.9631,19.215,52.043
168.9823,19.631,50.941
169.002,21.451,46.618
169.0234,18.167,55.046
169.0416,19.557,51.131
169.0611,19.025,52.563
169.0802,19.484,51.325
169.0996,19.746,50.642
169.1194,19.39,51.572
169.1388,19.279,51.869
169.1581,20.463,48.869
169.1785,20.048,49.881
169.1986,19.649,50.893
169.2182,18.227,54.863
169.2365,19.573,51.091
169.256,20.064,49.841
169.2761,17.885,55.913
169.294,20.469,48.853
169.3144,20.632,48.468
169.3351,19.468,51.365
169.3545,19.97,50.074
169.3745,19.451,51.412
169.394,19.657,50.874
169.4136,17.548,56.988
169.4312,20.058,49.855
169.4512,18.477,54.121
169.4697,18.979,52.689
169.4887,19.217,52.036
169.5079,18.66,53.591
169.5266,18.932,52.821
169.5455,19.409,51.521
169.5649,18.534,53.955
169.5834,19.606,51.004
169.603,20.235,49.419
169.6233,20.47,48.853
169.6437,20.405,49.008
169.6641,19.522,51.223
169.6837,20.328,49.194
169.704,20.881,47.891
169.7249,17.866,55.973
169.7427,20.692,48.328
169.7634,18.851,53.049
169.7823,21.0,47.619
169.8033,20.235,49.42
169.8235,17.624,56.74
169.8411,18.033,55.453
169.8592,19.956,50.11
169.8791,19.871,50.324
169.899,18.938,52.805
169.9179,19.22,52.03
169.9372,19.544,51.166
169.9567,18.471,54.14
169.9752,19.291,51.836
169.9945,18.417,54.299
170.0129,17.163,58.266
170.0301,19.446,51.426
170.0495,19.913,50.218
170.0694,20.357,49.123
170.0898,19.162,52.186
170.1089,20.447,48.906
170.1294,20.268,49.338
170.1496,19.295,51.827
170.1689,18.278,54.709
170.1872,19.675,50.827
170.2069,19.13,52.275
170.226,20.058,49.855
170.2461,19.425,51.479
170.2655,19.779,50.559
170.2853,20.382,49.062
170.3057,19.523,51.223
170.3252,19.382,51.595
170.3446,20.846,47.97
170.3654,20.027,49.932
170.3854,18.644,53.636
170.4041,19.67,50.84
170.4238,19.481,51.333
170.4432,20.334,49.179
170.4636,19.801,50.504
170.4834,18.229,54.859
170.5016,21.0,47.62
170.5226,19.771,50.58
170.5424,19.861,50.35
170.5622,18.849,53.053
170.5811,20.721,48.261
170.6018,19.069,52.441
170.6209,19.884,50.292
170.6408,18.73,53.39
170.6595,18.761,53.301
170.6782,21.501,46.51
170.6997,20.449,48.902
170.7202,19.764,50.598
170.74,18.788,53.224
170.7588,20.932,47.774
170.7797,20.537,48.692
170.8002,18.9,52.909
170.8191,20.592,48.563
170.8397,21.391,46.749
170.8611,19.077,52.419
170.8802,19.268,51.899
170.8994,18.719,53.422
170.9182,19.326,51.745
170.9375,21.088,47.421
170.9586,19.872,50.322
170.9785,19.633,50.933
170.9981,20.867,47.922
171.019,21.565,46.372
171.0405,19.461,51.386
171.06,19.406,51.532
171.0794,20.14,49.654
171.0995,18.613,53.726
171.1181,21.125,47.337
171.1393,19.827,50.436
171.1591,18.42,54.288
171.1775,18.592,53.787
171.1961,20.986,47.651
171.2171,20.914,47.815
171.238,19.783,50.549
171.2578,20.535,48.697
171.2783,19.033,52.541
171.2974,19.68,50.813
171.317,18.97,52.715
171.336,20.411,48.993
171.3564,19.526,51.213
171.3759,20.17,49.579
171.3961,20.542,48.68
171.4167,19.144,52.235
171.4358,20.19,49.53
171.456,21.329,46.886
171.4773,19.416,51.503
171.4967,20.586,48.577
171.5173,20.824,48.022
171.5381,18.647,53.628
171.5568,19.269,51.897
171.5761,19.214,52.045
171.5953,20.067,49.833
171.6153,19.546,51.161
171.6349,20.011,49.973
171.6549,19.257,51.929
171.6741,20.232,49.426
171.6944,19.278,51.874
171.7137,19.989,50.028
171.7336,19.609,50.998
171.7533,21.199,47.172
171.7745,21.521,46.466
171.796,19.625,50.955
171.8156,20.197,49.513
171.8358,20.393,49.036
171.8562,21.44,46.643
171.8776,19.338,51.712
171.897,19.185,52.124
171.9162,19.064,52.455
171.9352,20.074,49.815
171.9553,20.917,47.809
171.9762,19.619,50.972
171.9958,20.263,49.352
172.0161,20.147,49.634
172.0362,21.443,46.636
172.0577,19.148,52.225
172.0768,19.765,50.595
172.0966,19.029,52.552
172.1156,19.462,51.382
172.1351,19.425,51.48
172.1545,20.536,48.695
172.175,20.026,49.935
172.1951,19.17,52.164
172.2142,19.949,50.128
172.2342,19.768,50.587
172.254,20.065,49.838
172.274,19.777,50.563
172.2938,20.161,49.6
172.314,19.139,52.249
172.3331,18.766,53.287
172.3519,19.802,50.501
172.3717,21.426,46.673
172.3931,19.298,51.818
172.4124,21.392,46.746
172.4338,20.287,49.292
172.4541,20.352,49.136
172.4744,18.355,54.483
172.4928,20.763,48.163
172.5135,20.447,48.906
172.534,20.005,49.988
172.554,20.418,48.977
172.5744,18.286,54.687
172.5927,20.315,49.224
172.613,19.703,50.755
172.6327,18.536,53.948
172.6513,18.876,52.978
172.6701,20.502,48.775
172.6906,19.914,50.215
172.7105,20.154,49.619
172.7307,21.643,46.204
172.7523,20.768,48.151
172.7731,20.399,49.023
172.7935,20.086,49.785
172.8136,21.707,46.069
172.8353,20.569,48.616
172.8559,19.29,51.84
172.8752,20.099,49.753
172.8953,19.223,52.022
172.9145,19.335,51.72
172.9338,20.375,49.079
172.9542,18.7,53.476
172.9729,17.999,55.559
172.9909,20.271,49.332
173.0112,21.06,47.482
173.0322,19.856,50.363
173.0521,19.883,50.295
173.072,20.532,48.704
173.0925,20.093,49.769
173.1126,20.534,48.699
173.1331,21.641,46.209
173.1548,18.731,53.387
173.1735,17.358,57.611
173.1908,20.074,49.816
173.2109,20.666,48.389
173.2316,20.013,49.967
173.2516,19.557,51.132
173.2712,19.198,52.09
173.2904,18.817,53.143
173.3092,20.578,48.596
173.3298,20.698,48.315
173.3504,19.486,51.32
173.3699,21.249,47.062
173.3912,19.225,52.016
173.4104,19.376,51.61
173.4298,19.821,50.452
173.4496,21.117,47.355
173.4707,20.842,47.979
173.4916,19.888,50.282
173.5115,19.667,50.847
173.5311,20.442,48.919
173.5516,19.558,51.129
173.5711,20.216,49.466
173.5913,19.094,52.373
173.6104,18.259,54.767
173.6287,19.635,50.931
173.6483,45.363,22.045
173.6937,21.387,46.758
173.7151,19.646,50.902
173.7347,19.72,50.709
173.7544,18.96,52.741
173.7734,19.953,50.118
173.7934,20.562,48.632
173.8139,19.756,50.618
173.8337,19.658,50.871
173.8533,20.478,48.832
173.8738,20.127,49.685
173.8939,19.538,51.183
173.9135,18.327,54.565
173.9318,19.835,50.415
173.9516,19.42,51.493
173.9711,20.179,49.556
173.9912,19.417,51.5
174.0107,34.741,28.785
174.0454,19.592,51.041
174.065,19.4,51.545
174.0844,18.836,53.091
174.1032,18.452,54.194
174.1217,19.911,50.224
174.1416,21.084,47.43
174.1627,21.464,46.589
174.1841,20.365,49.104
174.2045,19.594,51.035
174.2241,19.426,51.477
174.2435,20.247,49.39
174.2638,18.607,53.744
174.2824,18.889,52.94
174.3013,20.21,49.481
174.3215,19.525,51.216
174.341,18.786,53.23
174.3598,20.1,49.751
174.3799,19.763,50.6
174.3996,19.376,51.609
174.419,21.535,46.436
174.4406,21.032,47.547
174.4616,20.547,48.669
174.4821,19.282,51.862
174.5014,20.594,48.557
174.522,19.24,51.976
174.5412,20.323,49.205
174.5616,18.519,53.999
174.5801,19.45,51.415
174.5995,19.192,52.106
174.6187,20.703,48.302
174.6394,19.431,51.465
174.6589,21.66,46.168
174.6805,19.756,50.618
174.7003,17.411,57.436
174.7177,19.767,50.59
174.7375,20.275,49.322
174.7577,20.53,48.709
174.7783,19.01,52.604
174.7973,19.468,51.366
174.8167,19.748,50.637
174.8365,20.333,49.18
174.8568,17.819,56.121
174.8746,19.655,50.879
174.8943,20.526,48.718
174.9148,19.563,51.118
174.9344,19.606,51.004
174.954,21.056,47.492
174.975,19.98,50.05
174.995,19.684,50.803
175.0147,20.497,48.788
175.0352,19.754,50.623
175.055,19.61,50.995
175.0746,20.337,49.17
175.0949,19.987,50.033
175.1149,17.421,57.401
175.1323,40.215,24.867
175.1725,34.36,29.104
175.2069,18.128,55.164
175.225,19.605,51.006
175.2446,18.522,53.989
175.2631,48.281,20.712
175.3114,49.298,20.285
175.3607,20.425,48.961
175.3812,19.545,51.163
175.4007,19.241,51.972
175.4199,17.494,57.164
175.4374,19.126,52.284
175.4566,17.381,57.533
175.4739,18.95,52.771
175.4929,20.096,49.762
175.513,18.88,52.965
175.5319,18.81,53.164
175.5507,20.889,47.873
175.5716,18.83,53.107
175.5904,19.635,50.929
175.61,19.538,51.183
175.6296,20.569,48.618
175.6501,19.169,52.167
175.6693,19.876,50.312
175.6892,18.361,54.464
175.7075,19.683,50.805
175.7272,19.54,51.178
175.7468,18.125,55.174
175.7649,18.442,54.224
175.7833,20.74,48.217
175.8041,20.116,49.711
175.8242,18.317,54.594
175.8425,18.301,54.643
175.8608,19.505,51.269
175.8803,19.43,51.468
175.8997,21.315,46.915
175.9211,20.055,49.863
175.9411,18.449,54.204
175.9596,20.183,49.546
175.9797,18.639,53.65
175.9984,18.285,54.69
176.0167,21.547,46.41
176.0382,19.606,51.004
176.0578,20.047,49.882
176.0779,20.115,49.715
176.098,17.556,56.96
176.1155,18.887,52.945
176.1344,20.627,48.48
176.1551,18.888,52.944
176.1739,19.398,51.551
176.1933,18.132,55.15
176.2115,20.621,48.495
176.2321,19.11,52.329
176.2512,18.96,52.742
176.2702,18.834,53.095
176.289,19.787,50.539
176.3088,19.404,51.536
176.3282,18.424,54.277
176.3466,19.932,50.169
176.3665,19.126,52.284
176.3857,18.214,54.903
176.4039,19.845,50.391
176.4237,19.43,51.467
176.4432,19.531,51.2
176.4627,19.348,51.685
176.482,18.67,53.562
176.5007,19.473,51.354
176.5202,18.119,55.192
176.5383,18.164,55.054
176.5565,18.0,55.557
176.5745,18.778,53.253
176.5932,18.93,52.826
176.6122,18.982,52.681
176.6312,20.272,49.33
176.6514,20.165,49.591
176.6716,19.601,51.017
176.6912,18.499,54.056
176.7097,18.729,53.394
176.7284,17.222,58.064
176.7456,19.278,51.873
176.7649,19.513,51.248
176.7844,19.068,52.443
176.8035,19.037,52.53
176.8225,19.295,51.828
176.8418,18.08,55.308
176.8599,19.72,50.709
176.8796,19.535,51.191
176.8992,18.533,53.958
176.9177,19.799,50.509
176.9375,18.22,54.885
176.9557,17.805,56.164
176.9735,17.826,56.099
176.9913,19.376,51.61
177.0107,18.667,53.57
177.0294,20.94,47.756
177.0503,19.291,51.837
177.0696,19.157,52.201
177.0888,17.958,55.684
177.1067,18.857,53.032
177.1256,18.771,53.274
177.1444,19.587,51.056
177.164,19.75,50.632
177.1837,18.002,55.548
177.2017,17.586,56.862
177.2193,17.85,56.022
177.2371,17.674,56.58
177.2548,18.35,54.494
177.2732,19.121,52.298
177.2923,18.261,54.763
177.3105,20.118,49.706
177.3307,18.81,53.163
177.3495,21.046,47.516
177.3705,17.94,55.742
177.3885,17.798,56.185
177.4063,18.316,54.597
177.4246,16.978,58.901
177.4416,17.639,56.693
177.4592,17.534,57.032
177.4767,18.502,54.047
177.4952,18.561,53.876
177.5138,19.114,52.319
177.5329,19.288,51.846
177.5522,18.822,53.128
177.571,18.074,55.328
177.5891,18.0,55.557
177.6071,18.625,53.692
177.6257,19.206,52.067
177.6449,19.598,51.026
177.6645,18.76,53.304
177.6833,17.961,55.677
177.7012,17.747,56.349
177.719,18.413,54.309
177.7374,18.448,54.207
177.7558,17.697,56.508
177.7735,18.514,54.013
177.7921,18.676,53.543
177.8107,19.061,52.464
177.8298,17.774,56.263
177.8476,18.11,55.217
177.8657,20.149,49.63
177.8858,20.657,48.41
177.9065,17.219,58.075
177.9237,18.344,54.513
177.942,18.508,54.029
177.9606,18.473,54.132
177.979,17.795,56.197
177.9968,18.427,54.268
178.0152,17.653,56.649
178.0329,17.928,55.78
178.0508,17.413,57.429
178.0682,18.955,52.756
178.0872,18.719,53.42
178.1059,18.635,53.662
178.1246,18.69,53.505
178.1432,17.726,56.413
178.161,19.071,52.436
178.18,17.266,57.918
178.1973,17.558,56.955
178.2149,18.11,55.22
178.233,18.125,55.173
178.2511,16.835,59.401
178.2679,18.411,54.314
178.2863,28.439,35.163
178.3148,19.08,52.412
178.3339,17.935,55.756
178.3518,19.503,51.274
178.3713,18.002,55.549
178.3893,35.914,27.844
178.4252,17.582,56.876
178.4428,19.042,52.517
178.4618,17.859,55.995
178.4797,17.37,57.571
178.4971,20.103,49.743
178.5172,18.741,53.358
178.5359,17.289,57.84
178.5532,18.131,55.154
178.5713,17.106,58.459
178.5884,18.242,54.817
178.6067,17.241,58.001
178.6239,19.48,51.336
178.6434,19.17,52.166
178.6626,16.605,60.223
178.6792,18.138,55.133
178.6973,19.49,51.308
178.7168,17.895,55.883
178.7347,30.996,32.262
178.7657,16.631,60.13
178.7823,18.002,55.55
178.8003,18.524,53.984
178.8189,17.363,57.595
178.8362,19.176,52.148
178.8554,16.983,58.881
178.8724,20.23,49.431
178.8926,16.983,58.882
178.9096,19.14,52.247
178.9287,18.466,54.154
178.9472,18.422,54.282
178.9656,17.258,57.944
178.9829,19.774,50.572
179.0026,18.423,54.28
179.0211,18.971,52.713
179.04,18.099,55.251
179.0581,17.633,56.712
179.0758,17.729,56.405
179.0935,19.366,51.636
179.1129,18.779,53.251
179.1316,17.205,58.123
179.1489,19.667,50.846
179.1685,17.32,57.735
179.1858,19.502,51.278
179.2053,19.328,51.738
179.2247,18.652,53.612
179.2433,18.943,52.79
179.2623,17.704,56.484
179.28,16.781,59.591
179.2967,18.3,54.645
179.315,18.094,55.268
179.3331,17.808,56.155
179.351,16.485,60.663
179.3674,18.145,55.11
179.3856,17.252,57.963
179.4028,17.193,58.162
179.42,17.673,56.584
179.4377,18.056,55.383
179.4558,18.274,54.724
179.474,17.174,58.226
179.4912,18.447,54.21
179.5096,19.667,50.847
179.5293,16.944,59.018
179.5463,18.932,52.819
179.5652,16.689,59.918
179.5819,17.453,57.298
179.5993,17.177,58.216
179.6165,18.898,52.916
179.6354,19.136,52.259
179.6545,19.259,51.925
179.6738,17.172,58.234
179.691,16.443,60.817
179.7074,17.883,55.918
179.7253,19.21,52.057
179.7445,17.026,58.732
179.7615,18.487,54.093
179.78,17.291,57.833
179.7973,18.256,54.777
179.8156,16.699,59.882
179.8323,17.58,56.881
179.8499,17.482,57.2
179.8673,19.585,51.058
179.8869,17.172,58.234
179.9041,17.678,56.566
179.9218,18.384,54.396
179.9402,18.001,55.552
179.9582,16.773,59.621
179.9749,18.345,54.51
179.9933,18.7,53.476
180.012,16.463,60.742
180.0284,17.152,58.304
180.0456,18.039,55.437
180.0636,16.811,59.485
180.0804,18.579,53.824
180.099,17.953,55.7
180.117,16.868,59.283
180.1338,18.816,53.146
180.1527,43.851,22.804
180.1965,17.479,57.21
180.214,16.517,60.542
180.2305,18.753,53.325
180.2493,17.568,56.923
180.2668,17.761,56.303
180.2846,16.628,60.139
180.3012,16.846,59.361
180.3181,18.008,55.532
180.3361,17.436,57.353
180.3535,16.59,60.277
180.3701,18.823,53.126
180.3889,18.047,55.41
180.407,18.068,55.346
180.425,18.609,53.739
180.4436,15.678,63.782
180.4593,17.278,57.877
180.4766,18.148,55.103
180.4947,17.4,57.471
180.5121,19.053,52.485
180.5312,17.052,58.643
180.5482,18.111,55.215
180.5664,18.195,54.961
180.5846,16.92,59.102
180.6015,18.384,54.396
180.6199,17.246,57.986
180.6371,16.481,60.675
180.6536,17.28,57.87
180.6709,17.786,56.225
180.6886,16.207,61.701
180.7049,16.866,59.292
180.7217,17.492,57.169
180.7392,17.06,58.617
180.7563,17.644,56.675
180.7739,16.815,59.47
180.7907,18.153,55.088
180.8089,16.761,59.661
180.8256,16.591,60.273
180.8422,17.071,58.579
180.8593,16.472,60.707
180.8758,17.523,57.069
180.8933,16.076,62.204
180.9094,18.984,52.675
180.9284,16.602,60.233
180.945,16.419,60.905
180.9614,17.085,58.531
180.9785,18.47,54.141
180.9969,17.575,56.899
181.0145,17.379,57.541
181.0319,16.532,60.49
181.0484,18.007,55.533
181.0664,17.47,57.24
181.0839,17.366,57.584
181.1013,16.985,58.874
181.1183,15.523,64.419
181.1338,17.371,57.566
181.1512,16.373,61.077
181.1675,15.226,65.678
181.1827,17.522,57.072
181.2003,17.852,56.016
181.2181,17.359,57.608
181.2355,17.855,56.006
181.2533,20.003,49.991
181.2733,17.005,58.806
181.2903,17.543,57.003
181.3079,17.639,56.692
181.3255,16.349,61.165
181.3419,17.345,57.654
181.3592,14.723,67.923
181.3739,17.23,58.038
181.3912,17.457,57.284
181.4086,16.241,61.573
181.4249,15.986,62.553
181.4409,17.175,58.226
181.458,19.421,51.49
181.4775,16.472,60.708
181.4939,16.313,61.301
181.5102,18.3,54.644
181.5285,16.058,62.275
181.5446,17.557,56.959
181.5622,16.914,59.122
181.5791,17.239,58.01
181.5963,17.819,56.118
181.6141,15.919,62.819
181.63,17.283,57.862
181.6473,18.348,54.502
181.6657,16.354,61.147
181.682,19.5,51.282
181.7015,17.032,58.713
181.7186,17.676,56.573
181.7362,15.849,63.095
181.7521,29.347,34.076
181.7814,16.157,61.892
181.7976,17.68,56.562
181.8153,44.71,22.366
181.86,17.138,58.35
181.8771,15.839,63.137
181.893,15.976,62.594
181.9089,16.532,60.487
181.9255,16.327,61.25
181.9418,15.809,63.254
181.9576,18.282,54.7
181.9759,18.789,53.223
181.9947,15.904,62.877
182.0106,17.341,57.666
182.0279,16.876,59.256
182.0448,17.994,55.575
182.0628,18.64,53.648
182.0814,17.595,56.834
182.099,17.45,57.306
182.1165,17.037,58.697
182.1335,40.252,24.843
182.1738,15.869,63.017
182.1896,18.868,53.001
182.2085,16.692,59.911
182.2252,15.983,62.565
182.2412,17.636,56.701
182.2588,15.954,62.679
182.2748,18.83,53.107
182.2936,16.316,61.289
182.3099,17.862,55.984
182.3278,16.633,60.122
182.3444,15.76,63.453
182.3602,17.817,56.128
182.378,16.651,60.056
182.3946,18.113,55.208
182.4127,16.204,61.715
182.4289,18.279,54.708
182.4472,18.781,53.246
182.466,19.497,51.29
182.4855,17.274,57.892
182.5028,34.594,28.907
182.5374,17.409,57.441
182.5548,16.404,60.96
182.5712,17.294,57.823
182.5885,17.025,58.737
182.6055,17.296,57.815
182.6228,16.487,60.655
182.6393,15.334,65.216
182.6546,16.266,61.478
182.6709,16.113,62.063
182.687,16.259,61.504
182.7033,17.195,58.155
182.7205,17.141,58.338
182.7376,16.893,59.196
182.7545,17.442,57.332
182.7719,17.088,58.522
182.789,16.517,60.544
182.8055,15.737,63.544
182.8213,16.27,61.464
182.8375,17.583,56.873
182.8551,18.017,55.503
182.8731,16.391,61.01
182.8895,15.874,62.998
182.9054,16.295,61.37
182.9217,17.535,57.029
182.9392,16.392,61.005
182.9556,17.238,58.012
182.9729,16.713,59.834
182.9896,17.858,55.998
183.0074,17.196,58.153
183.0246,18.498,54.06
183.0431,17.615,56.771
183.0607,15.858,63.059
183.0766,17.885,55.912
183.0945,16.439,60.832
183.1109,16.718,59.816
183.1276,16.647,60.072
183.1443,18.009,55.527
183.1623,14.569,68.64
183.1769,17.8,56.18
183.1947,17.652,56.651
183.2123,17.944,55.729
183.2303,15.929,62.778
183.2462,17.066,58.597
183.2633,16.638,60.102
183.2799,17.993,55.577
183.2979,18.251,54.791
183.3161,17.728,56.407
183.3339,17.754,56.326
183.3516,15.971,62.615
183.3676,16.647,60.071
183.3842,17.672,56.588
183.4019,15.665,63.835
183.4176,15.296,65.375
183.4329,17.383,57.527
183.4503,17.109,58.448
183.4674,17.534,57.031
183.4849,16.668,59.995
183.5016,17.275,57.886
183.5188,17.171,58.237
183.536,16.588,60.286
183.5526,16.831,59.414
183.5694,15.941,62.731
183.5854,18.083,55.3
183.6035,17.476,57.221
183.6209,14.8,67.57
183.6357,16.913,59.127
183.6526,17.21,58.107
183.6699,15.187,65.847
183.685,16.909,59.141
183.702,18.263,54.756
183.7202,17.025,58.736
183.7372,15.813,63.24
183.7531,16.347,61.173
183.7694,17.02,58.754
183.7864,15.47,64.643
183.8019,18.651,53.616
183.8205,15.78,63.37
183.8363,17.035,58.704
183.8534,15.962,62.649
183.8693,16.764,59.652
183.8861,16.541,60.458
183.9026,15.915,62.832
183.9185,17.373,57.56
183.9359,16.47,60.716
183.9524,16.371,61.084
183.9688,16.26,61.501
183.985,17.961,55.677
184.003,16.157,61.891
184.0191,15.724,63.596
184.0349,17.423,57.395
184.0523,15.207,65.761
184.0675,15.531,64.389
184.083,16.226,61.628
184.0992,15.952,62.687
184.1152,16.737,59.747
184.1319,18.402,54.343
184.1503,17.062,58.611
184.1674,16.121,62.031
184.1835,16.656,60.037
184.2002,16.323,61.262
184.2165,16.765,59.649
184.2333,17.023,58.744
184.2503,17.946,55.724
184.2682,17.019,58.758
184.2852,16.983,58.881
184.3022,15.812,63.244
184.318,16.879,59.244
184.3349,17.91,55.836
184.3528,15.418,64.859
184.3683,18.076,55.321
184.3863,17.594,56.836
184.4039,16.842,59.375
184.4208,18.556,53.892
184.4393,18.271,54.732
184.4576,15.647,63.91
184.4732,16.146,61.933
184.4894,17.141,58.34
184.5065,17.394,57.491
184.5239,17.389,57.508
184.5413,15.897,62.906
184.5572,18.28,54.703
184.5755,18.5,54.055
184.594,17.56,56.948
184.6115,17.173,58.233
184.6287,17.465,57.256
184.6462,16.492,60.636
184.6627,17.044,58.671
184.6797,16.818,59.462
184.6965,17.487,57.186
184.714,18.767,53.286
184.7328,17.549,56.983
184.7503,16.405,60.956
184.7667,17.111,58.443
184.7839,16.673,59.977
184.8005,18.574,53.839
184.8191,17.726,56.413
184.8368,16.992,58.851
184.8538,16.447,60.8
184.8703,17.105,58.461
184.8874,54.072,18.494
184.9414,17.665,56.61
184.9591,17.136,58.355
184.9762,18.005,55.542
184.9943,18.701,53.472
185.013,14.979,66.759
185.0279,16.896,59.187
185.0448,18.378,54.412
185.0632,18.448,54.208
185.0817,17.699,56.5
185.0994,18.877,52.974
185.1182,49.037,20.393
185.1673,17.79,56.21
185.1851,16.753,59.69
185.2018,16.759,59.67
185.2186,17.951,55.706
185.2365,17.932,55.768
185.2545,17.919,55.806
185.2724,36.832,27.15
185.3092,17.31,57.771
185.3265,16.701,59.876
185.3432,17.351,57.634
185.3606,19.478,51.341
185.38,16.632,60.125
185.3967,17.846,56.036
185.4145,19.196,52.095
185.4337,17.006,58.802
185.4507,17.434,57.359
185.4682,16.493,60.632
185.4846,18.578,53.826
185.5032,18.909,52.884
185.5221,18.622,53.701
185.5408,17.256,57.95
185.558,17.7,56.498
185.5757,18.135,55.142
185.5938,17.171,58.238
185.611,17.836,56.068
185.6289,17.245,57.989
185.6461,18.551,53.905
185.6647,15.977,62.589
185.6806,17.98,55.616
185.6986,16.475,60.699
185.7151,18.843,53.071
185.7339,17.102,58.473
185.751,17.119,58.415
185.7681,18.966,52.727
185.7871,18.16,55.067
185.8053,17.944,55.728
185.8232,17.494,57.162
185.8407,16.957,58.974
185.8577,15.757,63.464
185.8734,17.735,56.385
185.8912,18.053,55.392
185.9092,17.035,58.702
185.9262,16.442,60.819
185.9427,18.181,55.004
185.9609,16.668,59.994
185.9775,19.287,51.848
185.9968,15.493,64.544
186.0123,17.036,58.7
186.0294,16.035,62.364
186.0454,18.504,54.042
186.0639,17.285,57.854
186.0812,17.307,57.78
186.0985,17.753,56.328
186.1162,17.819,56.118
186.1341,19.026,52.56
186.1531,17.007,58.798
186.1701,17.895,55.881
186.188,18.421,54.287
186.2064,16.678,59.958
186.2231,16.437,60.838
186.2395,17.907,55.844
186.2574,18.408,54.325
186.2758,16.597,60.252
186.2924,17.405,57.453
186.3098,17.474,57.229
186.3273,18.365,54.451
186.3457,17.951,55.707
186.3636,19.096,52.368
186.3827,18.102,55.242
186.4008,18.414,54.307
186.4192,18.614,53.724
186.4379,17.511,57.106
186.4554,17.236,58.019
186.4726,16.905,59.155
186.4895,18.208,54.922
186.5077,17.735,56.385
186.5255,44.001,22.727
186.5695,17.86,55.99
186.5873,17.394,57.492
186.6047,18.93,52.825
186.6236,17.556,56.962
186.6412,16.985,58.875
186.6582,18.349,54.499
186.6765,18.609,53.738
186.6951,16.98,58.893
186.7121,16.61,60.205
186.7287,18.225,54.871
186.7469,18.021,55.491
186.765,16.584,60.298
186.7816,18.963,52.734
186.8005,18.457,54.179
186.819,16.836,59.395
186.8358,17.119,58.416
186.8529,18.884,52.955
186.8718,18.546,53.92
186.8904,17.577,56.893
186.9079,16.763,59.655
186.9247,16.419,60.906
186.9411,18.262,54.758
186.9594,17.511,57.107
186.9769,16.583,60.302
186.9935,16.786,59.573
187.0103,18.674,53.549
187.0289,16.874,59.263
187.0458,16.426,60.88
187.0622,16.696,59.896
187.0789,18.356,54.48
187.0973,17.047,58.663
187.1143,17.507,57.12
187.1318,16.911,59.132
187.1488,17.062,58.611
187.1658,18.419,54.293
187.1842,16.624,60.152
187.2009,17.718,56.441
187.2186,18.712,53.443
187.2373,17.543,57.001
187.2548,15.953,62.683
187.2708,17.254,57.958
187.288,16.992,58.851
187.305,18.197,54.953
187.3232,18.177,55.013
187.3414,18.839,53.081
187.3602,17.713,56.456
187.378,17.766,56.287
187.3957,18.678,53.538
187.4144,18.15,55.095
187.4325,19.377,51.608
187.4519,18.286,54.688
187.4702,18.996,52.644
187.4892,18.294,54.663
187.5075,17.561,56.944
187.5251,17.516,57.09
187.5426,17.705,56.48
187.5603,17.606,56.799
187.5779,16.645,60.078
187.5945,16.845,59.363
187.6114,18.607,53.745
187.63,17.641,56.686
187.6476,18.682,53.527
187.6663,17.674,56.582
187.684,17.641,56.687
187.7016,18.296,54.657
187.7199,17.72,56.434
187.7376,16.861,59.309
187.7545,17.753,56.33
187.7723,18.253,54.785
187.7905,16.534,60.483
187.807,19.043,52.513
187.8261,18.182,55.001
187.8443,17.862,55.986
187.8621,17.695,56.512
187.8798,18.604,53.753
187.8984,16.807,59.498
187.9152,19.354,51.67
187.9346,18.588,53.797
187.9532,17.766,56.286
187.9709,19.047,52.503
187.99,17.853,56.012
188.0078,18.097,55.258
188.0259,17.861,55.988
188.0438,16.384,61.036
188.0602,17.664,56.613
188.0778,16.366,61.104
188.0942,18.31,54.616
188.1125,17.957,55.687
188.1305,16.578,60.322
188.1471,17.199,58.142
188.1643,17.953,55.702
188.1822,18.378,54.412
188.2006,16.045,62.325
188.2166,18.566,53.862
188.2352,16.391,61.011
188.2516,17.769,56.279
188.2694,17.908,55.842
188.2873,18.506,54.037
188.3058,19.596,51.031
188.3254,17.698,56.502
188.3431,18.252,54.789
188.3613,18.63,53.675
188.3799,17.239,58.007
188.3972,16.9,59.173
188.4141,19.301,51.81
188.4334,17.623,56.746
188.451,16.458,60.761
188.4675,17.504,57.13
188.485,20.093,49.768
188.5051,17.234,58.025
188.5223,17.345,57.654
188.5396,17.868,55.967
188.5575,17.501,57.14
188.575,18.032,55.457
188.593,17.786,56.225
188.6108,18.529,53.969
188.6294,17.863,55.982
188.6472,17.329,57.706
188.6646,16.928,59.074
188.6815,16.569,60.353
188.698,19.25,51.948
188.7173,17.953,55.701
188.7353,18.193,54.966
188.7534,19.175,52.15
188.7726,17.259,57.94
188.7899,17.283,57.861
188.8072,19.465,51.373
188.8266,18.753,53.326
188.8454,19.419,51.496
188.8648,18.714,53.436
188.8835,18.538,53.942
188.9021,18.145,55.11
188.9202,18.098,55.254
188.9383,17.796,56.194
188.9561,18.028,55.468
188.9741,19.331,51.729
188.9935,18.541,53.933
189.012,37.472,26.686
189.0495,17.814,56.135
189.0673,16.492,60.636
189.0838,19.339,51.709
189.1031,18.578,53.827
189.1217,18.221,54.882
189.1399,18.529,53.969
189.1584,18.524,53.985
189.177,18.24,54.824
189.1952,18.89,52.939
189.2141,17.592,56.843
189.2317,19.255,51.934
189.2509,18.394,54.366
189.2693,17.45,57.305
189.2868,17.933,55.762
189.3047,18.256,54.776
189.323,18.503,54.046
189.3415,17.817,56.125
189.3593,18.312,54.61
189.3776,18.525,53.982
189.3961,17.907,55.843
189.414,17.398,57.477
189.4314,17.895,55.881
189.4493,16.474,60.703
189.4658,19.127,52.282
189.4849,18.831,53.103
189.5038,19.183,52.129
189.5229,18.73,53.389
189.5417,18.441,54.228
189.5601,17.134,58.365
189.5772,18.134,55.145
189.5954,18.521,53.992
189.6139,15.987,62.552
189.6299,18.09,55.278
189.648,19.029,52.551
189.667,17.436,57.351
189.6844,17.672,56.588
189.7021,18.343,54.515
189.7205,18.092,55.273
189.7386,18.254,54.781
189.7568,17.214,58.093
189.774,18.708,53.454
189.7927,18.235,54.84
189.811,18.098,55.253
189.8291,19.792,50.526
189.8489,38.998,25.643
189.8879,19.635,50.929
189.9075,19.136,52.257
189.9266,19.197,52.093
189.9458,19.201,52.079
189.965,19.509,51.257
189.9845,17.892,55.892
190.0024,18.033,55.454
190.0205,18.383,54.398
190.0388,17.648,56.663
190.0565,17.961,55.676
190.0744,19.372,51.622
190.0938,18.329,54.557
190.1121,17.916,55.815
190.1301,18.931,52.824
190.149,17.101,58.477
190.1661,18.487,54.091
190.1846,18.146,55.11
190.2027,19.172,52.159
190.2219,17.815,56.134
190.2397,18.98,52.686
190.2587,18.611,53.731
190.2773,18.373,54.427
190.2957,19.357,51.66
190.315,18.403,54.34
190.3334,19.302,51.808
190.3527,18.762,53.298
190.3715,16.843,59.372
190.3883,19.414,51.508
190.4078,18.445,54.214
190.4262,19.752,50.627
190.446,19.489,51.31
190.4654,16.959,58.965
190.4824,18.183,54.997
190.5006,17.243,57.996
190.5178,19.467,51.37
190.5373,18.183,54.997
190.5555,18.077,55.32
190.5736,17.833,56.075
190.5914,19.037,52.531
190.6104,18.241,54.822
190.6287,18.27,54.734
190.6469,17.843,56.045
190.6648,17.0,58.823
190.6818,18.676,53.544
190.7005,18.427,54.269
190.7189,17.679,56.564
190.7366,17.339,57.673
190.7539,18.519,53.999
190.7724,18.786,53.232
190.7912,18.334,54.544
190.8095,19.805,50.491
190.8293,17.912,55.828
190.8473,16.826,59.43
190.8641,18.555,53.895
190.8826,16.91,59.135
190.8996,19.615,50.98
190.9192,18.272,54.729
190.9374,18.948,52.777
190.9564,19.033,52.539
190.9754,17.676,56.574
190.9931,19.706,50.746
191.0128,18.717,53.427
191.0315,17.896,55.879
191.0494,18.113,55.208
191.0675,18.72,53.419
191.0862,17.443,57.331
191.1037,18.704,53.465
191.1224,18.052,55.395
191.1404,17.242,57.998
191.1577,18.616,53.716
191.1763,18.715,53.432
191.195,18.363,54.456
191.2134,19.452,51.408
191.2328,19.572,51.095
191.2524,17.853,56.014
191.2703,18.903,52.902
191.2892,18.114,55.207
191.3073,30.049,33.28
191.3373,17.316,57.751
191.3546,17.981,55.613
191.3726,18.662,53.586
191.3913,17.986,55.599
191.4093,18.004,55.544
191.4273,18.541,53.934
191.4458,17.699,56.499
191.4635,18.547,53.917
191.4821,18.295,54.659
191.5004,18.111,55.215
191.5185,17.649,56.659
191.5361,19.16,52.192
191.5553,17.993,55.578
191.5733,18.748,53.339
191.592,18.649,53.621
191.6107,18.054,55.389
191.6287,18.21,54.915
191.6469,18.937,52.807
191.6659,17.921,55.802
191.6838,18.721,53.417
191.7025,18.754,53.321
191.7213,17.467,57.252
191.7387,17.154,58.296
191.7559,16.554,60.407
191.7724,19.445,51.427
191.7919,17.127,58.386
191.809,18.598,53.769
191.8276,17.799,56.181
191.8454,19.344,51.695
191.8648,17.231,58.034
191.882,18.661,53.587
191.9006,17.299,57.808
191.9179,17.648,56.665
191.9356,17.425,57.388
191.953,17.286,57.851
191.9703,17.602,56.813
191.9879,20.247,49.389
192.0082,18.967,52.724
192.0271,19.052,52.488
192.0462,17.036,58.699
192.0632,20.093,49.769
192.0833,17.773,56.264
192.1011,18.921,52.852
192.12,16.899,59.174
192.1369,18.508,54.031
192.1554,18.764,53.293
192.1742,18.234,54.842
192.1924,16.937,59.044
192.2093,18.678,53.54
192.228,18.962,52.736
192.247,17.58,56.882
192.2646,18.074,55.329
192.2826,17.179,58.21
192.2998,19.028,52.554
192.3188,26.776,37.347
192.3456,16.392,61.005
192.362,16.979,58.895
192.379,17.952,55.704
192.3969,17.651,56.654
192.4146,18.884,52.954
192.4335,19.032,52.542
192.4525,19.288,51.847
192.4718,17.523,57.068
192.4893,17.743,56.361
192.5071,18.156,55.08
192.5252,17.721,56.429
192.5429,17.683,56.552
192.5606,17.235,58.02
192.5779,16.984,58.88
192.5948,17.237,58.015
192.6121,18.973,52.707
192.631,17.948,55.717
192.649,18.455,54.187
192.6674,17.585,56.867
192.685,18.845,53.065
192.7039,17.17,58.24
192.721,17.929,55.776
192.739,16.202,61.72
192.7552,18.628,53.683
192.7738,18.389,54.38
192.7922,18.686,53.516
192.8109,18.47,54.141
192.8294,16.898,59.18
192.8463,19.497,51.291
192.8657,16.905,59.153
192.8827,18.446,54.211
192.9011,18.531,53.964
192.9196,18.373,54.429
192.938,18.765,53.292
192.9568,16.611,60.199
192.9734,18.331,54.552
192.9917,17.776,56.256
193.0095,18.899,52.914
193.0284,15.585,64.165
193.044,17.602,56.811
193.0616,17.923,55.795
193.0795,17.321,57.734
193.0968,17.63,56.721
193.1144,18.483,54.103
193.1329,19.583,51.065
193.1525,18.68,53.533
193.1712,18.017,55.504
193.1892,18.19,54.976
193.2074,17.449,57.311
193.2248,18.544,53.926
193.2434,18.551,53.905
193.2619,16.548,60.43
193.2785,17.402,57.465
193.2959,15.906,62.869
193.3118,17.313,57.759
193.3291,18.34,54.525
193.3475,19.275,51.879
193.3667,18.562,53.874
193.3853,18.005,55.541
193.4033,18.064,55.359
193.4214,19.234,51.992
193.4406,17.097,58.491
193.4577,16.904,59.159
193.4746,17.737,56.38
193.4923,17.473,57.233
193.5098,17.347,57.646
193.5271,17.599,56.82
193.5447,17.416,57.418
193.5622,17.954,55.699
193.5801,17.531,57.041
193.5976,18.986,52.669
193.6166,17.057,58.629
193.6337,17.397,57.48
193.6511,17.564,56.935
193.6687,18.726,53.401
193.6874,18.173,55.027
193.7056,17.204,58.127
193.7228,16.927,59.076
193.7397,17.146,58.323
193.7568,17.659,56.628
193.7745,18.231,54.851
193.7927,16.621,60.165
193.8093,17.173,58.23
193.8265,17.844,56.042
193.8444,16.446,60.806
193.8608,18.728,53.396
193.8795,19.186,52.12
193.8987,16.372,61.081
193.9151,18.481,54.111
193.9336,17.91,55.834
193.9515,18.18,55.004
193.9697,19.372,51.62
193.989,18.549,53.911
194.0076,18.409,54.323
194.026,18.214,54.902
194.0442,19.015,52.589
194.0632,19.544,51.168
194.0828,16.345,61.179
194.0991,18.0,55.557
194.1171,18.335,54.542
194.1354,19.005,52.617
194.1544,17.865,55.975
194.1723,17.574,56.901
194.1899,17.851,56.019
194.2077,18.502,54.049
194.2262,17.702,56.492
194.2439,18.043,55.422
194.262,17.792,56.204
194.2798,18.191,54.974
194.298,16.638,60.104
194.3146,19.26,51.92
194.3339,18.372,54.429
194.3522,17.93,55.774
194.3702,16.7,59.881
194.3869,17.331,57.699
194.4042,17.695,56.513
194.4219,17.674,56.581
194.4396,17.45,57.307
194.457,17.237,58.015
194.4743,18.38,54.407
194.4926,19.24,51.974
194.5119,16.932,59.061
194.5288,17.794,56.198
194.5466,17.456,57.287
194.5641,16.848,59.353
194.5809,17.517,57.086
194.5984,16.826,59.431
194.6152,16.265,61.481
194.6315,18.154,55.084
194.6497,17.173,58.232
194.6668,16.96,58.963
194.6838,16.636,60.112
194.7004,18.798,53.196
194.7192,17.624,56.74
194.7369,18.523,53.988
194.7554,17.896,55.88
194.7733,17.132,58.37
194.7904,18.251,54.792
194.8087,17.395,57.488
194.8261,16.523,60.52
194.8426,19.473,51.354
194.8621,17.447,57.318
194.8795,16.197,61.739
194.8957,18.077,55.318
194.9138,17.347,57.647
194.9311,18.019,55.496
194.9491,17.417,57.414
194.9666,16.87,59.276
194.9834,17.799,56.182
195.0012,17.242,57.997
195.0185,18.208,54.922
195.0367,17.673,56.584
195.0543,17.385,57.52
195.0717,16.25,61.537
195.088,18.288,54.679
195.1063,17.687,56.54
195.124,16.765,59.647
195.1407,18.372,54.429
195.1591,14.82,67.475
195.1739,16.882,59.234
195.1908,18.679,53.535
195.2095,19.26,51.92
195.2287,17.302,57.796
195.246,18.3,54.645
195.2643,18.492,54.078
195.2828,18.064,55.36
195.3009,16.947,59.008
195.3178,17.435,57.355
195.3353,18.947,52.78
195.3542,18.197,54.953
195.3724,16.731,59.77
195.3892,16.899,59.177
195.4061,17.378,57.543
195.4234,18.385,54.393
195.4418,16.933,59.056
195.4587,16.34,61.198
195.4751,17.145,58.326
195.4922,17.072,58.576
195.5093,18.211,54.911
195.5275,18.93,52.826
195.5464,17.12,58.41
195.5636,17.46,57.274
195.581,17.332,57.697
195.5984,17.863,55.98
195.6162,17.994,55.573
195.6342,17.055,58.632
195.6513,17.494,57.161
195.6688,18.068,55.345
195.6868,15.161,65.959
195.702,16.978,58.899
195.719,18.553,53.899
195.7375,18.97,52.713
195.7565,17.198,58.145
195.7737,19.153,52.212
195.7928,18.469,54.146
195.8113,19.751,50.631
195.8311,17.995,55.572
195.8491,19.511,51.254
195.8686,16.697,59.889
195.8853,16.941,59.027
195.9022,18.325,54.572
195.9205,15.679,63.782
195.9362,17.9,55.865
195.9541,16.936,59.046
195.9711,17.053,58.64
195.9881,18.477,54.12
196.0066,18.157,55.074
196.0247,16.862,59.303
196.0416,37.121,26.939
196.0787,16.812,59.48
196.0955,19.508,51.262
196.115,16.993,58.847
196.132,49.399,20.243
196.1814,17.481,57.204
196.1989,17.514,57.098
196.2164,17.295,57.821
196.2337,17.091,58.511
196.2508,18.232,54.847
196.269,18.153,55.088
196.2872,18.369,54.44
196.3056,16.378,61.058
196.3219,17.067,58.591
196.339,17.846,56.033
196.3569,17.428,57.377
196.3743,16.169,61.847
196.3905,18.602,53.757
196.4091,18.519,54.0
196.4276,17.209,58.109
196.4448,15.885,62.953
196.4607,18.235,54.841
196.4789,17.156,58.289
196.4961,15.995,62.518
196.5121,33.729,29.648
196.5458,17.711,56.463
196.5635,17.722,56.427
196.5812,16.711,59.842
196.5979,18.948,52.776
196.6169,16.783,59.585
196.6337,17.837,56.065
196.6515,16.221,61.648
196.6677,18.287,54.682
196.686,18.314,54.602
196.7043,17.223,58.061
196.7215,17.016,58.767
196.7386,16.741,59.733
196.7553,17.052,58.646
196.7724,17.469,57.243
196.7898,16.901,59.168
196.8067,17.438,57.346
196.8242,16.466,60.732
196.8406,17.402,57.465
196.858,16.928,59.075
196.875,16.394,60.997
196.8914,16.807,59.499
196.9082,18.092,55.273
196.9263,17.526,57.059
196.9438,18.002,55.548
196.9618,18.328,54.56
196.9801,17.373,57.561
196.9975,17.778,56.251
197.0153,15.524,64.418
197.0308,16.684,59.939
197.0475,17.907,55.843
197.0654,17.786,56.223
197.0832,16.925,59.084
197.1001,16.869,59.282
197.117,17.139,58.345
197.1341,18.452,54.195
197.1525,17.894,55.886
197.1704,18.059,55.374
197.1885,16.807,59.499
197.2053,16.351,61.16
197.2217,16.951,58.992
197.2386,17.727,56.412
197.2563,16.846,59.361
197.2732,17.648,56.664
197.2908,16.165,61.862
197.307,18.041,55.429
197.325,16.74,59.736
197.3418,27.927,35.807
197.3697,15.326,65.25
197.385,16.769,59.635
197.4018,17.395,57.489
197.4192,17.54,57.013
197.4367,16.669,59.991
197.4534,15.424,64.832
197.4688,18.885,52.953
197.4877,17.309,57.772
197.505,17.176,58.222
197.5222,17.305,57.785
197.5395,17.262,57.932
197.5568,16.08,62.187
197.5728,18.575,53.837
197.5914,17.236,58.017
197.6086,16.258,61.509
197.6249,17.252,57.964
197.6422,17.883,55.92
197.66,16.753,59.693
197.6768,17.182,58.2
197.694,17.205,58.121
197.7112,16.088,62.157
197.7273,18.422,54.283
197.7457,18.271,54.732
197.764,16.377,61.062
197.7803,17.966,55.662
197.7983,17.111,58.442
197.8154,16.907,59.148
197.8323,16.324,61.258
197.8486,17.978,55.624
197.8666,17.23,58.037
197.8839,15.668,63.826
197.8995,15.545,64.331
197.9151,17.907,55.843
197.933,15.652,63.889
197.9486,17.767,56.285
197.9664,17.11,58.445
197.9835,17.511,57.106
198.001,16.876,59.257
198.0179,16.318,61.28
198.0342,17.813,56.137
198.052,19.246,51.959
198.0713,15.989,62.543
198.0873,16.02,62.422
198.1033,17.728,56.409
198.121,17.634,56.707
198.1386,16.852,59.338
198.1555,17.385,57.522
198.1729,17.437,57.348
198.1903,17.103,58.469
198.2074,17.176,58.221
198.2246,19.054,52.482
198.2436,17.473,57.232
198.2611,17.432,57.365
198.2786,18.432,54.253
198.297,19.359,51.654
198.3163,16.7,59.882
198.333,18.067,55.351
198.3511,17.109,58.449
198.3682,17.134,58.364
198.3854,16.88,59.242
198.4022,16.496,60.619
198.4187,16.893,59.197
198.4356,17.529,57.048
198.4532,17.676,56.575
198.4708,17.042,58.679
198.4879,16.479,60.684
198.5043,17.888,55.903
198.5222,18.682,53.526
198.5409,17.041,58.684
198.558,17.709,56.469
198.5757,15.817,63.222
198.5915,18.013,55.514
198.6095,18.347,54.506
198.6278,16.778,59.603
198.6446,16.393,61.002
198.661,16.187,61.777
198.6772,17.165,58.257
198.6944,16.858,59.318
198.7112,17.227,58.05
198.7285,19.15,52.218
198.7476,16.034,62.368
198.7636,18.082,55.304
198.7817,17.88,55.927
198.7996,17.639,56.692
198.8172,16.005,62.482
198.8332,18.673,53.552
198.8519,17.013,58.779
198.8689,18.534,53.954
198.8875,17.759,56.309
198.9052,18.409,54.321
198.9236,18.112,55.211
198.9417,17.686,56.543
198.9594,14.425,69.325
198.9739,16.479,60.683
198.9903,17.77,56.275
199.0081,17.557,56.956
199.0257,17.104,58.467
199.0428,17.889,55.901
199.0607,18.285,54.691
199.0789,17.279,57.872
199.0962,45.945,21.765
199.1422,17.313,57.759
199.1595,17.121,58.408
199.1766,18.116,55.199
199.1947,16.286,61.404
199.211,17.288,57.845
199.2283,16.243,61.566
199.2445,18.018,55.5
199.2625,17.806,56.161
199.2804,15.686,63.751
199.296,17.616,56.765
199.3137,18.171,55.032
199.3318,17.239,58.009
199.3491,17.746,56.351
199.3668,17.028,58.727
199.3838,18.531,53.962
199.4024,16.801,59.519
199.4192,16.087,62.164
199.4353,16.814,59.475
199.4521,17.397,57.482
199.4695,17.322,57.729
199.4868,17.414,57.424
199.5042,17.873,55.951
199.5221,17.132,58.371
199.5392,17.033,58.71
199.5562,18.374,54.426
199.5746,17.925,55.787
199.5925,18.114,55.205
199.6107,18.528,53.972
199.6292,16.362,61.117
199.6455,17.165,58.259
199.6627,18.043,55.423
199.6808,16.001,62.496
199.6968,14.699,68.03
199.7115,17.439,57.342
199.7289,17.969,55.652
199.7469,16.157,61.892
199.763,15.105,66.201
199.7781,18.084,55.297
199.7962,15.954,62.681
199.8122,17.667,56.604
199.8298,17.96,55.68
199.8478,16.584,60.298
199.8644,17.712,56.458
199.8821,18.7,53.475
199.9008,17.063,58.605
199.9179,16.083,62.179
199.9339,18.346,54.508
199.9523,17.046,58.666
199.9693,17.055,58.633
199.9864,18.35,54.497
200.0047,17.504,57.129
200.0222,17.231,58.035
200.0395,17.071,58.578
200.0565,16.036,62.359
200.0726,18.312,54.608
200.0909,17.204,58.125
200.1081,18.649,53.621
200.1267,17.562,56.94
200.1443,19.693,50.779
200.164,19.29,51.841
200.1833,18.227,54.865
200.2015,16.604,60.226
200.2181,16.489,60.646
200.2346,17.861,55.989
200.2525,17.302,57.797
200.2698,17.204,58.127
200.287,18.694,53.493
200.3057,16.69,59.915
200.3224,18.361,54.463
200.3407,15.669,63.819
200.3564,15.714,63.638
200.3721,16.838,59.389
200.3889,16.649,60.063
200.4056,16.657,60.035
200.4222,16.668,59.997
200.4389,15.323,65.262
200.4542,17.58,56.883
200.4718,16.996,58.836
200.4888,18.142,55.12
200.507,19.412,51.514
200.5264,18.045,55.416
200.5444,18.223,54.876
200.5626,16.678,59.96
200.5793,16.537,60.47
200.5958,18.328,54.561
200.6142,17.959,55.681
200.6321,16.493,60.63
200.6486,18.829,53.108
200.6675,17.508,57.116
200.685,17.396,57.485
200.7024,15.397,64.95
200.7178,17.724,56.422
200.7355,18.249,54.797
200.7537,17.571,56.912
200.7713,18.05,55.4
200.7894,18.198,54.951
200.8076,18.634,53.664
200.8262,19.778,50.561
200.846,17.358,57.612
200.8633,17.484,57.194
200.8808,18.221,54.882
200.899,16.337,61.211
200.9154,18.289,54.678
200.9337,18.852,53.044
200.9525,16.002,62.494
200.9685,16.526,60.512
200.985,18.113,55.21
201.0031,16.88,59.24
201.02,18.689,53.508
201.0387,17.262,57.932
201.056,18.374,54.425
201.0743,16.352,61.153
201.0907,17.908,55.84
201.1086,17.545,56.996
201.1262,18.45,54.201
201.1446,19.525,51.218
201.1641,18.848,53.057
201.183,16.737,59.746
201.1997,17.161,58.272
201.2169,18.063,55.361
201.2349,19.513,51.247
201.2545,17.572,56.908
201.272,16.567,60.362
201.2886,17.196,58.152
201.3058,18.03,55.463
201.3238,16.825,59.434
201.3406,18.604,53.752
201.3592,17.239,58.007
201.3765,15.911,62.851
201.3924,18.563,53.872
201.411,17.02,58.753
201.428,17.922,55.796
201.4459,16.594,60.263
201.4625,17.212,58.098
201.4797,19.842,50.399
201.4995,16.763,59.655
201.5163,18.375,54.42
201.5347,18.06,55.37
201.5527,19.323,51.751
201.5721,17.64,56.691
201.5897,18.492,54.078
201.6082,17.491,57.173
201.6257,19.084,52.399
201.6448,17.94,55.742
201.6627,16.384,61.037
201.6791,20.334,49.178
201.6994,18.938,52.804
201.7184,16.732,59.767
201.7351,16.592,60.27
201.7517,17.135,58.359
201.7688,17.916,55.816
201.7867,18.169,55.038
201.8049,18.253,54.784
201.8232,18.533,53.959
201.8417,18.882,52.96
201.8606,18.744,53.35
201.8793,19.001,52.628
201.8983,17.521,57.075
201.9159,17.753,56.33
201.9336,18.348,54.501
201.952,18.318,54.59
201.9703,17.367,57.58
201.9876,19.026,52.56
202.0067,19.317,51.767
202.026,16.277,61.435
202.0423,18.593,53.783
202.0609,18.683,53.525
202.0795,18.698,53.482
202.0982,17.654,56.645
202.1159,18.477,54.121
202.1344,19.556,51.135
202.1539,18.159,55.069
202.1721,18.672,53.557
202.1908,17.665,56.61
202.2084,18.399,54.35
202.2268,18.755,53.32
202.2456,18.172,55.031
202.2637,18.988,52.665
202.2827,18.557,53.887
202.3013,19.389,51.576
202.3207,18.527,53.976
202.3392,17.556,56.962
202.3568,17.483,57.2
202.3742,17.629,56.726
202.3919,17.105,58.461
202.409,16.967,58.94
202.4259,18.206,54.926
202.4441,17.38,57.538
202.4615,17.351,57.635
202.4789,17.325,57.72
202.4962,18.52,53.996
202.5147,17.22,58.071
202.5319,17.534,57.031
202.5495,17.795,56.197
202.5673,18.257,54.774
202.5855,17.659,56.629
202.6032,17.917,55.813
202.6211,17.419,57.408
202.6385,19.146,52.231
202.6577,17.185,58.192
202.6749,17.753,56.327
202.6926,18.274,54.724
202.7109,19.176,52.148
202.7301,17.621,56.751
202.7477,18.856,53.034
202.7665,18.189,54.977
202.7847,17.556,56.962
202.8023,19.575,51.086
202.8219,18.928,52.831
202.8408,18.673,53.552
202.8595,16.635,60.114
202.8761,16.894,59.193
202.893,18.457,54.18
202.9114,18.678,53.539
202.9301,19.657,50.872
202.9498,19.389,51.576
202.9692,18.815,53.149
202.988,18.814,53.152
203.0068,19.32,51.761
203.0261,19.434,51.457
203.0455,20.149,49.629
203.0657,17.61,56.785
203.0833,19.057,52.473
203.1024,18.588,53.798
203.121,17.987,55.597
203.1389,18.493,54.074
203.1574,19.896,50.261
203.1773,17.014,58.777
203.1943,18.737,53.371
203.2131,18.891,52.934
203.232,16.858,59.318
203.2488,17.748,56.345
203.2666,18.88,52.967
203.2855,18.639,53.652
203.3041,17.676,56.573
203.3218,18.551,53.907
203.3403,19.516,51.241
203.3598,19.063,52.457
203.3789,19.867,50.334
203.3988,18.676,53.544
203.4174,17.572,56.908
203.435,17.325,57.721
203.4523,19.288,51.845
203.4716,18.431,54.256
203.4901,18.999,52.634
203.5091,18.248,54.8
203.5273,18.534,53.955
203.5458,17.628,56.728
203.5635,18.347,54.504
203.5818,19.047,52.5
203.6009,17.275,57.887
203.6181,18.906,52.894
203.637,17.671,56.589
203.6547,21.308,46.931
203.676,19.359,51.656
203.6954,19.58,51.074
203.715,19.594,51.036
203.7346,19.619,50.971
203.7542,18.875,52.979
203.7731,18.398,54.355
203.7914,18.995,52.645
203.8104,18.129,55.159
203.8286,18.588,53.799
203.8472,18.456,54.182
203.8656,18.618,53.712
203.8842,18.594,53.781
203.9028,18.989,52.661
203.9218,20.646,48.436
203.9425,16.918,59.107
203.9594,16.806,59.502
203.9762,18.776,53.259
203.995,18.308,54.621
204.0133,18.547,53.918
204.0318,19.4,51.547
204.0512,19.499,51.285
204.0707,18.938,52.804
204.0897,19.38,51.599
204.109,18.88,52.967
204.1279,18.62,53.705
204.1465,16.588,60.285
204.1631,17.454,57.293
204.1806,18.827,53.116
204.1994,18.874,52.984
204.2183,17.977,55.628
204.2363,19.029,52.55
204.2553,18.171,55.033
204.2735,19.607,51.002
204.2931,17.962,55.674
204.311,18.682,53.527
204.3297,20.611,48.517
204.3503,17.967,55.657
204.3683,20.33,49.187
204.3886,17.7,56.496
204.4063,20.398,49.024
204.4267,18.389,54.379
204.4451,19.173,52.157
204.4643,17.894,55.886
204.4822,18.892,52.932
204.5011,18.935,52.811
204.52,18.167,55.045
204.5382,18.148,55.103
204.5563,19.503,51.275
204.5758,17.396,57.484
204.5932,18.081,55.307
204.6113,19.325,51.746
204.6306,18.713,53.439
204.6493,17.093,58.505
204.6664,21.514,46.482
204.6879,20.396,49.028
204.7083,18.261,54.76
204.7266,18.954,52.759
204.7455,18.579,53.823
204.7641,19.614,50.983
204.7837,19.352,51.673
204.8031,19.726,50.694
204.8228,18.281,54.701
204.8411,18.835,53.093
204.8599,18.302,54.639
204.8782,19.01,52.604
204.8972,19.615,50.981
204.9169,20.148,49.632
204.937,38.007,26.311
204.975,19.282,51.861
204.9943,19.277,51.876
205.0136,20.641,48.446
205.0342,18.224,54.873
205.0524,19.831,50.425
205.0723,18.237,54.834
205.0905,19.495,51.295
205.11,19.471,51.359
205.1295,16.961,58.958
205.1464,18.585,53.808
205.165,18.837,53.086
205.1839,18.977,52.695
205.2028,21.452,46.616
205.2243,19.971,50.072
205.2443,18.367,54.447
205.2626,18.78,53.249
205.2814,19.376,51.61
205.3008,19.47,51.361
205.3203,18.071,55.338
205.3383,19.967,50.082
205.3583,17.651,56.654
205.3759,19.625,50.956
205.3956,20.33,49.188
205.4159,18.73,53.391
205.4346,19.014,52.592
205.4536,18.538,53.942
205.4722,18.725,53.406
205.4909,21.511,46.488
205.5124,19.676,50.824
205.5321,18.588,53.798
205.5507,18.404,54.335
205.5691,21.118,47.353
205.5902,21.344,46.851
205.6115,18.572,53.846
205.6301,19.577,51.081
205.6497,19.606,51.005
205.6693,17.984,55.604
205.6873,18.066,55.354
205.7054,17.354,57.625
205.7227,19.682,50.808
205.7424,17.871,55.956
205.7603,20.172,49.573
205.7804,18.354,54.485
205.7988,19.087,52.392
205.8179,19.77,50.582
205.8376,19.78,50.556
205.8574,17.523,57.069
205.8749,17.979,55.619
205.8929,19.35,51.681
205.9123,20.208,49.485
205.9325,20.182,49.549
205.9527,20.458,48.879
205.9731,21.129,47.329
205.9942,19.537,51.186
206.0138,19.993,50.019
206.0338,20.95,47.733
206.0547,19.776,50.567
206.0745,20.177,49.562
206.0947,20.182,49.548
206.1149,20.152,49.622
206.135,18.356,54.478
206.1534,19.554,51.14
206.1729,19.519,51.231
206.1924,20.515,48.744
206.213,19.216,52.04
206.2322,18.727,53.399
206.2509,18.213,54.905
206.2691,19.17,52.166
206.2883,20.096,49.76
206.3084,19.918,50.206
206.3283,19.729,50.686
206.348,18.988,52.665
206.367,20.197,49.513
206.3872,20.203,49.498
206.4074,18.101,55.246
206.4255,20.363,49.108
206.4459,18.697,53.483
206.4646,19.545,51.165
206.4841,18.978,52.692
206.5031,19.288,51.847
206.5224,19.572,51.092
206.542,21.244,47.073
206.5632,20.806,48.063
206.584,19.217,52.036
206.6032,20.662,48.397
206.6239,20.415,48.985
206.6443,19.654,50.88
206.664,18.873,52.985
206.6828,20.64,48.45
206.7035,20.542,48.68
206.724,20.751,48.191
206.7448,20.694,48.323
206.7655,19.157,52.201
206.7846,19.124,52.289
206.8037,21.204,47.161
206.8249,20.187,49.536
206.8451,20.425,48.96
206.8656,20.312,49.232
206.8859,20.485,48.815
206.9064,19.487,51.317
206.9258,21.116,47.356
206.947,19.855,50.366
206.9668,54.661,18.295
207.0215,20.276,49.319
207.0417,20.019,49.953
207.0618,18.996,52.643
207.0808,48.785,20.498
207.1295,19.811,50.478
207.1494,20.733,48.232
207.1701,20.061,49.847
207.1902,19.576,51.083
207.2097,20.807,48.061
207.2305,45.838,21.816
207.2764,20.048,49.881
207.2964,19.08,52.41
207.3155,18.668,53.568
207.3342,19.337,51.714
207.3535,19.638,50.922
207.3731,20.755,48.182
207.3939,19.044,52.509
207.4129,21.125,47.338
207.4341,19.176,52.149
207.4532,19.368,51.631
207.4726,18.954,52.76
207.4916,21.668,46.15
207.5132,20.542,48.682
207.5338,21.667,46.153
207.5554,20.532,48.706
207.576,19.072,52.432
207.595,19.263,51.914
207.6143,19.965,50.088
207.6343,19.312,51.78
207.6536,21.054,47.498
207.6746,18.396,54.36
207.693,20.912,47.819
207.714,20.672,48.374
207.7346,20.49,48.804
207.7551,20.517,48.741
207.7756,20.322,49.208
207.796,21.063,47.477
207.817,39.379,25.394
207.8564,18.867,53.003
207.8753,21.067,47.467
207.8963,19.99,50.024
207.9163,19.183,52.13
207.9355,19.25,51.947
207.9548,21.505,46.5
207.9763,19.817,50.461
207.9961,19.826,50.439
208.0159,20.96,47.709
208.0369,20.624,48.487
208.0575,19.786,50.541
208.0773,20.626,48.482
208.0979,17.867,55.969
208.1158,20.008,49.98
208.1358,18.94,52.798
208.1547,20.258,49.363
208.175,20.096,49.762
208.1951,20.985,47.654
208.2161,19.471,51.358
208.2355,21.487,46.539
208.257,19.109,52.332
208.2761,20.517,48.741
208.2966,18.836,53.089
208.3155,19.697,50.77
208.3352,20.032,49.921
208.3552,20.18,49.553
208.3754,22.392,44.659
208.3978,18.648,53.624
208.4164,19.869,50.33
208.4363,19.541,51.176
208.4558,19.703,50.755
208.4755,21.017,47.58
208.4965,20.383,49.06
208.5169,20.245,49.394
208.5372,19.415,51.507
208.5566,20.446,48.91
208.577,19.149,52.222
208.5962,20.749,48.196
208.6169,19.835,50.415
208.6368,19.503,51.273
208.6563,18.807,53.17
208.6751,20.482,48.823
208.6956,20.92,47.801
208.7165,20.834,47.998
208.7373,21.132,47.321
208.7585,20.347,49.147
208.7788,21.435,46.653
208.8002,19.07,52.439
208.8193,20.208,49.486
208.8395,19.275,51.88
208.8588,19.188,52.116
208.878,19.464,51.378
208.8974,20.131,49.674
208.9176,18.862,53.015
208.9364,18.937,52.807
208.9554,19.757,50.615
208.9751,21.507,46.497
208.9966,19.958,50.105
209.0166,19.029,52.552
209.0356,20.213,49.472
209.0558,21.272,47.01
209.0771,21.24,47.082
209.0983,19.173,52.155
209.1175,20.317,49.22
209.1378,20.434,48.939
209.1583,20.063,49.843
209.1783,17.848,56.03
209.1962,19.597,51.029
209.2158,20.495,48.792
209.2363,18.492,54.077
209.2548,18.827,53.115
209.2736,20.582,48.587
209.2942,19.818,50.459
209.314,20.275,49.323
209.3343,18.369,54.44
209.3526,21.787,45.899
209.3744,18.336,54.537
209.3928,19.921,50.199
209.4127,20.861,47.935
209.4335,19.839,50.405
209.4534,18.98,52.687
209.4724,19.4,51.548
209.4918,20.043,49.893
209.5118,18.984,52.675
209.5308,17.897,55.875
209.5487,19.402,51.542
209.5681,19.301,51.812
209.5874,19.655,50.878
209.607,19.155,52.207
209.6262,21.017,47.581
209.6472,20.03,49.925
209.6672,19.732,50.68
209.687,18.076,55.323
209.705,21.209,47.151
209.7263,20.948,47.736
209.7472,19.817,50.461
209.767,19.709,50.737
209.7867,20.167,49.585
209.8069,19.562,51.119
209.8265,18.217,54.894
209.8447,20.036,49.91
209.8647,20.148,49.634
209.8849,21.224,47.116
209.9061,19.786,50.542
209.9259,20.87,47.916
209.9467,19.968,50.08
209.9667,19.096,52.368
209.9858,18.184,54.993
210.004,18.812,53.157
210.0228,19.453,51.405
210.0423,20.013,49.968
210.0623,20.073,49.817
210.0823,19.854,50.367
210.1022,20.757,48.177
210.1229,20.171,49.575
210.1431,19.973,50.067
210.1631,21.64,46.211
210.1847,21.065,47.471
210.2058,20.063,49.843
210.2259,20.399,49.023
210.2463,20.349,49.143
210.2666,19.253,51.941
210.2859,20.748,48.198
210.3066,19.956,50.111
210.3266,20.202,49.501
210.3468,20.144,49.642
210.3669,21.309,46.928
210.3882,19.54,51.177
210.4078,20.421,48.968
210.4282,20.985,47.652
210.4492,19.284,51.857
210.4685,21.644,46.201
210.4901,19.707,50.743
210.5098,20.198,49.511
210.53,19.721,50.709
210.5497,18.355,54.482
210.5681,20.305,49.249
210.5884,19.669,50.841
210.6081,19.755,50.619
210.6278,19.898,50.257
210.6477,20.451,48.898
210.6682,19.983,50.042
210.6881,20.386,49.052
210.7085,20.178,49.558
210.7287,21.045,47.517
210.7497,20.839,47.988
210.7706,20.916,47.81
210.7915,20.013,49.967
210.8115,20.65,48.427
210.8322,18.961,52.739
210.8511,19.922,50.195
210.871,21.291,46.968
210.8923,19.346,51.69
210.9117,21.505,46.501
210.9332,21.185,47.202
210.9544,18.376,54.419
210.9728,20.663,48.395
210.9934,19.772,50.575
211.0132,19.601,51.017
211.0328,20.769,48.148
211.0536,19.586,51.056
211.0731,20.039,49.904
211.0932,20.294,49.276
211.1135,18.657,53.598
211.1321,19.566,51.11
211.1517,40.273,24.831
211.192,21.219,47.127
211.2132,19.171,52.161
211.2324,20.192,49.524
211.2526,20.661,48.4
211.2732,20.495,48.793
211.2937,17.912,55.827
211.3116,19.418,51.498
211.331,19.003,52.624
211.35,19.369,51.628
211.3694,20.125,49.69
211.3895,19.242,51.969
211.4088,20.122,49.697
211.4289,20.003,49.993
211.4489,20.233,49.425
211.4691,20.696,48.318
211.4898,19.56,51.125
211.5094,18.586,53.803
211.528,19.108,52.335
211.5471,19.864,50.343
211.567,20.149,49.63
211.5871,19.84,50.404
211.6069,18.979,52.691
211.6259,19.454,51.404
211.6454,18.589,53.795
211.664,18.834,53.094
211.6828,19.447,51.423
211.7022,19.568,51.104
211.7218,19.133,52.265
211.7409,20.533,48.702
211.7615,19.531,51.2
211.781,18.395,54.363
211.7994,53.635,18.644
211.853,20.272,49.329
211.8733,19.283,51.858
211.8926,20.481,48.826
211.9131,18.691,53.502
211.9318,19.255,51.934
211.951,20.85,47.962
211.9719,19.068,52.443
211.9909,19.14,52.248
212.0101,20.526,48.718
212.0306,19.841,50.402
212.0504,19.707,50.744
212.0702,17.978,55.624
212.0881,19.083,52.404
212.1072,20.894,47.86
212.1281,19.294,51.83
212.1474,19.008,52.608
212.1664,20.722,48.258
212.1871,19.828,50.433
212.207,19.614,50.983
212.2266,20.351,49.138
212.2469,19.038,52.526
212.266,19.881,50.299
212.2858,21.403,46.723
212.3072,20.261,49.356
212.3275,17.984,55.606
212.3455,44.917,22.264
212.3904,19.277,51.874
212.4097,21.348,46.842
212.431,19.821,50.452
212.4509,19.291,51.838
212.4701,18.987,52.667
212.4891,21.039,47.532
212.5102,21.376,46.782
212.5315,20.815,48.043
212.5524,19.496,51.292
212.5719,18.021,55.492
212.5899,20.548,48.666
212.6104,19.994,50.015
212.6304,19.968,50.08
212.6504,20.238,49.412
212.6706,19.711,50.733
212.6903,20.734,48.229
212.7111,18.839,53.08
212.7299,20.892,47.866
212.7508,18.63,53.677
212.7694,20.48,48.829
212.7899,18.327,54.563
212.8082,20.474,48.843
212.8287,19.061,52.463
212.8478,19.522,51.223
212.8673,20.052,49.871
212.8873,19.838,50.408
212.9072,20.153,49.62
212.9273,19.097,52.363
212.9464,19.76,50.608
212.9662,18.617,53.714
212.9848,18.829,53.11
213.0036,19.017,52.585
213.0227,18.774,53.266
213.0414,18.333,54.548
213.0598,20.376,49.077
213.0801,20.097,49.758
213.1002,19.574,51.087
213.1198,18.865,53.009
213.1387,19.572,51.093
213.1583,19.538,51.183
213.1778,20.864,47.93
213.1987,19.248,51.954
213.2179,19.967,50.082
213.2379,18.466,54.153
213.2563,18.695,53.49
213.275,21.174,47.227
213.2962,19.596,51.032
213.3158,18.7,53.477
213.3345,18.61,53.734
213.3531,19.74,50.66
213.3728,19.206,52.066
213.3921,19.852,50.372
213.4119,18.805,53.178
213.4307,18.573,53.843
213.4493,19.434,51.456
213.4687,18.698,53.482
213.4874,19.172,52.16
213.5066,18.886,52.95
213.5255,18.882,52.961
213.5444,19.716,50.72
213.5641,18.365,54.452
213.5824,18.286,54.687
213.6007,19.801,50.501
213.6205,18.961,52.739
213.6395,20.667,48.386
213.6602,18.686,53.516
213.6788,19.016,52.588
213.6979,18.474,54.131
213.7163,19.853,50.371
213.7362,19.651,50.888
213.7558,18.043,55.423
213.7739,20.28,49.309
213.7942,19.223,52.021
213.8134,19.657,50.872
213.833,19.833,50.421
213.8529,18.833,53.097
213.8717,19.443,51.433
213.8911,20.521,48.73
213.9117,21.171,47.235
213.9328,19.644,50.906
213.9525,18.711,53.443
213.9712,19.197,52.091
213.9904,18.827,53.116
214.0092,19.44,51.441
214.0287,17.966,55.662
214.0466,19.973,50.068
214.0666,18.559,53.883
214.0852,18.162,55.059
214.1033,18.272,54.728
214.1216,20.023,49.942
214.1416,20.056,49.861
214.1617,20.695,48.321
214.1824,19.568,51.104
214.2019,19.474,51.352
214.2214,19.627,50.95
214.241,18.937,52.808
214.26,20.766,48.157
214.2807,17.999,55.56
214.2987,20.379,49.07
214.3191,19.729,50.687
214.3388,20.61,48.52
214.3594,19.166,52.175
214.3786,19.809,50.483
214.3984,19.445,51.426
214.4179,20.942,47.75
214.4388,18.322,54.579
214.4571,19.765,50.595
214.4769,19.641,50.914
214.4965,19.536,51.188
214.5161,20.112,49.721
214.5362,19.164,52.182
214.5554,19.874,50.317
214.5752,18.959,52.746
214.5942,19.61,50.995
214.6138,18.871,52.993
214.6327,18.978,52.692
214.6516,19.897,50.259
214.6715,20.111,49.724
214.6916,19.413,51.511
214.7111,19.707,50.744
214.7308,20.962,47.705
214.7517,19.244,51.964
214.771,18.523,53.988
214.7895,19.143,52.238
214.8086,20.382,49.063
214.829,19.424,51.484
214.8484,19.326,51.743
214.8678,20.434,48.938
214.8882,21.185,47.202
214.9094,17.888,55.904
214.9273,19.74,50.658
214.947,18.21,54.916
214.9652,19.795,50.517
214.985,20.245,49.396
215.0053,19.167,52.174
215.0244,19.427,51.476
215.0439,18.349,54.499
215.0622,17.774,56.261
215.08,20.318,49.217
215.1003,18.496,54.067
215.1188,37.59,26.603
215.1564,17.969,55.653
215.1744,20.675,48.367
215.195,19.849,50.38
215.2149,19.922,50.196
215.2348,18.531,53.963
215.2533,19.918,50.205
215.2733,21.609,46.276
215.2949,18.699,53.479
215.3136,18.311,54.613
215.3319,17.885,55.911
215.3498,20.272,49.33
215.37,19.104,52.344
215.3891,18.846,53.063
215.408,19.002,52.626
215.427,18.519,53.998
215.4455,18.506,54.036
215.464,18.86,53.022
215.4829,18.847,53.059
215.5017,20.299,49.264
215.522,18.14,55.125
215.5402,17.205,58.122
215.5574,17.412,57.433
215.5748,19.749,50.634
215.5945,19.546,51.162
215.6141,19.229,52.004
215.6333,19.697,50.77
215.653,48.663,20.549
215.7017,18.649,53.622
215.7203,18.483,54.104
215.7388,18.834,53.096
215.7576,19.043,52.512
215.7767,17.65,56.657
215.7943,18.329,54.558
215.8126,19.57,51.099
215.8322,20.112,49.721
215.8523,16.988,58.864
215.8693,19.743,50.652
215.8891,18.386,54.39
215.9074,20.31,49.236
215.9278,20.711,48.283
215.9485,18.521,53.993
215.967,18.661,53.588
215.9856,19.666,50.849
216.0053,18.961,52.739
216.0243,18.663,53.582
216.0429,19.143,52.239
216.0621,19.699,50.764
216.0818,56.445,17.716
216.1382,19.65,50.892
216.1579,20.69,48.332
216.1786,18.34,54.527
216.1969,20.137,49.66
216.217,18.903,52.9
216.2359,18.555,53.893
216.2545,19.292,51.836
216.2738,19.41,51.52
216.2932,19.278,51.873
216.3125,18.396,54.36
216.3309,18.618,53.711
216.3495,20.686,48.342
216.3702,19.874,50.318
216.3901,19.371,51.622
216.4094,20.113,49.718
216.4295,19.631,50.94
216.4492,20.335,49.176
216.4695,18.524,53.985
216.488,20.997,47.626
216.509,18.371,54.434
216.5274,20.015,49.963
216.5474,19.004,52.622
216.5664,18.723,53.41
216.5851,20.367,49.099
216.6055,20.243,49.401
216.6257,19.308,51.791
216.6451,54.39,18.386
216.6994,18.593,53.784
216.718,19.673,50.83
216.7377,19.285,51.853
216.757,19.627,50.951
216.7766,32.212,31.044
216.8088,19.995,50.014
216.8288,20.27,49.333
216.8491,18.416,54.302
216.8675,18.58,53.821
216.8861,18.535,53.951
216.9046,19.781,50.553
216.9244,19.858,50.357
216.9443,19.755,50.619
216.964,19.959,50.102
216.984,18.54,53.937
217.0025,20.673,48.372
217.0232,19.13,52.274
217.0423,20.35,49.14
217.0627,20.72,48.263
217.0834,17.446,57.319
217.1008,19.717,50.719
217.1206,20.858,47.942
217.1414,20.112,49.722
217.1615,18.594,53.78
217.1801,17.936,55.755
217.1981,19.502,51.278
217.2176,19.574,51.087
217.2371,19.634,50.932
217.2568,19.133,52.266
217.2759,21.208,47.153
217.2971,20.144,49.643
217.3173,19.091,52.381
217.3363,20.315,49.225
217.3567,20.601,48.542
217.3773,20.307,49.243
217.3976,19.222,52.023
217.4168,20.09,49.776
217.4369,19.354,51.669
217.4562,17.934,55.761
217.4742,19.24,51.976
217.4934,20.387,49.051
217.5138,20.924,47.793
217.5347,18.009,55.528
217.5527,20.066,49.835
217.5728,21.0,47.619
217.5938,19.914,50.215
217.6137,19.423,51.486
217.6331,19.674,50.83
217.6528,19.7,50.762
217.6725,19.36,51.653
217.6919,20.489,48.808
217.7124,18.979,52.689
217.7313,20.304,49.251
217.7516,19.879,50.305
217.7715,21.195,47.182
217.7927,21.32,46.903
217.814,20.329,49.19
217.8344,20.577,48.598
217.8549,19.991,50.022
217.8749,20.055,49.864
217.895,20.672,48.375
217.9157,20.508,48.761
217.9362,19.516,51.241
217.9557,19.953,50.118
217.9756,18.679,53.537
217.9943,19.795,50.517
218.0141,19.472,51.355
218.0336,20.322,49.208
218.0539,20.823,48.024
218.0747,20.831,48.006
218.0956,20.554,48.651
218.1161,19.05,52.493
218.1352,19.881,50.299
218.155,19.815,50.468
218.1749,20.982,47.659
218.1958,20.343,49.158
218.2162,19.541,51.174
218.2357,19.317,51.769
218.255,20.307,49.244
218.2753,19.29,51.839
218.2946,19.213,52.049
218.3138,18.647,53.628
218.3325,19.902,50.247
218.3524,20.349,49.142
218.3727,19.815,50.466
218.3926,20.056,49.86
218.4126,19.916,50.212
218.4325,18.794,53.208
218.4513,20.131,49.675
218.4715,20.055,49.864
218.4915,20.581,48.588
218.5121,20.023,49.942
218.5321,19.773,50.573
218.5519,20.481,48.826
218.5724,20.616,48.506
218.593,20.616,48.505
218.6136,19.833,50.42
218.6334,19.369,51.629
218.6528,17.992,55.58
218.6708,22.388,44.667
218.6932,20.347,49.147
218.7135,18.23,54.854
218.7318,19.221,52.025
218.751,19.557,51.132
218.7705,20.779,48.125
218.7913,19.066,52.448
218.8104,19.554,51.14
218.8299,21.498,46.516
218.8514,21.841,45.785
218.8733,20.218,49.462
218.8935,18.039,55.436
218.9115,20.511,48.753
218.932,19.222,52.024
218.9513,21.109,47.373
218.9724,20.208,49.485
218.9926,19.95,50.126
219.0125,21.115,47.359
219.0337,21.36,46.815
219.055,20.415,48.983
219.0754,20.128,49.682
219.0956,20.028,49.93
219.1156,19.728,50.69
219.1353,19.931,50.174
219.1552,19.926,50.185
219.1752,21.26,47.038
219.1964,22.354,44.734
219.2188,20.641,48.447
219.2394,20.409,48.998
219.2598,19.774,50.572
219.2796,19.472,51.357
219.2991,21.071,47.458
219.3201,21.605,46.286
219.3418,20.087,49.784
219.3618,20.497,48.787
219.3823,21.231,47.102
219.4036,21.279,46.995
219.4248,21.202,47.164
219.4461,20.934,47.769
219.467,19.918,50.206
219.4869,20.299,49.263
219.5072,19.701,50.759
219.5269,20.769,48.149
219.5477,20.864,47.929
219.5685,21.12,47.348
219.5897,20.183,49.545
219.6098,21.553,46.397
219.6314,20.535,48.697
219.6519,19.282,51.862
219.6712,19.432,51.463
219.6906,20.902,47.841
219.7115,21.886,45.692
219.7334,20.828,48.011
219.7543,22.554,44.338
219.7768,20.234,49.421
219.797,18.301,54.642
219.8153,22.01,45.435
219.8374,21.145,47.293
219.8585,19.962,50.095
219.8785,19.091,52.38
219.8976,18.585,53.806
219.9161,20.764,48.159
219.9369,21.385,46.761
219.9583,21.459,46.601
219.9797,20.021,49.949
219.9998,20.586,48.576
220.0204,21.302,46.945
220.0417,20.238,49.411
220.0619,20.947,47.739
220.0828,19.47,51.361
220.1023,21.781,45.911
220.1241,21.693,46.097
220.1458,20.632,48.469
220.1664,20.69,48.334
220.1871,20.805,48.065
220.2079,21.686,46.113
220.2296,18.958,52.749
220.2486,20.484,48.82
220.269,20.983,47.658
220.29,20.915,47.813
220.3109,20.171,49.576
220.3311,19.931,50.174
220.351,20.048,49.879
220.3711,19.694,50.777
220.3908,21.602,46.292
220.4124,20.564,48.629
220.4329,21.143,47.297
220.4541,19.251,51.946
220.4733,19.957,50.107
220.4933,20.104,49.74
220.5134,20.218,49.461
220.5336,21.864,45.738
220.5555,20.653,48.418
220.5761,22.081,45.288
220.5982,20.286,49.296
220.6185,20.904,47.838
220.6394,20.072,49.821
220.6595,19.423,51.486
220.6789,22.388,44.667
220.7013,21.361,46.814
220.7227,21.638,46.214
220.7443,19.126,52.285
220.7634,20.551,48.66
220.784,21.554,46.395
220.8055,20.765,48.158
220.8263,21.872,45.72
220.8482,20.515,48.745
220.8687,19.788,50.535
220.8885,20.159,49.606
220.9086,20.918,47.806
220.9295,20.52,48.732
220.9501,23.106,43.278
220.9732,20.477,48.836
220.9936,20.602,48.538
221.0142,36.506,27.393
221.0508,20.303,49.253
221.0711,21.065,47.471
221.0921,21.235,47.092
221.1134,20.537,48.694
221.1339,19.823,50.448
221.1537,21.042,47.524
221.1748,20.124,49.691
221.1949,20.666,48.389
221.2155,20.525,48.721
221.2361,20.173,49.572
221.2562,20.831,48.005
221.2771,21.678,46.131
221.2988,20.989,47.643
221.3197,20.628,48.478
221.3404,19.232,51.998
221.3596,19.995,50.013
221.3796,21.502,46.508
221.4011,21.532,46.442
221.4226,21.604,46.288
221.4442,20.666,48.388
221.4649,21.132,47.322
221.486,21.371,46.793
221.5074,22.513,44.419
221.5299,58.081,17.217
221.588,20.501,48.778
221.6085,20.996,47.629
221.6295,21.143,47.296
221.6506,20.458,48.882
221.6711,20.891,47.867
221.692,20.241,49.404
221.7122,20.232,49.428
221.7325,20.894,47.86
221.7534,19.984,50.04
221.7733,20.544,48.676
221.7939,19.699,50.765
221.8136,20.926,47.787
221.8345,21.549,46.405
221.8561,21.882,45.7
221.8779,20.731,48.238
221.8987,20.502,48.776
221.9192,21.222,47.12
221.9404,20.726,48.249
221.9611,21.151,47.278
221.9823,21.087,47.423
222.0034,20.298,49.266
222.0237,19.819,50.456
222.0435,20.463,48.868
222.0639,22.516,44.412
222.0865,20.988,47.647
222.1074,22.706,44.042
222.1301,20.909,47.826
222.1511,21.759,45.958
222.1728,21.261,47.035
222.1941,21.364,46.807
222.2154,22.497,44.451
222.2379,21.274,47.005
222.2592,41.52,24.085
222.3007,21.468,46.581
222.3222,20.502,48.775
222.3427,21.02,47.573
222.3637,20.513,48.75
222.3842,21.171,47.235
222.4054,22.14,45.167
222.4275,21.135,47.315
222.4487,21.718,46.045
222.4704,21.171,47.234
222.4916,21.578,46.344
222.5131,20.33,49.188
222.5335,21.726,46.027
222.5552,22.161,45.125
222.5774,21.939,45.581
222.5993,19.407,51.529
222.6187,22.021,45.411
222.6407,20.822,48.026
222.6616,21.206,47.156
222.6828,20.917,47.809
222.7037,22.082,45.285
222.7258,21.159,47.262
222.7469,21.533,46.441
222.7684,21.004,47.61
222.7895,20.444,48.913
222.8099,22.841,43.782
222.8327,19.729,50.686
222.8525,23.422,42.696
222.8759,22.702,44.049
222.8986,19.022,52.57
222.9176,20.574,48.605
222.9382,20.732,48.234
222.9589,22.562,44.321
222.9815,20.621,48.494
223.0021,22.554,44.338
223.0247,22.703,44.048
223.0474,20.114,49.716
223.0675,20.445,48.911
223.0879,21.19,47.193
223.1091,21.894,45.674
223.131,21.698,46.088
223.1527,21.58,46.339
223.1743,21.115,47.36
223.1954,20.93,47.779
223.2163,20.672,48.374
223.237,21.426,46.671
223.2584,21.356,46.825
223.2798,22.551,44.344
223.3023,21.141,47.3
223.3235,21.783,45.906
223.3453,57.48,17.397
223.4027,22.267,44.91
223.425,20.626,48.484
223.4456,19.811,50.477
223.4654,20.813,48.046
223.4863,21.416,46.694
223.5077,23.351,42.825
223.531,21.821,45.827
223.5528,21.973,45.51
223.5748,21.567,46.366
223.5964,21.979,45.498
223.6184,21.64,46.21
223.64,21.07,47.461
223.6611,20.511,48.754
223.6816,22.1,45.248
223.7037,20.163,49.595
223.7238,20.888,47.875
223.7447,22.64,44.169
223.7674,21.7,46.083
223.7891,23.061,43.364
223.8121,21.002,47.614
223.8331,21.142,47.3
223.8543,20.159,49.607
223.8744,20.972,47.682
223.8954,19.926,50.186
223.9153,22.342,44.759
223.9377,21.266,47.023
223.9589,21.921,45.617
223.9809,23.249,43.012
224.0041,21.645,46.2
224.0258,23.392,42.75
224.0491,20.925,47.789
224.0701,20.464,48.866
224.0905,21.553,46.397
224.1121,22.146,45.155
224.1342,23.124,43.244
224.1574,21.288,46.975
224.1786,19.737,50.666
224.1984,21.96,45.537
224.2203,20.957,47.716
224.2413,21.72,46.04
224.263,20.062,49.846
224.2831,19.902,50.245
224.303,20.762,48.166
224.3237,21.964,45.529
224.3457,23.266,42.98
224.369,20.489,48.807
224.3895,21.009,47.598
224.4105,21.077,47.446
224.4316,21.187,47.199
224.4527,20.978,47.668
224.4737,21.054,47.497
224.4948,21.138,47.309
224.5159,22.302,44.84
224.5382,21.747,45.984
224.56,20.247,49.39
224.5802,20.573,48.608
224.6008,19.955,50.113
224.6207,21.189,47.194
224.6419,21.976,45.504
224.6639,21.49,46.534
224.6854,22.238,44.968
224.7076,19.844,50.393
224.7275,21.137,47.311
224.7486,21.753,45.97
224.7704,21.743,45.991
224.7921,22.662,44.128
224.8148,20.65,48.426
224.8354,22.967,43.541
224.8584,21.404,46.72
224.8798,21.558,46.388
224.9013,21.379,46.775
224.9227,21.576,46.349
224.9443,20.543,48.679
224.9648,21.161,47.257
224.986,20.836,47.995
225.0068,20.621,48.495
225.0275,22.856,43.752
225.0503,22.163,45.12
225.0725,21.606,46.284
225.0941,21.224,47.117
225.1153,20.914,47.814
225.1362,20.826,48.018
225.157,20.978,47.668
225.178,22.617,44.214
225.2006,20.622,48.492
225.2213,21.637,46.216
225.2429,22.135,45.177
225.265,22.787,43.884
225.2878,21.8,45.871
225.3096,21.624,46.244
225.3313,21.043,47.523
225.3523,21.408,46.711
225.3737,20.382,49.063
225.3941,22.672,44.107
225.4168,20.896,47.856
225.4377,22.032,45.388
225.4597,20.671,48.376
225.4804,22.118,45.212
225.5025,21.453,46.613
225.5239,22.401,44.642
225.5463,20.953,47.726
225.5673,21.212,47.143
225.5885,21.722,46.037
225.6102,22.0,45.455
225.6322,19.975,50.062
225.6522,20.727,48.246
225.6729,20.853,47.955
225.6938,21.611,46.273
225.7154,21.839,45.79
225.7372,20.84,47.985
225.7581,21.068,47.465
225.7791,21.966,45.526
225.8011,23.311,42.898
225.8244,21.232,47.099
225.8456,22.44,44.563
225.8681,21.262,47.032
225.8893,22.301,44.842
225.9116,21.87,45.725
225.9335,20.107,49.733
225.9536,20.94,47.755
225.9746,21.463,46.592
225.996,20.934,47.769
226.017,22.771,43.916
226.0397,21.239,47.083
226.061,21.535,46.436
226.0825,19.227,52.011
226.1017,20.613,48.514
226.1223,20.774,48.136
226.1431,21.867,45.731
226.165,21.755,45.967
226.1867,20.149,49.63
226.2069,22.24,44.964
226.2291,21.888,45.688
226.251,22.832,43.798
226.2738,20.903,47.839
226.2947,19.975,50.063
226.3147,21.24,47.08
226.336,21.587,46.325
226.3575,22.231,44.981
226.3798,20.478,48.833
226.4003,22.626,44.196
226.4229,22.986,43.505
226.4459,21.387,46.758
226.4673,21.769,45.937
226.489,22.299,44.845
226.5113,20.844,47.975
226.5322,21.893,45.676
226.5541,21.397,46.736
226.5755,21.577,46.345
226.597,20.905,47.835
226.6179,20.937,47.763
226.6389,22.507,44.431
226.6614,21.872,45.721
226.6833,21.181,47.211
226.7044,21.441,46.639
226.7259,21.067,47.467
226.7469,21.198,47.174
226.7681,21.882,45.7
226.79,20.476,48.838
226.8105,20.167,49.587
226.8307,20.857,47.945
226.8515,22.172,45.102
226.8737,22.065,45.32
226.8958,19.858,50.358
226.9156,22.621,44.206
226.9382,21.972,45.512
226.9602,20.612,48.515
226.9808,20.683,48.35
227.0015,19.823,50.445
227.0213,21.94,45.58
227.0433,20.548,48.665
227.0638,20.972,47.683
227.0848,20.134,49.667
227.1049,20.016,49.959
227.1249,21.435,46.653
227.1464,21.434,46.655
227.1678,21.34,46.86
227.1892,20.431,48.946
227.2096,21.435,46.652
227.231,20.393,49.037
227.2514,21.308,46.93
227.2727,21.872,45.72
227.2946,21.683,46.119
227.3163,20.977,47.67
227.3373,21.446,46.629
227.3587,18.867,53.004
227.3776,21.602,46.293
227.3992,22.784,43.89
227.4219,21.633,46.225
227.4436,20.818,48.035
227.4644,20.509,48.76
227.4849,20.465,48.863
227.5054,19.294,51.831
227.5247,20.262,49.353
227.5449,21.979,45.499
227.5669,22.462,44.52
227.5894,21.763,45.95
227.6111,21.583,46.334
227.6327,19.783,50.55
227.6525,22.211,45.022
227.6747,21.485,46.543
227.6962,20.096,49.76
227.7163,22.52,44.406
227.7388,20.707,48.294
227.7595,21.167,47.242
227.7807,20.832,48.003
227.8015,20.912,47.819
227.8224,21.117,47.355
227.8435,19.773,50.574
227.8633,21.17,47.237
227.8845,19.801,50.503
227.9043,20.506,48.766
227.9248,21.238,47.085
227.946,21.521,46.466
227.9676,19.71,50.734
227.9873,21.581,46.337
228.0088,21.709,46.063
228.0306,19.586,51.058
228.0501,22.065,45.321
228.0722,19.637,50.925
228.0918,19.609,50.998
228.1115,22.138,45.172
228.1336,22.48,44.484
228.1561,21.281,46.991
228.1774,20.016,49.961
228.1974,20.726,48.248
228.2181,22.853,43.757
228.2409,22.625,44.2
228.2636,20.356,49.125
228.2839,21.098,47.398
228.305,22.245,44.955
228.3273,20.674,48.37
228.3479,20.886,47.878
228.3688,20.365,49.104
228.3892,21.129,47.329
228.4103,21.748,45.98
228.4321,19.711,50.734
228.4518,21.527,46.453
228.4733,19.953,50.119
228.4933,18.689,53.506
228.512,20.233,49.425
228.5322,21.875,45.713
228.5541,20.959,47.713
228.575,21.23,47.103
228.5962,20.541,48.684
228.6168,21.168,47.241
228.638,18.918,52.86
228.6569,22.6,44.247
228.6795,21.86,45.747
228.7013,21.138,47.309
228.7225,20.49,48.804
228.743,20.451,48.898
228.7634,21.242,47.077
228.7847,20.454,48.891
228.8051,19.926,50.187
228.825,20.657,48.41
228.8457,19.754,50.624
228.8654,20.594,48.558
228.886,21.28,46.993
228.9073,20.067,49.834
228.9274,21.446,46.629
228.9488,21.301,46.945
228.9701,19.311,51.783
228.9894,21.759,45.957
229.0112,20.295,49.274
229.0315,19.699,50.765
229.0512,19.66,50.863
229.0709,22.122,45.204
229.093,19.609,50.998
229.1126,20.961,47.707
229.1335,20.678,48.361
229.1542,19.707,50.745
229.1739,20.54,48.686
229.1945,21.468,46.581
229.2159,20.901,47.845
229.2368,21.771,45.932
229.2586,20.539,48.687
229.2792,21.318,46.909
229.3005,20.225,49.443
229.3207,19.056,52.476
229.3398,20.632,48.468
229.3604,20.758,48.174
229.3811,19.804,50.496
229.4009,19.673,50.831
229.4206,19.817,50.462
229.4404,20.209,49.484
229.4606,19.806,50.489
229.4805,20.725,48.252
229.5012,20.189,49.532
229.5214,20.523,48.725
229.5419,20.649,48.429
229.5625,21.829,45.811
229.5844,19.793,50.523
229.6042,21.03,47.551
229.6252,20.64,48.449
229.6458,22.527,44.392
229.6684,20.453,48.892
229.6888,19.717,50.719
229.7085,19.562,51.118
229.7281,18.793,53.211
229.7469,19.574,51.089
229.7665,22.094,45.261
229.7885,20.555,48.649
229.8091,19.888,50.283
229.829,21.33,46.882
229.8503,21.739,46.001
229.8721,20.541,48.683
229.8926,22.449,44.545
229.9151,19.519,51.233
229.9346,22.244,44.956
229.9568,19.755,50.621
229.9766,21.733,46.013
229.9983,20.264,49.349
230.0186,19.992,50.019
230.0386,19.037,52.53
230.0576,19.118,52.306
230.0767,20.12,49.702
230.0968,20.979,47.666
230.1178,20.073,49.818
230.1379,21.362,46.813
230.1592,20.652,48.421
230.1799,19.765,50.594
230.1997,19.162,52.187
230.2188,19.457,51.397
230.2383,20.033,49.918
230.2583,21.683,46.12
230.28,19.138,52.251
230.2991,20.588,48.572
230.3197,20.496,48.791
230.3402,21.098,47.397
230.3613,19.921,50.199
230.3812,20.789,48.102
230.402,19.93,50.175
230.422,18.933,52.819
230.4409,20.179,49.557
230.4611,19.996,50.009
230.4811,19.185,52.125
230.5003,21.269,47.017
230.5215,21.445,46.63
230.543,19.41,51.52
230.5624,21.913,45.635
230.5843,19.611,50.992
230.6039,18.958,52.75
230.6229,20.149,49.631
230.643,20.16,49.604
230.6632,19.282,51.862
230.6824,19.494,51.297
230.7019,20.377,49.075
230.7223,19.667,50.845
230.742,21.087,47.424
230.7631,18.951,52.768
230.782,19.131,52.27
230.8012,20.349,49.143
230.8215,21.486,46.542
230.843,20.133,49.671
230.8631,20.318,49.217
230.8834,18.158,55.072
230.9016,19.627,50.95
230.9212,19.903,50.244
230.9411,20.184,49.545
230.9613,21.129,47.329
230.9824,20.867,47.923
231.0033,21.964,45.53
231.0253,20.036,49.91
231.0453,17.882,55.921
231.0632,19.982,50.044
231.0832,20.874,47.907
231.104,20.536,48.695
231.1246,19.872,50.321
231.1445,18.519,53.999
231.163,19.687,50.795
231.1827,20.169,49.581
231.2028,22.386,44.67
231.2252,19.787,50.539
231.245,59.124,16.914
231.3041,20.025,49.938
231.3242,19.516,51.239
231.3437,19.18,52.137
231.3628,19.708,50.74
231.3826,18.74,53.361
231.4013,19.563,51.116
231.4209,18.614,53.723
231.4395,20.74,48.217
231.4602,19.46,51.388
231.4797,19.331,51.73
231.499,20.111,49.723
231.5191,18.712,53.441
231.5378,20.349,49.143
231.5582,20.808,48.059
231.579,19.571,51.095
231.5986,19.43,51.466
231.618,57.863,17.282
231.6758,20.402,49.015
231.6963,19.922,50.196
231.7162,19.07,52.439
231.7352,19.293,51.832
231.7545,19.79,50.531
231.7743,18.832,53.102
231.7932,21.032,47.547
231.8142,18.715,53.433
231.8329,19.173,52.157
231.8521,18.973,52.705
231.8711,18.903,52.901
231.89,20.63,48.473
231.9106,20.426,48.957
231.931,19.077,52.419
231.9501,19.899,50.253
231.97,19.06,52.465
231.989,20.306,49.248
232.0094,19.894,50.266
232.0292,19.611,50.992
232.0489,20.613,48.513
232.0695,19.41,51.52
232.0889,20.1,49.752
232.109,20.024,49.941
232.129,19.257,51.929
232.1483,21.38,46.772
232.1696,21.102,47.389
232.1907,20.394,49.033
232.2111,19.873,50.319
232.231,18.371,54.435
232.2494,19.29,51.841
232.2687,18.934,52.815
232.2876,19.965,50.087
232.3076,19.018,52.582
232.3266,19.815,50.468
232.3464,18.428,54.265
232.3648,19.869,50.331
232.3847,19.359,51.656
232.4041,19.755,50.619
232.4238,20.138,49.657
232.444,18.939,52.8
232.4629,20.074,49.816
232.483,20.668,48.384
232.5036,20.239,49.408
232.5239,19.489,51.311
232.5434,19.962,50.096
232.5633,18.819,53.137
232.5821,18.637,53.658
232.6008,19.752,50.627
232.6205,18.095,55.262
232.6386,19.844,50.393
232.6585,19.001,52.629
232.6775,18.502,54.049
232.696,20.021,49.947
232.716,18.799,53.195
232.7348,20.45,48.901
232.7552,18.85,53.05
232.7741,21.036,47.537
232.7951,20.107,49.733
232.8152,20.443,48.917
232.8357,19.802,50.501
232.8555,20.014,49.965
232.8755,21.555,46.392
232.8971,19.787,50.539
232.9168,19.022,52.569
232.9359,17.935,55.758
232.9538,20.491,48.802
232.9743,20.374,49.083
232.9947,19.596,51.03
233.0143,19.567,51.106
233.0338,20.214,49.471
233.054,18.296,54.656
233.0723,18.658,53.597
233.091,20.238,49.411
233.1112,20.27,49.335
233.1315,20.724,48.254
233.1522,19.609,50.998
233.1718,18.575,53.836
233.1904,18.385,54.392
233.2088,20.134,49.668
233.2289,20.674,48.371
233.2496,20.315,49.224
233.2699,18.662,53.584
233.2886,19.596,51.031
233.3082,18.249,54.798
233.3264,19.591,51.045
233.346,18.85,53.05
233.3649,21.712,46.057
233.3866,18.235,54.84
233.4048,19.971,50.072
233.4248,21.051,47.503
233.4458,19.475,51.349
233.4653,19.72,50.711
233.485,19.694,50.778
233.5047,21.262,47.033
233.526,19.272,51.89
233.5453,20.248,49.388
233.5655,34.026,29.39
233.5995,20.049,49.879
233.6196,19.104,52.346
233.6387,18.751,53.331
233.6574,19.276,51.878
233.6767,19.697,50.77
233.6964,18.947,52.779
233.7153,18.157,55.074
233.7335,20.219,49.459
233.7537,18.995,52.647
233.7727,19.092,52.379
233.7918,19.761,50.605
233.8116,19.574,51.088
233.8311,19.516,51.24
233.8507,18.208,54.921
233.8689,19.642,50.912
233.8885,19.061,52.462
233.9076,20.379,49.069
233.928,19.268,51.899
233.9472,21.444,46.633
233.9687,20.242,49.403
233.9889,18.185,54.99
234.0071,20.676,48.366
234.0278,19.192,52.105
234.047,18.3,54.644
234.0653,21.042,47.525
234.0863,19.494,51.298
234.1058,17.864,55.978
234.1237,19.005,52.617
234.1427,18.84,53.079
234.1615,18.638,53.654
234.1801,20.994,47.633
234.2011,21.171,47.233
234.2223,18.393,54.368
234.2407,18.13,55.156
234.2588,19.641,50.914
234.2785,19.167,52.173
234.2976,20.449,48.903
234.3181,17.962,55.672
234.336,20.468,48.857
234.3565,19.996,50.011
234.3765,20.066,49.836
234.3966,18.377,54.415
234.415,19.226,52.013
234.4342,18.062,55.366
234.4522,19.556,51.135
234.4718,18.458,54.178
234.4903,19.549,51.154
234.5098,19.431,51.465
234.5292,18.384,54.396
234.5476,18.657,53.598
234.5663,18.947,52.78
234.5852,20.342,49.16
234.6056,19.11,52.329
234.6247,20.07,49.827
234.6447,20.031,49.922
234.6648,19.573,51.09
234.6843,19.405,51.534
234.7038,18.335,54.541
234.7221,27.403,36.493
234.7495,19.549,51.153
234.769,20.617,48.504
234.7897,18.848,53.056
234.8085,21.178,47.219
234.8297,19.125,52.288
234.8488,18.957,52.751
234.8678,19.958,50.106
234.8877,19.53,51.202
234.9073,18.892,52.933
234.9261,20.269,49.338
234.9464,19.759,50.609
234.9662,19.416,51.503
234.9856,19.424,51.483
235.005,20.517,48.74
235.0255,19.026,52.559
235.0446,20.236,49.418
235.0648,17.983,55.608
235.0828,19.873,50.32
235.1026,20.242,49.403
235.1229,19.739,50.66
235.1426,19.827,50.435
235.1625,20.328,49.192
235.1828,19.259,51.923
235.202,19.907,50.234
235.222,20.505,48.77
235.2425,19.828,50.433
235.2623,21.007,47.604
235.2833,18.861,53.021
235.3022,18.8,53.191
235.321,20.755,48.181
235.3417,19.892,50.271
235.3616,19.462,51.383
235.3811,19.628,50.949
235.4007,20.779,48.126
235.4215,20.408,49.0
235.4419,18.933,52.818
235.4608,19.294,51.83
235.4801,20.227,49.438
235.5003,20.512,48.752
235.5208,21.498,46.516
235.5423,20.179,49.556
235.5625,19.004,52.619
235.5815,18.852,53.046
235.6004,20.263,49.35
235.6206,18.467,54.15
235.6391,19.76,50.606
235.6589,20.216,49.465
235.6791,21.008,47.601
235.7001,18.982,52.681
235.7191,20.455,48.888
235.7395,18.239,54.826
235.7578,19.782,50.551
235.7775,19.615,50.983
235.7972,20.68,48.357
235.8178,20.085,49.788
235.8379,19.869,50.329
235.8578,19.916,50.211
235.8777,20.776,48.132
235.8985,17.85,56.021
235.9163,18.004,55.542
235.9343,18.378,54.413
235.9527,18.354,54.484
235.9711,18.526,53.978
235.9896,19.561,51.122
236.0092,18.663,53.583
236.0278,19.645,50.903
236.0475,18.986,52.67
236.0665,19.032,52.542
236.0855,18.313,54.606
236.1038,19.878,50.308
236.1237,18.814,53.152
236.1425,19.523,51.22
236.162,19.235,51.988
236.1813,19.254,51.938
236.2005,19.392,51.568
236.2199,20.025,49.938
236.2399,20.546,48.67
236.2605,17.29,57.838
236.2778,18.99,52.658
236.2967,19.426,51.477
236.3162,19.423,51.485
236.3356,19.951,50.122
236.3556,19.697,50.769
236.3752,18.985,52.673
236.3942,20.141,49.649
236.4144,21.777,45.919
236.4362,20.238,49.413
236.4564,21.543,46.418
236.4779,17.866,55.973
236.4958,19.581,51.07
236.5154,21.777,45.92
236.5372,18.574,53.839
236.5557,19.637,50.923
236.5754,19.813,50.471
236.5952,18.289,54.677
236.6135,19.009,52.607
236.6325,21.241,47.079
236.6537,20.262,49.353
236.674,18.712,53.441
236.6927,19.791,50.527
236.7125,19.424,51.483
236.7319,19.18,52.137
236.7511,19.04,52.522
236.7701,21.3,46.949
236.7914,18.159,55.069
236.8096,19.832,50.424
236.8294,20.181,49.55
236.8496,19.38,51.6
236.869,18.291,54.672
236.8873,19.825,50.441
236.9071,19.936,50.16
236.927,19.656,50.874
236.9467,19.252,51.942
236.9659,19.882,50.297
236.9858,42.2,23.697
237.028,19.091,52.38
237.0471,21.354,46.83
237.0685,17.566,56.927
237.086,18.886,52.949
237.1049,18.302,54.639
237.1232,17.655,56.641
237.1409,19.565,51.111
237.1604,19.128,52.28
237.1796,19.459,51.39
237.199,20.116,49.712
237.2191,20.825,48.019
237.24,19.719,50.712
237.2597,20.538,48.691
237.2802,19.822,50.448
237.3001,20.691,48.33
237.3207,19.546,51.161
237.3403,19.914,50.215
237.3602,19.296,51.824
237.3795,20.427,48.955
237.3999,19.412,51.515
237.4193,18.516,54.007
237.4379,19.93,50.177
237.4578,19.79,50.532
237.4776,19.548,51.157
237.4971,20.727,48.246
237.5178,19.699,50.763
237.5375,18.134,55.144
237.5557,19.786,50.542
237.5755,20.153,49.62
237.5956,19.19,52.112
237.6148,21.329,46.885
237.6361,20.681,48.354
237.6568,21.304,46.939
237.6781,18.634,53.666
237.6968,20.454,48.89
237.7172,18.972,52.709
237.7362,18.203,54.935
237.7544,19.181,52.135
237.7736,19.698,50.767
237.7933,19.199,52.086
237.8125,21.325,46.893
237.8338,20.374,49.083
237.8542,19.211,52.052
237.8734,18.811,53.16
237.8922,19.739,50.66
237.9119,20.738,48.222
237.9327,19.543,51.17
237.9522,18.815,53.149
237.971,21.527,46.454
237.9925,21.46,46.597
238.014,18.477,54.121
238.0325,19.505,51.27
238.052,21.195,47.181
238.0732,21.106,47.38
238.0943,18.716,53.43
238.113,19.472,51.357
238.1325,21.708,46.066
238.1542,19.775,50.569
238.174,18.906,52.894
238.1929,18.76,53.306
238.2116,20.115,49.714
238.2317,19.472,51.357
238.2512,20.075,49.813
238.2713,19.995,50.013
238.2913,18.839,53.081
238.3101,20.181,49.551
238.3303,19.269,51.897
238.3496,19.334,51.723
238.3689,17.538,57.018
238.3864,17.691,56.525
238.4041,20.168,49.583
238.4243,18.815,53.15
238.4431,19.11,52.329
238.4622,20.031,49.924
238.4823,20.199,49.506
238.5025,19.357,51.661
238.5218,19.962,50.094
238.5418,19.131,52.271
238.5609,19.544,51.167
238.5805,19.534,51.192
238.6,20.829,48.011
238.6208,19.548,51.157
238.6404,20.323,49.206
238.6607,20.651,48.423
238.6813,20.389,49.046
238.7017,19.371,51.623
238.7211,19.596,51.031
238.7407,20.822,48.025
238.7615,21.087,47.423
238.7826,19.8,50.506
238.8024,22.362,44.718
238.8248,19.565,51.111
238.8443,20.563,48.632
238.8649,21.196,47.18
238.8861,20.4,49.02
238.9065,19.203,52.074
238.9257,19.737,50.667
238.9454,18.283,54.695
238.9637,20.487,48.811
238.9842,19.211,52.054
239.0034,20.81,48.053
239.0242,18.743,53.353
239.043,21.29,46.97
239.0643,18.461,54.169
239.0827,19.751,50.63
239.1025,20.05,49.876
239.1225,21.284,46.984
239.1438,19.798,50.511
239.1636,19.659,50.866
239.1833,19.454,51.404
239.2027,20.38,49.068
239.2231,20.898,47.852
239.244,19.079,52.413
239.2631,21.068,47.465
239.2841,19.372,51.621
239.3035,20.239,49.411
239.3237,22.58,44.287
239.3463,20.101,49.75
239.3664,21.12,47.349
239.3875,20.093,49.769
239.4076,19.824,50.444
239.4275,20.697,48.317
239.4482,21.58,46.339
239.4697,18.893,52.929
239.4886,18.782,53.241
239.5074,19.632,50.936
239.527,20.188,49.534
239.5472,19.346,51.69
239.5666,21.454,46.612
239.588,20.072,49.821
239.6081,19.429,51.47
239.6275,20.902,47.843
239.6484,20.516,48.742
239.669,21.263,47.029
239.6902,20.566,48.623
239.7108,21.82,45.829
239.7326,21.022,47.568
239.7536,19.268,51.899
239.7729,20.904,47.837
239.7938,20.829,48.01
239.8146,19.757,50.616
239.8344,20.267,49.342
239.8547,18.999,52.635
239.8737,20.274,49.325
239.8939,20.58,48.591
239.9145,20.089,49.777
239.9346,18.898,52.915
239.9535,19.878,50.308
239.9734,20.133,49.669
239.9935,19.049,52.497
240.0126,19.635,50.929
240.0322,21.478,46.56
240.0537,20.715,48.274
240.0744,20.001,49.998
240.0944,19.386,51.584
240.1138,20.678,48.36
240.1344,20.301,49.258
240.1547,19.851,50.375
240.1746,20.597,48.55
240.1952,19.483,51.328
240.2147,52.676,18.984
240.2674,19.133,52.265
240.2865,19.528,51.209
240.306,20.766,48.156
240.3268,21.828,45.814
240.3486,20.445,48.911
240.3691,19.244,51.964
240.3883,19.652,50.886
240.4079,19.134,52.262
240.4271,20.472,48.847
240.4476,19.723,50.703
240.4673,19.84,50.403
240.4871,20.598,48.548
240.5077,20.308,49.242
240.528,21.171,47.234
240.5492,20.212,49.476
240.5694,19.191,52.108
240.5886,20.072,49.821
240.6087,22.835,43.792
240.6315,21.473,46.569
240.653,19.013,52.595
240.672,20.126,49.686
240.6921,20.645,48.437
240.7128,21.373,46.788
240.7341,19.949,50.128
240.7541,18.565,53.864
240.7726,20.008,49.981
240.7927,21.07,47.462
240.8137,19.623,50.961
240.8333,19.671,50.835
240.853,18.56,53.878
240.8716,20.115,49.713
240.8917,19.542,51.173
240.9112,19.708,50.741
240.9309,17.964,55.667
240.9489,21.583,46.333
240.9705,20.261,49.357
240.9908,20.669,48.381
241.0114,21.63,46.232
241.0331,19.152,52.213
241.0522,19.321,51.757
241.0715,20.249,49.385
241.0918,20.717,48.27
241.1125,19.541,51.174
241.132,18.689,53.507
241.1507,18.441,54.228
241.1692,20.662,48.399
241.1898,19.478,51.339
241.2093,20.758,48.173
241.2301,18.768,53.283
241.2488,20.183,49.548
241.269,20.122,49.697
241.2891,19.818,50.458
241.309,18.811,53.161
241.3278,21.025,47.563
241.3488,19.464,51.377
241.3683,19.88,50.301
241.3881,20.017,49.957
241.4081,19.459,51.391
241.4276,20.864,47.928
241.4485,20.182,49.548
241.4687,19.035,52.534
241.4877,21.16,47.26
241.5088,20.034,49.915
241.5289,21.166,47.245
241.5501,21.792,45.889
241.5718,19.614,50.983
241.5915,20.057,49.857
241.6115,20.635,48.462
241.6321,20.315,49.224
241.6525,19.285,51.854
241.6717,19.042,52.515
241.6908,21.687,46.11
241.7125,18.889,52.942
241.7314,20.995,47.63
241.7524,19.273,51.886
241.7716,19.851,50.376
241.7915,18.302,54.64
241.8098,19.224,52.018
241.829,18.883,52.958
241.8479,19.078,52.417
241.867,19.321,51.757
241.8863,39.453,25.347
241.9257,21.367,46.801
241.9471,19.935,50.164
241.967,20.149,49.631
241.9872,20.827,48.015
242.008,20.902,47.842
242.0289,18.318,54.592
242.0472,20.108,49.732
242.0674,18.527,53.974
242.0859,20.328,49.194
242.1062,19.357,51.662
242.1256,18.155,55.08
242.1437,19.107,52.336
242.1628,20.227,49.439
242.1831,19.532,51.197
242.2026,20.246,49.393
242.2228,20.248,49.386
242.2431,20.181,49.551
242.2633,20.806,48.063
242.2841,20.535,48.698
242.3046,21.142,47.299
242.3257,18.135,55.142
242.3439,19.905,50.239
242.3638,18.796,53.204
242.3826,20.466,48.861
242.403,18.666,53.573
242.4217,20.092,49.771
242.4418,19.323,51.753
242.4611,19.981,50.048
242.4811,20.271,49.332
242.5014,20.982,47.66
242.5224,20.333,49.181
242.5427,18.999,52.634
242.5617,19.383,51.59
242.5811,20.52,48.733
242.6016,20.566,48.624
242.6222,19.677,50.822
242.6418,19.307,51.794
242.6611,19.159,52.195
242.6803,19.694,50.777
242.7,19.806,50.49
242.7198,21.366,46.803
242.7412,19.044,52.51
242.7602,21.356,46.824
242.7816,19.288,51.846
242.8009,18.376,54.418
242.8192,19.297,51.822
242.8385,19.949,50.127
242.8585,19.851,50.376
242.8783,20.924,47.791
242.8993,19.101,52.352
242.9184,19.565,51.111
242.9379,18.603,53.755
242.9565,18.841,53.075
242.9754,19.715,50.722
242.9951,19.977,50.057
243.0151,19.759,50.61
243.0348,22.093,45.263
243.0569,20.917,47.808
243.0778,18.992,52.653
243.0968,20.023,49.942
243.1168,21.546,46.413
243.1384,21.135,47.315
243.1595,19.362,51.648
243.1789,17.775,56.257
243.1967,19.537,51.184
243.2162,18.359,54.469
243.2346,19.105,52.341
243.2537,19.045,52.507
243.2727,18.365,54.452
243.2911,21.641,46.208
243.3127,18.371,54.434
243.3311,19.125,52.287
243.3502,20.835,47.997
243.371,20.253,49.375
243.3913,20.818,48.036
243.4121,20.041,49.897
243.4322,19.91,50.227
243.4521,19.292,51.836
243.4714,18.763,53.295
243.4901,18.722,53.414
243.5088,21.487,46.54
243.5303,19.218,52.036
243.5495,20.735,48.227
243.5703,19.508,51.262
243.5898,19.737,50.666
243.6095,18.795,53.206
243.6283,19.109,52.332
243.6474,19.839,50.407
243.6673,19.657,50.873
243.6869,18.466,54.153
243.7054,19.21,52.057
243.7246,19.593,51.039
243.7442,18.718,53.424
243.7629,19.709,50.738
243.7826,20.327,49.197
243.8029,18.308,54.62
243.8213,18.514,54.013
243.8398,19.947,50.133
243.8597,19.061,52.464
243.8788,18.846,53.061
243.8976,19.89,50.276
243.9175,20.359,49.117
243.9379,18.114,55.207
243.956,19.242,51.969
243.9752,18.971,52.711
243.9942,20.429,48.949
244.0146,20.841,47.983
244.0355,40.197,24.877
244.0757,17.299,57.808
244.093,18.839,53.083
244.1118,19.046,52.506
244.1309,18.891,52.937
244.1497,18.577,53.83
244.1683,18.734,53.379
244.1871,18.315,54.6
244.2054,20.629,48.475
244.226,20.341,49.163
244.2463,20.353,49.132
244.2667,19.822,50.448
244.2865,18.951,52.768
244.3055,19.213,52.047
244.3247,18.954,52.759
244.3436,18.945,52.784
244.3626,18.126,55.168
244.3807,18.488,54.089
244.3992,19.703,50.753
244.4189,18.526,53.979
244.4374,17.807,56.156
244.4552,20.479,48.831
244.4757,19.118,52.306
244.4948,19.497,51.289
244.5143,19.063,52.457
244.5334,17.664,56.611
244.5511,19.546,51.162
244.5706,19.198,52.088
244.5898,18.928,52.831
244.6087,19.922,50.196
244.6286,20.663,48.396
244.6493,34.037,29.38
244.6833,18.656,53.601
244.702,19.465,51.373
244.7215,18.79,53.219
244.7403,18.796,53.202
244.7591,20.022,49.946
244.7791,19.176,52.148
244.7983,18.922,52.848
244.8172,17.119,58.414
244.8343,20.567,48.622
244.8549,17.682,56.553
244.8725,18.777,53.255
244.8913,19.655,50.877
244.911,18.561,53.877
244.9295,18.722,53.414
244.9483,20.569,48.617
244.9688,17.347,57.648
244.9862,17.052,58.646
245.0032,18.744,53.352
245.022,17.929,55.774
245.0399,18.406,54.331
245.0583,20.152,49.623
245.0785,18.684,53.52
245.0971,18.596,53.775
245.1157,18.574,53.839
245.1343,19.212,52.051
245.1535,17.888,55.902
245.1714,18.513,54.016
245.1899,18.715,53.432
245.2086,18.869,52.998
245.2275,18.287,54.683
245.2458,18.956,52.753
245.2647,18.241,54.823
245.283,18.791,53.218
245.3018,18.763,53.296
245.3205,18.718,53.424
245.3393,17.804,56.168
245.3571,18.247,54.802
245.3753,17.841,56.049
245.3932,18.412,54.313
245.4116,18.068,55.348
245.4296,18.644,53.636
245.4483,20.012,49.97
245.4683,17.94,55.742
245.4862,19.606,51.004
245.5058,19.745,50.647
245.5256,18.893,52.928
245.5445,17.835,56.071
245.5623,17.184,58.193
245.5795,18.464,54.16
245.598,17.778,56.249
245.6157,19.572,51.094
245.6353,17.944,55.729
245.6533,18.478,54.118
245.6717,17.466,57.255
245.6892,19.284,51.856
245.7085,19.554,51.141
245.728,17.068,58.588
245.7451,17.468,57.247
245.7626,19.293,51.831
245.7819,18.841,53.075
245.8007,17.309,57.773
245.818,19.432,51.462
245.8374,19.005,52.617
245.8564,18.374,54.425
245.8748,18.869,52.997
245.8937,19.205,52.069
245.9129,19.018,52.581
245.9319,17.697,56.508
245.9496,19.165,52.179
245.9688,18.618,53.711
245.9874,18.771,53.275
246.0062,17.837,56.062
246.024,17.074,58.569
246.0411,18.768,53.282
246.0598,20.12,49.703
246.08,17.86,55.99
246.0978,19.829,50.431
246.1177,18.519,53.998
246.1362,16.725,59.792
246.1529,17.487,57.184
246.1704,20.132,49.671
246.1905,18.607,53.743
246.2091,19.637,50.924
246.2288,19.207,52.065
246.248,18.164,55.053
246.2661,18.734,53.379
246.2849,18.127,55.166
246.303,18.861,53.02
246.3219,16.895,59.188
246.3388,18.352,54.49
246.3571,17.156,58.287
246.3743,17.676,56.575
246.3919,17.891,55.893
246.4098,18.929,52.83
246.4288,17.866,55.974
246.4466,19.059,52.468
246.4657,17.508,57.116
246.4832,17.414,57.424
246.5006,18.87,52.993
246.5195,19.187,52.117
246.5387,18.64,53.648
246.5573,18.835,53.094
246.5761,18.516,54.007
246.5947,19.641,50.913
246.6143,17.46,57.272
246.6318,18.385,54.391
246.6501,15.689,63.74
246.6658,18.213,54.905
246.684,19.334,51.722
246.7034,18.212,54.91
246.7216,18.503,54.047
246.7401,17.312,57.764
246.7574,18.621,53.703
246.776,18.811,53.16
246.7948,18.83,53.108
246.8137,17.785,56.228
246.8314,17.609,56.79
246.8491,17.361,57.6
246.8664,18.368,54.441
246.8848,18.177,55.014
246.903,20.127,49.686
246.9231,17.242,57.999
246.9403,19.057,52.475
246.9594,16.439,60.833
246.9758,18.059,55.375
246.9939,17.355,57.622
247.0112,17.756,56.318
247.029,18.019,55.497
247.047,18.193,54.966
247.0652,18.158,55.073
247.0834,18.803,53.184
247.1022,18.496,54.066
247.1207,19.595,51.034
247.1403,18.815,53.149
247.1591,16.051,62.301
247.1751,19.589,51.048
247.1947,19.151,52.216
247.2139,16.017,62.433
247.2299,18.913,52.874
247.2488,18.365,54.45
247.2672,17.887,55.907
247.285,17.79,56.212
247.3028,17.183,58.199
247.32,17.929,55.774
247.3379,18.101,55.247
247.356,17.817,56.126
247.3739,17.271,57.9
247.3911,16.469,60.72
247.4076,17.818,56.124
247.4254,17.24,58.005
247.4427,18.558,53.884
247.4612,18.527,53.974
247.4797,16.999,58.829
247.4967,18.974,52.703
247.5157,19.45,51.414
247.5352,17.164,58.262
247.5523,17.539,57.014
247.5699,18.81,53.162
247.5887,16.757,59.677
247.6054,16.781,59.59
247.6222,17.594,56.836
247.6398,18.623,53.697
247.6584,16.826,59.431
247.6753,18.2,54.944
247.6935,18.498,54.061
247.712,16.961,58.96
247.7289,18.181,55.003
247.7471,17.622,56.747
247.7647,16.88,59.242
247.7816,19.535,51.191
247.8011,16.635,60.114
247.8178,38.016,26.305
247.8558,18.578,53.827
247.8744,17.948,55.718
247.8923,17.625,56.737
247.9099,18.479,54.117
247.9284,19.84,50.404
247.9483,17.616,56.767
247.9659,17.645,56.672
247.9835,17.191,58.169
248.0007,18.295,54.66
248.019,19.625,50.956
248.0386,18.391,54.375
248.057,19.008,52.609
248.076,16.866,59.291
248.0929,18.947,52.78
248.1118,18.769,53.279
248.1306,16.72,59.809
248.1473,19.416,51.503
248.1668,16.259,61.505
248.183,19.005,52.617
248.202,17.136,58.358
248.2192,15.006,66.639
248.2342,17.034,58.708
248.2512,15.34,65.191
248.2665,16.655,60.04
248.2832,17.051,58.649
248.3002,18.444,54.217
248.3187,19.311,51.784
248.338,17.206,58.12
248.3552,18.9,52.909
248.3741,16.862,59.307
248.391,17.247,57.98
248.4082,19.739,50.661
248.4279,18.462,54.165
248.4464,16.951,58.995
248.4634,17.031,58.717
248.4804,19.15,52.219
248.4995,15.135,66.071
248.5147,17.235,58.022
248.5319,16.234,61.598
248.5481,16.601,60.239
248.5647,18.596,53.775
248.5833,16.112,62.065
248.5995,17.286,57.85
248.6167,17.668,56.598
248.6344,18.403,54.34
248.6528,18.076,55.323
248.6709,16.846,59.362
248.6877,19.268,51.901
248.707,16.17,61.845
248.7232,18.544,53.927
248.7417,18.208,54.922
248.7599,19.271,51.892
248.7792,18.23,54.854
248.7974,17.458,57.279
248.8149,18.436,54.242
248.8333,17.566,56.929
248.8509,15.843,63.121
248.8667,16.728,59.779
248.8835,17.688,56.535
248.9011,17.089,58.519
248.9182,16.054,62.289
248.9343,17.218,58.078
248.9515,16.904,59.159
248.9684,17.193,58.165
248.9856,18.262,54.759
249.0039,18.793,53.212
249.0227,17.467,57.252
249.0401,18.458,54.177
249.0586,17.952,55.704
249.0765,17.861,55.988
249.0944,17.107,58.457
249.1115,17.038,58.691
249.1285,18.019,55.496
249.1466,17.592,56.844
249.1641,15.875,62.991
249.18,17.451,57.302
249.1975,16.561,60.384
249.214,17.24,58.003
249.2313,17.016,58.768
249.2483,16.035,62.362
249.2643,17.744,56.357
249.2821,17.509,57.114
249.2996,17.538,57.018
249.3171,16.279,61.43
249.3334,19.02,52.575
249.3524,18.29,54.676
249.3707,15.899,62.897
249.3866,18.034,55.451
249.4046,18.804,53.181
249.4234,18.675,53.546
249.4421,16.596,60.256
249.4587,19.02,52.576
249.4777,17.437,57.348
249.4952,16.608,60.212
249.5118,17.406,57.451
249.5292,17.755,56.323
249.5469,16.514,60.556
249.5635,17.118,58.417
249.5806,16.79,59.558
249.5974,17.712,56.459
249.6151,18.257,54.773
249.6333,15.732,63.565
249.6491,16.93,59.066
249.666,17.851,56.02
249.6838,28.303,35.331
249.7121,15.948,62.705
249.7281,17.477,57.219
249.7456,18.122,55.18
249.7637,17.202,58.134
249.7809,15.875,62.992
249.7968,16.612,60.199
249.8134,17.982,55.611
249.8314,17.711,56.463
249.8491,17.23,58.038
249.8663,17.555,56.965
249.8839,16.697,59.891
249.9006,16.087,62.16
249.9166,17.657,56.634
249.9343,17.861,55.987
249.9522,17.185,58.191
249.9693,17.005,58.807
249.9864,18.672,53.555
250.005,15.648,63.904
250.0207,16.718,59.815
250.0374,16.499,60.61
250.0539,16.75,59.702
250.0706,17.602,56.81
250.0882,17.801,56.177
250.106,18.004,55.542
250.124,16.191,61.764
250.1402,18.52,53.995
250.1588,17.051,58.649
250.1758,18.376,54.418
250.1942,17.945,55.726
250.2121,16.291,61.385
250.2284,18.344,54.514
250.2468,16.243,61.564
250.263,17.878,55.934
250.2809,17.394,57.492
250.2983,17.426,57.387
250.3157,17.847,56.032
250.3336,17.133,58.366
250.3507,17.214,58.092
250.3679,18.161,55.062
250.3861,16.311,61.308
250.4024,17.995,55.57
250.4204,17.556,56.959
250.4379,18.482,54.107
250.4564,17.152,58.302
250.4736,17.166,58.256
250.4907,16.858,59.318
250.5076,16.846,59.363
250.5244,15.718,63.621
250.5401,18.215,54.899
250.5584,17.097,58.491
250.5755,17.057,58.625
250.5925,17.597,56.828
250.6101,16.595,60.26
250.6267,16.93,59.067
250.6436,15.685,63.756
250.6593,17.363,57.593
250.6767,18.285,54.689
250.695,16.918,59.107
250.7119,17.492,57.17
250.7294,18.397,54.355
250.7478,16.123,62.023
250.7639,17.152,58.303
250.7811,16.499,60.611
250.7976,16.286,61.402
250.8138,15.617,64.034
250.8295,17.26,57.939
250.8467,17.474,57.227
250.8642,18.179,55.009
250.8824,16.522,60.526
250.8989,17.553,56.97
250.9164,17.683,56.55
250.9341,17.047,58.66
250.9512,17.493,57.165
250.9687,17.421,57.401
250.9861,16.693,59.904
251.0028,17.836,56.065
251.0206,17.248,57.977
251.0379,17.878,55.934
251.0557,17.971,55.645
251.0737,17.311,57.768
251.091,16.885,59.222
251.1079,19.437,51.448
251.1273,17.307,57.779
251.1447,16.536,60.475
251.1612,17.488,57.182
251.1787,16.118,62.041
251.1948,17.399,57.475
251.2122,17.256,57.952
251.2295,16.55,60.422
251.246,16.377,61.061
251.2624,17.206,58.121
251.2796,34.562,28.933
251.3141,18.572,53.844
251.3327,16.337,61.212
251.3491,16.428,60.871
251.3655,17.72,56.434
251.3832,16.369,61.091
251.3996,16.373,61.076
251.4159,18.733,53.382
251.4347,16.755,59.685
251.4514,18.422,54.283
251.4699,18.133,55.148
251.488,16.83,59.418
251.5048,18.373,54.426
251.5232,18.584,53.809
251.5418,15.981,62.575
251.5578,18.358,54.473
251.5761,14.95,66.891
251.5911,16.111,62.069
251.6072,16.798,59.53
251.624,39.285,25.455
251.6633,16.499,60.609
251.6798,16.581,60.309
251.6963,17.997,55.563
251.7143,16.216,61.666
251.7306,18.036,55.444
251.7486,16.621,60.165
251.7652,17.817,56.127
251.783,16.735,59.754
251.7998,15.224,65.684
251.815,18.816,53.146
251.8338,18.532,53.961
251.8523,17.477,57.217
251.8698,16.455,60.772
251.8863,18.799,53.194
251.9051,16.734,59.759
251.9218,32.519,30.751
251.9543,16.594,60.261
251.9709,16.941,59.027
251.9879,17.435,57.355
252.0053,17.035,58.701
252.0223,16.727,59.784
252.0391,18.767,53.285
252.0578,18.377,54.417
252.0762,17.294,57.823
252.0935,19.078,52.417
252.1126,17.562,56.94
252.1301,15.934,62.759
252.1461,17.054,58.637
252.1631,17.623,56.745
252.1807,18.991,52.657
252.1997,16.053,62.292
252.2158,17.754,56.325
252.2335,17.517,57.086
252.2511,16.745,59.72
252.2678,18.54,53.937
252.2863,15.742,63.523
252.3021,17.299,57.807
252.3194,17.894,55.885
252.3373,16.526,60.509
252.3538,16.232,61.606
252.37,16.803,59.512
252.3868,16.442,60.821
252.4033,17.952,55.703
252.4212,15.969,62.621
252.4372,16.597,60.251
252.4538,18.868,53.001
252.4727,17.787,56.222
252.4905,16.382,61.041
252.5068,18.042,55.427
252.5249,15.344,65.172
252.5402,15.823,63.197
252.556,16.21,61.691
252.5723,15.378,65.026
252.5876,17.645,56.674
252.6053,18.71,53.447
252.624,19.084,52.4
252.6431,16.682,59.946
252.6598,16.72,59.808
252.6765,17.142,58.337
252.6936,18.848,53.055
252.7125,16.584,60.301
252.729,19.349,51.683
252.7484,17.36,57.604
252.7658,18.475,54.128
252.7842,15.609,64.065
252.7998,17.793,56.202
252.8176,16.833,59.408
252.8345,18.47,54.142
252.8529,16.427,60.876
252.8694,17.506,57.123
252.8869,17.451,57.303
252.9043,17.071,58.578
252.9214,19.259,51.925
252.9407,17.083,58.539
252.9577,18.575,53.835
252.9763,17.426,57.385
252.9937,14.857,67.307
253.0086,18.165,55.05
253.0268,18.487,54.093
253.0452,15.464,64.667
253.0607,18.299,54.649
253.079,16.677,59.963
253.0957,16.901,59.169
253.1126,16.498,60.614
253.1291,16.44,60.826
253.1455,16.886,59.221
253.1624,18.019,55.497
253.1804,17.395,57.488
253.1978,17.713,56.457
253.2155,17.892,55.89
253.2334,16.679,59.957
253.2501,19.041,52.517
253.2691,16.329,61.241
253.2855,16.218,61.662
253.3017,15.911,62.851
253.3176,17.138,58.35
253.3347,18.094,55.268
253.3528,17.357,57.614
253.3702,16.117,62.047
253.3863,16.233,61.602
253.4025,16.889,59.209
253.4194,17.67,56.592
253.4371,16.926,59.081
253.454,16.183,61.794
253.4702,17.376,57.55
253.4876,16.867,59.287
253.5045,17.368,57.576
253.5218,18.254,54.784
253.5401,16.826,59.433
253.5569,18.202,54.94
253.5751,15.973,62.605
253.5911,18.701,53.472
253.6098,17.377,57.547
253.6272,17.969,55.65
253.6451,16.595,60.258
253.6617,16.051,62.302
253.6778,19.042,52.515
253.6968,15.493,64.545
253.7123,18.981,52.686
253.7313,17.427,57.382
253.7487,18.094,55.268
253.7668,19.324,51.75
253.7861,17.39,57.503
253.8035,17.632,56.716
253.8212,18.918,52.859
253.8401,17.6,56.819
253.8577,17.08,58.548
253.8748,16.406,60.953
253.8912,47.668,20.978
253.9388,17.86,55.992
253.9567,19.113,52.32
253.9758,16.861,59.308
253.9927,17.058,58.625
254.0097,16.531,60.493
254.0262,17.659,56.627
254.0439,18.637,53.658
254.0625,18.104,55.236
254.0806,16.269,61.467
254.0969,17.697,56.506
254.1146,18.561,53.875
254.1332,17.05,58.65
254.1502,16.786,59.573
254.167,16.963,58.95
254.184,16.509,60.573
254.2005,17.291,57.835
254.2178,17.213,58.094
254.235,18.362,54.459
254.2534,17.745,56.353
254.2711,15.497,64.53
254.2866,17.706,56.477
254.3043,16.805,59.506
254.3211,18.03,55.464
254.3391,19.47,51.36
254.3586,18.352,54.489
254.377,17.987,55.594
254.3949,18.345,54.511
254.4133,17.988,55.593
254.4313,18.136,55.138
254.4494,16.982,58.886
254.4664,17.521,57.073
254.4839,16.66,60.024
254.5006,18.315,54.6
254.5189,18.196,54.956
254.5371,17.375,57.555
254.5545,19.068,52.445
254.5735,17.269,57.906
254.5908,18.529,53.969
254.6093,19.315,51.772
254.6286,17.09,58.514
254.6457,16.373,61.076
254.6621,17.682,56.555
254.6798,17.613,56.775
254.6974,19.562,51.12
254.717,19.835,50.417
254.7368,17.767,56.284
254.7546,16.856,59.328
254.7714,18.873,52.985
254.7903,17.909,55.837
254.8082,17.652,56.651
254.8259,16.844,59.369
254.8427,18.591,53.788
254.8613,16.83,59.418
254.8781,16.815,59.47
254.8949,17.496,57.157
254.9124,19.771,50.58
254.9322,18.88,52.965
254.9511,18.349,54.5
254.9694,18.62,53.707
254.9881,17.148,58.316
255.0052,18.931,52.822
255.0241,17.27,57.905
255.0414,19.538,51.183
255.0609,16.467,60.727
255.0774,18.447,54.208
255.0959,18.548,53.914
255.1144,16.921,59.098
255.1313,18.867,53.004
255.1502,18.503,54.046
255.1687,19.487,51.317
255.1882,18.14,55.126
255.2063,16.76,59.664
255.2231,18.434,54.249
255.2415,18.847,53.058
255.2604,18.311,54.612
255.2787,18.457,54.181
255.2971,18.168,55.041
255.3153,19.871,50.324
255.3352,19.304,51.804
255.3545,17.531,57.043
255.372,18.273,54.727
255.3903,17.09,58.515
255.4074,18.703,53.466
255.4261,19.266,51.904
255.4453,15.79,63.329
255.4611,17.513,57.102
255.4786,17.988,55.594
255.4966,18.801,53.189
255.5154,18.28,54.706
255.5337,18.821,53.133
255.5525,15.903,62.882
255.5684,19.863,50.344
255.5883,19.497,51.289
255.6078,18.781,53.245
255.6266,18.704,53.463
255.6453,17.563,56.939
255.6628,17.286,57.851
255.6801,18.997,52.641
255.6991,19.647,50.897
255.7188,16.863,59.301
255.7356,17.714,56.453
255.7533,17.275,57.886
255.7706,18.485,54.097
255.7891,16.955,58.979
255.8061,17.838,56.059
255.8239,17.803,56.171
255.8417,17.031,58.717
255.8587,16.846,59.363
255.8756,18.747,53.341
255.8943,18.572,53.844
255.9129,16.603,60.228
255.9295,17.689,56.533
255.9472,18.846,53.062
255.966,17.849,56.026
255.9839,18.428,54.265
256.0023,18.228,54.861
256.0205,18.04,55.431
256.0386,18.304,54.634
256.0569,16.806,59.502
256.0737,17.928,55.779
256.0916,19.161,52.19
256.1108,17.401,57.467
256.1282,19.541,51.174
256.1477,17.541,57.01
256.1653,18.768,53.282
256.184,18.413,54.31
256.2024,18.28,54.704
256.2207,18.895,52.925
256.2396,17.938,55.748
256.2576,16.599,60.244
256.2742,19.977,50.058
256.2941,18.652,53.614
256.3128,17.327,57.712
256.3301,18.366,54.45
256.3485,17.622,56.747
256.3661,19.458,51.392
256.3856,16.698,59.887
256.4023,18.224,54.873
256.4205,17.214,58.093
256.4377,17.605,56.803
256.4553,39.338,25.421
256.4946,17.637,56.699
256.5123,18.854,53.039
256.5311,18.03,55.463
256.5492,18.283,54.695
256.5674,17.245,57.987
256.5847,19.015,52.589
256.6037,17.526,57.059
256.6212,18.173,55.026
256.6394,17.866,55.972
256.6573,56.753,17.62
256.714,17.369,57.575
256.7314,18.534,53.954
256.7499,19.562,51.121
256.7695,18.96,52.742
256.7884,18.269,54.739
256.8067,17.271,57.902
256.824,19.245,51.962
256.8432,18.025,55.479
256.8613,17.266,57.918
256.8785,18.821,53.133
256.8973,47.446,21.077
256.9448,18.689,53.507
256.9635,18.926,52.839
256.9824,18.179,55.01
257.0006,18.755,53.319
257.0193,18.51,54.024
257.0378,18.126,55.168
257.056,18.777,53.258
257.0747,17.635,56.705
257.0924,18.302,54.639
257.1107,18.303,54.634
257.129,19.226,52.012
257.1482,17.705,56.483
257.1659,19.122,52.296
257.185,18.391,54.376
257.2034,18.858,53.028
257.2223,17.273,57.894
257.2396,18.279,54.706
257.2578,18.799,53.195
257.2766,19.099,52.357
257.2957,17.895,55.88
257.3136,18.383,54.399
257.332,18.303,54.635
257.3503,20.257,49.366
257.3706,18.558,53.886
257.3891,19.162,52.186
257.4083,16.896,59.185
257.4252,18.782,53.244
257.444,17.72,56.433
257.4617,18.682,53.528
257.4804,17.643,56.679
257.498,20.636,48.459
257.5187,33.411,29.93
257.5521,16.897,59.184
257.569,18.011,55.522
257.587,18.687,53.515
257.6057,17.112,58.44
257.6228,18.268,54.742
257.641,18.759,53.307
257.6598,16.561,60.381
257.6764,17.714,56.452
257.6941,18.227,54.864
257.7123,17.916,55.816
257.7302,16.799,59.526
257.747,16.836,59.398
257.7639,15.994,62.525
257.7798,18.513,54.017
257.7984,17.756,56.318
257.8161,18.399,54.351
257.8345,16.673,59.977
257.8512,18.477,54.122
257.8697,16.717,59.82
257.8864,18.669,53.564
257.905,17.935,55.757
257.923,17.986,55.598
257.941,16.179,61.808
257.9571,18.538,53.944
257.9757,18.717,53.428
257.9944,18.289,54.678
258.0127,18.116,55.2
258.0308,18.358,54.472
258.0492,17.156,58.287
258.0663,16.43,60.866
258.0828,19.25,51.948
258.102,18.068,55.348
258.1201,20.705,48.297
258.1408,19.041,52.518
258.1598,16.876,59.256
258.1767,18.515,54.011
258.1952,19.224,52.018
258.2144,18.84,53.079
258.2333,17.982,55.611
258.2513,17.674,56.579
258.2689,16.813,59.476
258.2857,18.243,54.814
258.304,18.737,53.37
258.3227,18.121,55.186
258.3408,18.124,55.175
258.359,18.849,53.054
258.3778,19.19,52.111
258.397,16.873,59.268
258.4139,19.687,50.795
258.4336,18.786,53.232
258.4523,19.43,51.467
258.4718,19.642,50.91
258.4914,17.538,57.018
258.509,17.299,57.806
258.5263,19.659,50.867
258.5459,17.422,57.398
258.5633,19.328,51.739
258.5827,16.998,58.831
258.5997,16.633,60.12
258.6163,17.457,57.283
258.6338,18.065,55.356
258.6518,19.739,50.661
258.6716,18.505,54.039
258.6901,18.596,53.774
258.7087,17.647,56.665
258.7263,17.583,56.874
258.7439,18.169,55.04
258.7621,17.599,56.822
258.7797,19.486,51.319
258.7991,17.188,58.18
258.8163,18.997,52.641
258.8353,17.562,56.943
258.8529,18.793,53.211
258.8717,19.894,50.267
258.8916,17.828,56.092
258.9094,19.733,50.677
258.9291,18.481,54.11
258.9476,18.116,55.2
258.9657,19.389,51.577
258.9851,18.879,52.969
259.004,16.136,61.972
259.0201,19.028,52.554
259.0392,19.411,51.516
259.0586,18.734,53.38
259.0773,17.976,55.629
259.0953,18.48,54.113
259.1138,18.199,54.949
259.132,16.995,58.84
259.149,18.485,54.098
259.1674,16.918,59.109
259.1844,18.492,54.078
259.2029,18.171,55.031
259.221,18.921,52.852
259.24,17.373,57.559
259.2573,19.623,50.961
259.2769,17.706,56.477
259.2947,16.394,60.997
259.311,17.883,55.921
259.3289,18.316,54.596
259.3472,19.194,52.1
259.3664,18.053,55.393
259.3845,17.889,55.902
259.4024,15.981,62.573
259.4184,17.651,56.653
259.436,18.101,55.245
259.4541,19.655,50.879
259.4738,17.938,55.748
259.4917,18.636,53.659
259.5103,17.726,56.414
259.5281,18.98,52.687
259.5471,18.776,53.26
259.5658,18.507,54.034
259.5843,20.532,48.704
259.6049,18.2,54.944
259.6231,17.273,57.894
259.6403,18.186,54.986
259.6585,17.252,57.963
259.6758,18.57,53.849
259.6943,18.347,54.504
259.7127,17.375,57.553
259.7301,18.03,55.463
259.7481,20.087,49.784
259.7682,18.541,53.935
259.7867,18.716,53.43
259.8054,20.373,49.086
259.8258,18.023,55.484
259.8438,19.552,51.146
259.8634,18.385,54.393
259.8818,17.782,56.235
259.8996,17.19,58.174
259.9167,17.017,58.764
259.9338,18.703,53.468
259.9525,17.551,56.977
259.97,18.415,54.303
259.9884,18.222,54.878
260.0067,18.73,53.391
260.0254,18.962,52.736
260.0443,18.344,54.513
260.0627,17.798,56.186
260.0805,17.885,55.914
260.0984,18.328,54.56
260.1167,19.671,50.835
260.1364,17.539,57.017
260.1539,17.684,56.548
260.1716,19.504,51.273
260.1911,17.466,57.253
260.2086,17.6,56.82
260.2262,19.16,52.191
260.2453,18.224,54.873
260.2636,18.908,52.886
260.2825,18.239,54.828
260.3007,17.044,58.671
260.3177,19.134,52.262
260.3369,17.495,57.159
260.3544,18.226,54.867
260.3726,17.803,56.171
260.3904,18.022,55.488
260.4084,20.602,48.539
260.429,17.481,57.206
260.4465,18.325,54.569
260.4648,17.524,57.065
260.4824,18.156,55.079
260.5005,19.475,51.347
260.52,18.11,55.218
260.5381,17.405,57.453
260.5555,20.009,49.978
260.5755,18.392,54.37
260.5939,18.727,53.399
260.6126,18.527,53.975
260.6312,15.535,64.37
260.6467,18.867,53.003
260.6656,18.698,53.482
260.6843,36.057,27.734
260.7203,19.352,51.674
260.7397,18.364,54.453
260.758,18.07,55.34
260.7761,16.878,59.248
260.793,19.007,52.612
260.812,18.627,53.684
260.8306,17.317,57.748
260.8479,17.668,56.6
260.8656,19.213,52.048
260.8848,19.646,50.9
260.9045,19.017,52.586
260.9235,17.587,56.862
260.9411,17.328,57.711
260.9584,17.91,55.834
260.9763,18.723,53.41
260.995,17.519,57.079
261.0125,19.578,51.077
261.0321,16.844,59.368
261.049,17.147,58.321
261.0661,17.15,58.309
261.0833,17.296,57.816
261.1006,18.638,53.655
261.1192,18.246,54.807
261.1374,18.555,53.895
261.156,17.734,56.388
261.1737,18.192,54.969
261.1919,18.785,53.234
261.2107,18.927,52.836
261.2296,16.978,58.899
261.2466,16.561,60.382
261.2632,19.004,52.62
261.2822,18.485,54.099
261.3007,17.569,56.92
261.3182,18.476,54.124
261.3367,16.278,61.431
261.353,18.156,55.078
261.3711,18.069,55.344
261.3892,16.953,58.988
261.4062,18.958,52.747
261.4251,16.549,60.425
261.4417,16.228,61.622
261.4579,16.762,59.659
261.4747,17.637,56.699
261.4923,17.139,58.345
261.5094,18.103,55.241
261.5275,18.897,52.918
261.5464,18.133,55.148
261.5646,18.633,53.669
261.5832,18.986,52.671
261.6022,19.248,51.952
261.6214,17.62,56.754
261.6391,16.402,60.969
261.6555,17.941,55.739
261.6734,18.83,53.107
261.6922,17.671,56.59
261.7099,18.028,55.47
261.7279,17.665,56.608
261.7456,19.41,51.519
261.765,16.596,60.257
261.7816,16.948,59.006
261.7985,17.497,57.154
261.816,17.682,56.556
261.8337,19.132,52.268
261.8529,17.343,57.66
261.8702,16.167,61.854
261.8864,18.069,55.342
261.9044,18.069,55.345
261.9225,17.829,56.087
261.9403,16.566,60.365
261.9569,18.557,53.887
261.9755,19.908,50.232
261.9954,16.889,59.212
262.0123,17.949,55.713
262.0302,18.305,54.631
262.0485,18.661,53.588
262.0672,17.838,56.061
262.085,17.72,56.432
262.1027,17.417,57.414
262.1201,17.797,56.19
262.1379,16.51,60.568
262.1545,17.484,57.194
262.1719,18.156,55.08
262.1901,17.02,58.754
262.2071,18.647,53.628
262.2258,16.867,59.288
262.2426,17.948,55.718
262.2606,18.027,55.471
262.2786,18.817,53.143
262.2974,18.855,53.036
262.3163,18.429,54.261
262.3347,18.272,54.729
262.353,18.576,53.832
262.3715,17.841,56.051
262.3894,17.853,56.013
262.4072,16.69,59.915
262.4239,18.35,54.496
262.4423,18.189,54.978
262.4605,18.088,55.285
262.4786,17.921,55.801
262.4965,16.552,60.416
262.513,17.527,57.054
262.5306,18.421,54.286
262.549,18.724,53.407
262.5677,16.846,59.363
262.5846,17.882,55.924
262.6024,18.133,55.149
262.6206,16.072,62.219
262.6366,17.111,58.443
262.6537,16.545,60.44
262.6703,17.416,57.419
262.6877,17.911,55.832
262.7056,18.442,54.223
262.7241,19.117,52.309
262.7432,38.886,25.716
262.7821,16.576,60.328
262.7986,18.4,54.347
262.817,17.311,57.767
262.8344,18.557,53.889
262.8529,17.245,57.989
262.8702,18.205,54.931
262.8884,17.02,58.755
262.9054,18.269,54.739
262.9236,18.347,54.504
262.942,16.474,60.703
262.9585,17.242,58.0
262.9757,16.724,59.793
262.9924,15.595,64.123
263.008,18.529,53.969
263.0266,17.21,58.107
263.0438,18.982,52.683
263.0627,17.877,55.938
263.0806,18.212,54.908
263.0988,17.495,57.159
263.1163,17.862,55.985
263.1342,17.437,57.348
263.1516,16.785,59.578
263.1684,16.377,61.059
263.1848,16.665,60.008
263.2015,17.664,56.613
263.2191,16.491,60.641
263.2356,17.562,56.942
263.2532,18.589,53.794
263.2718,16.451,60.788
263.2882,17.233,58.029
263.3054,17.272,57.897
263.3227,18.295,54.658
263.341,17.289,57.839
263.3583,17.574,56.901
263.3759,17.728,56.408
263.3936,17.565,56.932
263.4112,16.861,59.308
263.428,17.532,57.039
263.4456,17.611,56.784
263.4632,17.642,56.683
263.4808,18.208,54.921
263.499,18.217,54.893
263.5172,17.466,57.254
263.5347,18.847,53.06
263.5536,14.967,66.813
263.5685,18.136,55.138
263.5867,18.121,55.184
263.6048,16.312,61.306
263.6211,17.614,56.775
263.6387,17.653,56.649
263.6564,18.315,54.601
263.6747,17.426,57.387
263.6921,16.568,60.359
263.7087,19.245,51.961
263.7279,18.452,54.193
263.7464,18.612,53.729
263.765,18.076,55.323
263.7831,16.157,61.891
263.7992,17.064,58.604
263.8163,17.959,55.682
263.8342,17.24,58.006
263.8515,17.847,56.032
263.8693,17.13,58.377
263.8864,17.343,57.661
263.9038,18.433,54.249
263.9222,16.157,61.892
263.9384,16.794,59.547
263.9552,17.001,58.821
263.9722,17.026,58.732
263.9892,17.654,56.645
264.0069,17.702,56.491
264.0246,17.192,58.167
264.0417,16.951,58.995
264.0587,17.082,58.54
264.0758,18.72,53.418
264.0945,18.458,54.177
264.113,15.693,63.724
264.1287,16.593,60.266
264.1452,16.264,61.486
264.1615,16.611,60.199
264.1781,17.039,58.689
264.1952,17.981,55.616
264.2131,17.278,57.876
264.2304,15.578,64.195
264.246,18.217,54.894
264.2642,17.433,57.363
264.2816,17.183,58.196
264.2988,18.018,55.501
264.3168,18.896,52.921
264.3357,17.158,58.283
264.3529,17.828,56.09
264.3707,16.751,59.698
264.3875,16.861,59.307
264.4043,16.553,60.412
264.4209,17.435,57.355
264.4383,18.029,55.465
264.4564,16.999,58.826
264.4734,16.161,61.879
264.4895,15.804,63.277
264.5053,18.142,55.12
264.5235,16.027,62.396
264.5395,17.667,56.603
264.5572,17.006,58.803
264.5742,14.952,66.883
264.5891,17.726,56.413
264.6068,17.247,57.981
264.6241,19.35,51.679
264.6434,18.085,55.293
264.6615,16.386,61.027
264.6779,16.976,58.905
264.6949,16.7,59.882
264.7116,16.839,59.388
264.7284,16.11,62.075
264.7445,16.974,58.912
264.7615,19.307,51.795
264.7808,18.33,54.557
264.7991,16.536,60.472
264.8157,18.497,54.064
264.8342,17.34,57.671
264.8515,17.627,56.731
264.8691,15.812,63.242
264.885,17.466,57.254
264.9024,16.164,61.865
264.9186,17.391,57.499
264.936,15.849,63.094
264.9518,18.047,55.41
264.9699,17.52,57.078
264.9874,17.592,56.843
265.005,16.11,62.071
265.0211,16.898,59.18
265.038,17.291,57.832
265.0553,18.466,54.153
265.0738,16.714,59.83
265.0905,17.187,58.183
265.1077,18.068,55.347
265.1257,16.031,62.38
265.1418,16.62,60.17
265.1584,18.127,55.167
265.1765,17.243,57.993
265.1937,16.873,59.268
265.2106,17.027,58.729
265.2276,18.149,55.099
265.2458,16.053,62.293
265.2618,18.09,55.28
265.2799,15.734,63.555
265.2957,16.397,60.989
265.3121,17.758,56.313
265.3298,16.458,60.76
265.3463,17.464,57.26
265.3637,15.628,63.987
265.3794,16.988,58.866
265.3964,17.727,56.41
265.4141,17.643,56.68
265.4317,15.36,65.105
265.4471,16.224,61.636
265.4633,16.367,61.097
265.4797,18.703,53.468
265.4984,17.072,58.575
265.5155,16.817,59.462
265.5323,17.077,58.557
265.5494,17.049,58.653
265.5664,17.204,58.126
265.5836,18.752,53.328
265.6024,17.318,57.743
265.6197,17.047,58.663
265.6367,18.094,55.267
265.6548,17.747,56.347
265.6726,18.108,55.225
265.6907,16.753,59.69
265.7074,17.282,57.862
265.7247,14.998,66.675
265.7397,16.579,60.317
265.7563,15.302,65.351
265.7716,17.594,56.838
265.7892,16.952,58.991
265.8061,16.575,60.33
265.8227,15.721,63.608
265.8384,18.273,54.725
265.8567,17.077,58.56
265.8738,16.181,61.8
265.89,16.579,60.316
265.9065,16.774,59.616
265.9233,15.624,64.005
265.9389,15.129,66.097
265.9541,18.464,54.159
265.9725,17.062,58.609
265.9896,18.196,54.957
266.0078,17.516,57.09
266.0253,17.321,57.734
266.0426,16.784,59.579
266.0594,16.66,60.025
266.0761,18.014,55.513
266.0941,15.71,63.654
266.1098,16.522,60.526
266.1263,16.603,60.23
266.1429,16.922,59.095
266.1598,17.16,58.275
266.177,16.313,61.299
266.1933,17.263,57.927
266.2106,15.551,64.307
266.2261,16.697,59.892
266.2428,58.136,17.201
266.301,17.605,56.803
266.3186,17.274,57.891
266.3358,19.397,51.553
266.3552,17.517,57.086
266.3728,17.775,56.26
266.3905,17.805,56.163
266.4083,17.411,57.437
266.4257,15.972,62.609
266.4417,17.194,58.16
266.4589,16.145,61.939
266.4751,18.187,54.985
266.4932,16.875,59.261
266.5101,16.12,62.036
266.5262,17.283,57.861
266.5435,17.617,56.762
266.5611,16.258,61.51
266.5774,16.41,60.937
266.5938,15.404,64.92
266.6092,18.571,53.848
266.6278,17.68,56.56
266.6455,15.738,63.539
266.6612,18.672,53.556
266.6799,18.858,53.027
266.6987,16.768,59.637
266.7155,16.958,58.97
266.7325,18.121,55.185
266.7506,16.165,61.863
266.7667,17.809,56.153
266.7845,17.413,57.428
266.802,15.95,62.694
266.8179,17.469,57.244
266.8354,16.673,59.979
266.8521,16.29,61.388
266.8683,16.562,60.379
266.8849,16.602,60.234
266.9015,15.61,64.062
266.9171,18.804,53.179
266.9359,15.684,63.759
266.9516,16.529,60.498
266.9681,15.309,65.32
266.9834,16.316,61.289
266.9998,17.324,57.724
267.0171,15.394,64.962
267.0325,18.376,54.418
267.0509,17.119,58.415
267.068,16.941,59.027
267.0849,16.958,58.968
267.1019,17.484,57.194
267.1194,16.969,58.929
267.1363,16.538,60.467
267.1529,16.399,60.98
267.1693,18.561,53.875
267.1878,17.188,58.179
267.205,18.185,54.99
267.2232,15.912,62.844
267.2391,16.744,59.722
267.2559,17.732,56.394
267.2736,18.054,55.388
267.2916,16.372,61.081
267.308,16.81,59.487
267.3248,18.557,53.887
267.3434,17.615,56.771
267.361,17.81,56.148
267.3788,16.306,61.325
267.3951,17.94,55.74
267.4131,17.84,56.055
267.4309,15.505,64.497
267.4464,16.663,60.012
267.4631,15.757,63.462
267.4788,15.879,62.978
267.4947,18.243,54.815
267.5129,18.293,54.667
267.5312,17.835,56.07
267.5491,16.309,61.317
267.5654,16.012,62.453
267.5814,16.149,61.922
267.5975,17.158,58.281
267.6147,17.193,58.165
267.6319,16.714,59.829
267.6486,17.405,57.454
267.666,16.409,60.941
267.6824,16.331,61.231
267.6987,17.755,56.322
267.7165,17.659,56.627
267.7342,16.839,59.387
267.751,16.489,60.647
267.7675,16.296,61.364
267.7838,16.836,59.397
267.8006,17.319,57.738
267.8179,18.12,55.186
267.8361,17.756,56.32
267.8538,17.019,58.757
267.8708,15.353,65.133
267.8862,18.145,55.111
267.9043,17.489,57.178
267.9218,19.761,50.605
267.9416,16.206,61.706
267.9578,16.282,61.417
267.9741,17.218,58.079
267.9913,17.841,56.05
268.0091,18.504,54.042
268.0276,19.207,52.064
268.0468,15.853,63.082
268.0627,15.837,63.142
268.0785,17.714,56.452
268.0962,16.461,60.75
268.1127,17.426,57.384
268.1301,17.937,55.75
268.1481,17.475,57.224
268.1655,16.332,61.231
268.1819,18.079,55.313
268.2,18.167,55.043
268.2181,16.669,59.99
268.2348,17.415,57.422
268.2522,16.589,60.281
268.2688,17.541,57.01
268.2863,17.854,56.009
268.3042,16.266,61.478
268.3205,18.57,53.851
268.339,16.984,58.88
268.356,16.146,61.936
268.3722,17.119,58.413
268.3893,17.014,58.775
268.4063,18.088,55.284
268.4244,18.165,55.05
268.4425,17.079,58.551
268.4596,17.494,57.164
268.4771,17.867,55.968
268.495,52.701,18.975
268.5477,18.061,55.369
268.5657,17.892,55.89
268.5836,17.786,56.223
268.6014,16.258,61.51
268.6177,17.876,55.942
268.6356,18.022,55.487
268.6536,18.455,54.186
268.672,17.659,56.627
268.6897,16.741,59.735
268.7064,16.451,60.785
268.7229,16.269,61.466
268.7392,15.926,62.791
268.7551,16.848,59.354
268.7719,17.571,56.913
268.7895,16.704,59.865
268.8062,17.357,57.613
268.8236,16.748,59.707
268.8403,18.096,55.26
268.8584,17.636,56.704
268.876,17.064,58.605
268.8931,15.635,63.959
268.9087,16.697,59.889
268.9254,15.692,63.728
268.9411,18.157,55.074
268.9593,17.369,57.575
268.9767,17.385,57.52
268.994,15.948,62.705
269.01,17.333,57.694
269.0273,18.9,52.91
269.0462,17.32,57.737
269.0635,18.332,54.55
269.0819,17.923,55.794
269.0998,17.522,57.071
269.1173,19.115,52.316
269.1364,16.961,58.957
269.1534,17.264,57.926
269.1707,17.128,58.385
269.1878,16.549,60.428
269.2043,16.483,60.67
269.2208,17.237,58.014
269.2381,16.808,59.497
269.2549,18.554,53.898
269.2734,17.061,58.614
269.2905,18.984,52.677
269.3095,18.511,54.022
269.328,16.33,61.239
269.3443,18.213,54.904
269.3625,17.778,56.251
269.3803,17.022,58.746
269.3973,19.911,50.223
269.4172,17.052,58.644
269.4343,16.948,59.003
269.4512,17.566,56.928
269.4688,18.031,55.46
269.4868,17.498,57.148
269.5043,18.138,55.134
269.5225,19.21,52.055
269.5417,16.129,62.001
269.5578,18.56,53.879
269.5764,18.06,55.372
269.5944,17.086,58.529
269.6115,17.208,58.112
269.6287,17.451,57.303
269.6462,18.032,55.456
269.6642,17.659,56.628
269.6819,19.627,50.949
269.7015,18.566,53.863
269.72,19.381,51.598
269.7394,19.783,50.547
269.7592,18.062,55.365
269.7773,17.402,57.465
269.7947,16.641,60.091
269.8113,17.79,56.212
269.8291,17.089,58.517
269.8462,17.922,55.798
269.8641,17.464,57.259
269.8816,16.726,59.787
269.8983,17.869,55.962
269.9162,16.092,62.141
269.9323,18.897,52.919
269.9512,16.112,62.067
269.9673,18.219,54.886
269.9855,18.137,55.135
270.0036,19.485,51.323
270.0231,18.837,53.088
270.042,18.669,53.566
270.0606,17.279,57.874
270.0779,17.643,56.68
270.0955,17.355,57.621
270.1129,18.063,55.362
270.131,18.62,53.706
270.1496,17.668,56.599
270.1673,17.28,57.869
270.1845,18.432,54.255
270.203,18.424,54.277
270.2214,17.491,57.172
270.2389,18.033,55.454
270.2569,18.471,54.139
270.2754,17.961,55.676
270.2933,17.744,56.357
270.3111,52.298,19.121
270.3634,16.545,60.442
270.3799,18.581,53.819
270.3985,16.936,59.046
270.4154,16.386,61.029
270.4318,18.098,55.254
270.4499,18.128,55.163
270.4681,17.949,55.713
270.486,17.938,55.749
270.5039,17.677,56.572
270.5216,18.364,54.454
270.54,19.701,50.76
270.5597,16.642,60.089
270.5763,17.794,56.199
270.5941,18.894,52.928
270.613,17.629,56.724
270.6306,18.605,53.749
270.6493,18.984,52.675
270.6682,19.372,51.62
270.6876,16.846,59.36
270.7045,18.376,54.419
270.7228,19.423,51.486
270.7423,17.958,55.686
270.7602,17.766,56.287
270.778,20.772,48.141
270.7988,17.468,57.247
270.8162,17.683,56.552
270.8339,17.536,57.026
270.8514,18.36,54.467
270.8698,19.438,51.447
270.8892,19.3,51.813
270.9085,18.953,52.762
270.9275,17.543,57.004
270.945,18.314,54.602
270.9633,18.057,55.379
270.9814,17.933,55.764
270.9993,20.622,48.491
271.02,18.943,52.79
271.0389,18.937,52.805
271.0578,19.352,51.674
271.0772,18.292,54.67
271.0955,18.282,54.699
271.1138,18.608,53.74
271.1324,19.329,51.736
271.1517,18.391,54.376
271.1701,17.13,58.376
271.1872,16.318,61.284
271.2035,18.336,54.536
271.2219,18.504,54.043
271.2404,18.993,52.651
271.2594,17.486,57.19
271.2769,17.945,55.726
271.2948,18.774,53.265
271.3136,18.673,53.555
271.3322,17.701,56.493
271.35,17.673,56.585
271.3676,18.166,55.047
271.3858,18.341,54.524
271.4041,17.156,58.29
271.4213,19.911,50.222
271.4412,18.098,55.255
271.4593,19.265,51.907
271.4786,17.726,56.414
271.4963,18.116,55.201
271.5144,19.036,52.533
271.5334,18.34,54.527
271.5518,20.134,49.668
271.5719,19.843,50.395
271.5918,19.714,50.725
271.6115,18.59,53.792
271.6301,40.452,24.721
271.6705,20.295,49.274
271.6908,18.526,53.977
271.7093,18.704,53.464
271.728,19.302,51.808
271.7473,19.866,50.336
271.7672,18.306,54.626
271.7855,18.776,53.26
271.8043,17.604,56.806
271.8219,17.424,57.391
271.8393,18.695,53.49
271.858,18.819,53.138
271.8768,18.769,53.278
271.8956,18.794,53.209
271.9144,18.618,53.712
271.933,32.478,30.79
271.9655,20.067,49.834
271.9856,19.085,52.398
272.0046,18.743,53.355
272.0234,19.599,51.022
272.043,18.878,52.971
272.0619,18.822,53.129
272.0807,17.165,58.258
272.0978,18.172,55.029
272.116,17.965,55.665
272.134,18.861,53.019
272.1528,52.776,18.948
272.2056,18.313,54.605
272.2239,18.606,53.747
272.2425,17.972,55.641
272.2605,17.596,56.83
272.2781,17.657,56.634
272.2958,19.154,52.21
272.3149,18.054,55.389
272.333,18.381,54.403
272.3514,18.141,55.123
272.3695,18.598,53.769
272.3881,18.812,53.157
272.4069,19.023,52.568
272.4259,19.261,51.919
272.4452,17.62,56.755
272.4628,18.747,53.343
272.4816,19.601,51.018
272.5012,19.928,50.181
272.5211,18.323,54.576
272.5394,18.503,54.044
272.5579,15.81,63.251
272.5737,19.075,52.425
272.5928,19.937,50.157
272.6127,18.243,54.816
272.631,19.973,50.067
272.651,17.47,57.242
272.6684,19.074,52.427
272.6875,20.398,49.024
272.7079,18.973,52.706
272.7269,19.786,50.541
272.7467,19.636,50.926
272.7663,18.926,52.839
272.7852,19.861,50.349
272.8051,20.859,47.942
272.8259,18.218,54.892
272.8442,18.779,53.251
272.8629,19.621,50.967
272.8826,19.492,51.302
272.902,19.395,51.558
272.9214,20.036,49.911
272.9415,18.724,53.407
272.9602,21.999,45.456
272.9822,17.789,56.215
273.0,20.149,49.63
273.0201,19.81,50.48
273.0399,19.53,51.203
273.0595,18.515,54.012
273.078,18.959,52.745
273.097,18.41,54.319
273.1154,19.096,52.366
273.1345,20.564,48.628
273.155,18.735,53.376
273.1738,19.433,51.459
273.1932,20.664,48.394
273.2139,18.319,54.588
273.2322,18.22,54.883
273.2504,20.38,49.067
273.2708,20.11,49.726
273.2909,18.157,55.076
273.309,18.682,53.529
273.3277,19.178,52.142
273.3469,19.767,50.589
273.3667,18.113,55.208
273.3848,19.485,51.323
273.4043,18.783,53.24
273.423,18.467,54.15
273.4415,18.497,54.064
273.46,19.659,50.867
273.4797,17.529,57.049
273.4972,21.503,46.505
273.5187,18.91,52.882
273.5376,19.058,52.47
273.5567,18.702,53.47
273.5754,20.854,47.952
273.5962,18.046,55.415
273.6143,19.555,51.138
273.6338,19.311,51.784
273.6531,31.045,32.212
273.6842,19.089,52.387
273.7033,20.396,49.029
273.7237,18.897,52.92
273.7426,20.261,49.355
273.7628,19.101,52.353
273.7819,18.923,52.844
273.8008,18.012,55.517
273.8189,19.52,51.23
273.8384,18.397,54.357
273.8568,19.098,52.362
273.8759,21.829,45.81
273.8977,19.398,51.551
273.9171,18.092,55.274
273.9352,18.411,54.315
273.9536,17.686,56.542
273.9713,19.527,51.21
273.9908,18.801,53.19
274.0096,19.484,51.323
274.0291,20.051,49.873
274.0492,19.322,51.755
274.0685,19.295,51.828
274.0878,18.517,54.004
274.1063,19.487,51.315
274.1258,20.369,49.095
274.1461,19.292,51.834
274.1654,17.739,56.372
274.1832,18.664,53.579
274.2018,18.839,53.083
274.2207,17.21,58.105
274.2379,19.941,50.147
274.2578,19.482,51.329
274.2773,19.422,51.488
274.2967,19.341,51.705
274.3161,21.226,47.111
274.3373,20.308,49.241
274.3576,21.022,47.57
274.3786,20.205,49.493
274.3988,18.866,53.007
274.4177,19.002,52.627
274.4367,20.204,49.496
274.4569,18.865,53.007
274.4758,19.727,50.691
274.4955,19.844,50.393
274.5153,18.589,53.795
274.5339,19.251,51.946
274.5532,19.09,52.383
274.5723,21.823,45.822
274.5941,20.399,49.021
274.6145,19.518,51.234
274.634,19.161,52.189
274.6532,18.793,53.212
274.672,20.46,48.875
274.6924,19.692,50.782
274.7121,20.392,49.039
274.7325,17.749,56.342
274.7503,18.95,52.77
274.7692,20.422,48.967
274.7896,19.836,50.414
274.8095,19.296,51.824
274.8288,19.125,52.287
274.8479,19.315,51.774
274.8672,19.048,52.498
274.8863,20.196,49.514
274.9065,20.128,49.683
274.9266,20.277,49.317
274.9469,19.372,51.62
274.9662,20.856,47.947
274.9871,20.01,49.976
275.0071,21.273,47.008
275.0284,19.815,50.466
275.0482,18.917,52.861
275.0671,20.549,48.664
275.0877,18.838,53.085
275.1065,19.115,52.314
275.1256,19.65,50.891
275.1453,19.777,50.563
275.165,20.748,48.196
275.1858,19.826,50.44
275.2056,18.742,53.357
275.2243,20.429,48.949
275.2448,19.199,52.085
275.264,20.072,49.82
275.284,18.388,54.382
275.3024,20.013,49.968
275.3224,20.446,48.908
275.3429,20.326,49.198
275.3632,21.924,45.612
275.3851,20.335,49.177
275.4055,20.732,48.234
275.4262,20.529,48.711
275.4467,18.732,53.385
275.4655,21.621,46.252
275.4871,33.971,29.436
275.5211,19.418,51.498
275.5405,19.826,50.439
275.5603,19.907,50.234
275.5802,19.615,50.981
275.5998,19.865,50.34
275.6197,20.186,49.54
275.6399,18.54,53.936
275.6584,17.684,56.549
275.6761,19.815,50.467
275.6959,19.23,52.003
275.7152,18.641,53.645
275.7338,20.611,48.518
275.7544,19.08,52.412
275.7735,21.355,46.828
275.7948,20.495,48.793
275.8153,17.868,55.966
275.8332,20.54,48.685
275.8537,18.91,52.883
275.8727,19.074,52.427
275.8917,18.509,54.027
275.9102,19.006,52.614
275.9292,20.591,48.565
275.9498,21.75,45.976
275.9716,21.514,46.481
275.9931,19.69,50.788
276.0128,20.426,48.956
276.0332,20.146,49.638
276.0534,19.617,50.977
276.073,18.669,53.564
276.0916,19.784,50.547
276.1114,21.54,46.426
276.133,21.367,46.801
276.1543,19.241,51.974
276.1736,20.378,49.074
276.194,20.669,48.381
276.2146,20.314,49.227
276.2349,19.913,50.218
276.2548,19.569,51.102
276.2744,18.407,54.326
276.2928,19.958,50.105
276.3128,20.402,49.014
276.3332,18.891,52.935
276.3521,19.139,52.249
276.3712,20.987,47.649
276.3922,20.83,48.007
276.413,20.55,48.663
276.4336,20.116,49.712
276.4537,19.992,50.021
276.4737,19.829,50.43
276.4935,19.141,52.243
276.5127,18.485,54.097
276.5311,19.296,51.824
276.5504,21.406,46.716
276.5718,19.456,51.398
276.5913,19.08,52.41
276.6104,20.703,48.303
276.6311,19.946,50.135
276.651,21.781,45.912
276.6728,20.139,49.654
276.693,19.356,51.663
276.7123,20.699,48.311
276.733,19.743,50.65
276.7528,20.391,49.042
276.7731,20.749,48.195
276.7939,20.604,48.534
276.8145,20.136,49.661
276.8346,20.747,48.201
276.8554,19.671,50.835
276.875,20.515,48.746
276.8956,20.791,48.097
276.9164,19.852,50.373
276.9362,20.256,49.368
276.9565,20.01,49.975
276.9765,21.019,47.576
276.9975,19.687,50.794
277.0172,20.245,49.396
277.0374,18.581,53.818
277.056,20.0,50.0
277.076,19.188,52.115
277.0952,17.711,56.461
277.1129,21.036,47.537
277.1339,19.097,52.364
277.153,19.965,50.088
277.173,19.022,52.572
277.192,19.017,52.585
277.211,20.191,49.528
277.2312,21.313,46.92
277.2525,19.695,50.774
277.2722,18.415,54.305
277.2907,18.876,52.977
277.3095,18.977,52.696
277.3285,21.523,46.462
277.35,19.352,51.675
277.3694,18.957,52.751
277.3883,20.871,47.914
277.4092,19.676,50.823
277.4289,20.165,49.592
277.4491,20.235,49.42
277.4693,20.084,49.792
277.4894,18.974,52.703
277.5083,18.835,53.091
277.5272,20.848,47.967
277.548,21.176,47.223
277.5692,19.269,51.897
277.5885,19.589,51.05
277.6081,20.214,49.472
277.6283,18.095,55.264
277.6464,19.988,50.029
277.6664,20.207,49.489
277.6866,19.125,52.287
277.7057,20.496,48.791
277.7262,19.538,51.182
277.7457,20.034,49.916
277.7658,21.159,47.261
277.7869,17.64,56.688
277.8046,19.812,50.474
277.8244,19.609,50.996
277.844,22.601,44.245
277.8666,19.751,50.631
277.8863,19.854,50.368
277.9062,19.687,50.795
277.9259,19.248,51.953
277.9451,19.238,51.979
277.9644,19.639,50.92
277.984,19.222,52.023
278.0032,18.898,52.915
278.0221,19.948,50.131
278.0421,19.535,51.189
278.0616,19.937,50.159
278.0815,20.564,48.63
278.1021,20.679,48.359
278.1228,20.185,49.541
278.143,18.895,52.923
278.1619,18.605,53.75
278.1805,20.421,48.97
278.2009,20.118,49.706
278.221,20.453,48.893
278.2415,20.151,49.625
278.2616,19.934,50.165
278.2815,18.205,54.929
278.2997,21.218,47.13
278.321,19.894,50.265
278.3409,20.447,48.907
278.3613,19.217,52.038
278.3805,19.671,50.837
278.4002,18.009,55.528
278.4182,20.189,49.532
278.4384,45.273,22.088
278.4837,20.673,48.372
278.5043,21.197,47.177
278.5255,20.795,48.088
278.5463,21.954,45.551
278.5683,20.315,49.226
278.5886,19.794,50.52
278.6084,20.84,47.986
278.6292,20.767,48.153
278.65,17.647,56.668
278.6676,19.848,50.382
278.6875,19.891,50.274
278.7074,18.219,54.889
278.7256,19.778,50.561
278.7454,20.889,47.871
278.7663,20.289,49.287
278.7866,19.844,50.392
278.8064,19.223,52.021
278.8256,19.796,50.516
278.8454,20.807,48.061
278.8662,19.825,50.441
278.8861,21.356,46.825
278.9074,19.353,51.671
278.9268,19.897,50.258
278.9467,20.2,49.505
278.9669,20.801,48.074
278.9877,19.237,51.984
279.0069,19.785,50.543
279.0267,18.778,53.253
279.0455,21.179,47.216
279.0666,19.728,50.69
279.0864,19.47,51.36
279.1058,18.601,53.761
279.1244,20.557,48.646
279.145,19.84,50.403
279.1648,18.765,53.292
279.1836,20.049,49.878
279.2037,19.48,51.336
279.2231,17.976,55.629
279.2411,19.54,51.178
279.2606,19.062,52.46
279.2797,19.485,51.321
279.2992,20.674,48.369
279.3199,20.083,49.793
279.34,19.529,51.206
279.3595,19.583,51.065
279.3791,18.448,54.206
279.3975,20.067,49.833
279.4176,20.337,49.171
279.4379,20.777,48.13
279.4587,50.057,19.977
279.5087,20.536,48.694
279.5293,18.149,55.1
279.5474,21.288,46.976
279.5687,19.731,50.682
279.5885,19.453,51.406
279.6079,21.396,46.739
279.6293,19.267,51.903
279.6486,19.407,51.529
279.668,20.199,49.507
279.6882,19.518,51.234
279.7077,21.635,46.221
279.7293,19.573,51.091
279.7489,20.317,49.22
279.7692,20.568,48.619
279.7898,21.127,47.333
279.8109,19.866,50.337
279.8308,19.18,52.138
279.85,19.574,51.088
279.8695,19.812,50.475
279.8893,19.36,51.654
279.9087,20.73,48.239
279.9294,21.334,46.873
279.9508,18.701,53.474
279.9695,18.045,55.417
279.9875,18.974,52.705
280.0065,19.743,50.652
280.0262,21.657,46.175
280.0479,18.942,52.793
280.0668,18.968,52.72
280.0858,19.701,50.758
280.1055,20.245,49.395
280.1257,18.929,52.83
280.1447,19.561,51.123
280.1642,18.843,53.069
280.1831,20.022,49.946
280.2031,19.225,52.017
280.2223,18.4,54.347
280.2407,21.403,46.721
280.2621,20.269,49.336
280.2824,21.263,47.029
280.3037,18.875,52.981
280.3225,19.915,50.214
280.3424,20.923,47.794
280.3634,17.514,57.096
280.3809,19.591,51.043
280.4005,20.803,48.07
280.4213,21.029,47.554
280.4423,20.605,48.532
280.4629,20.181,49.552
280.4831,18.205,54.929
280.5013,18.87,52.995
280.5202,19.419,51.496
280.5396,18.499,54.056
280.5581,19.897,50.26
280.578,18.113,55.208
280.5961,18.78,53.249
280.6149,18.864,53.012
280.6337,18.008,55.531
280.6517,19.423,51.486
280.6712,20.891,47.866
280.6921,18.261,54.762
280.7103,19.367,51.635
280.7297,21.202,47.165
280.7509,19.667,50.847
280.7706,18.413,54.309
280.789,19.339,51.71
280.8083,20.716,48.272
280.829,20.097,49.759
280.8491,19.629,50.946
280.8688,21.296,46.958
280.89,20.717,48.27
280.9108,18.676,53.544
280.9294,18.292,54.669
280.9477,19.095,52.371
280.9668,19.967,50.083
280.9868,18.97,52.714
281.0058,18.834,53.096
281.0246,19.122,52.295
281.0437,18.359,54.469
281.0621,19.867,50.334
281.0819,20.985,47.653
281.1029,17.908,55.84
281.1208,18.78,53.247
281.1396,18.418,54.294
281.158,20.896,47.856
281.1789,19.488,51.313
281.1984,21.912,45.637
281.2203,18.825,53.121
281.2392,19.076,52.422
281.2582,20.651,48.425
281.2789,18.862,53.016
281.2977,22.136,45.176
281.3199,21.038,47.534
281.3409,18.113,55.21
281.359,19.146,52.229
281.3782,18.671,53.559
281.3969,18.717,53.426
281.4156,19.438,51.445
281.435,18.933,52.819
281.4539,19.125,52.288
281.4731,20.478,48.832
281.4935,18.451,54.197
281.512,17.567,56.926
281.5296,19.001,52.629
281.5486,19.22,52.03
281.5678,18.872,52.989
281.5867,20.9,47.847
281.6076,20.388,49.048
281.6279,18.503,54.046
281.6464,18.527,53.977
281.665,18.057,55.379
281.683,19.535,51.191
281.7026,18.196,54.956
281.7208,19.476,51.345
281.7402,18.778,53.254
281.759,20.92,47.802
281.7799,20.108,49.73
281.8,20.158,49.609
281.8202,19.898,50.257
281.8401,19.371,51.624
281.8595,18.806,53.175
281.8783,19.674,50.83
281.8979,18.872,52.989
281.9168,20.712,48.282
281.9375,32.334,30.927
281.9699,19.973,50.067
281.9898,19.962,50.095
282.0098,18.464,54.159
282.0283,19.215,52.042
282.0475,19.704,50.752
282.0672,19.713,50.727
282.0869,19.168,52.17
282.1061,18.489,54.086
282.1246,19.202,52.077
282.1438,19.316,51.77
282.1631,20.934,47.769
282.184,17.153,58.299
282.2012,19.213,52.049
282.2204,18.138,55.132
282.2385,20.254,49.372
282.2588,19.913,50.218
282.2787,21.41,46.707
282.3001,18.94,52.799
282.319,19.898,50.257
282.3389,19.109,52.331
282.358,19.334,51.723
282.3774,19.213,52.049
282.3966,19.707,50.744
282.4163,20.473,48.846
282.4368,22.116,45.216
282.4589,18.107,55.228
282.477,19.368,51.631
282.4963,18.62,53.704
282.515,17.687,56.538
282.5327,18.944,52.787
282.5516,19.651,50.888
282.5713,19.327,51.74
282.5906,17.518,57.085
282.6081,20.619,48.499
282.6287,19.673,50.831
282.6484,18.953,52.761
282.6673,19.916,50.21
282.6873,19.19,52.11
282.7065,18.564,53.869
282.725,19.521,51.226
282.7445,19.813,50.472
282.7643,19.679,50.815
282.784,18.903,52.901
282.8029,20.142,49.648
282.8231,19.87,50.327
282.8429,19.587,51.053
282.8625,19.122,52.296
282.8817,21.162,47.254
282.9028,19.578,51.077
282.9224,18.81,53.163
282.9412,18.325,54.569
282.9595,18.535,53.952
282.9781,18.778,53.253
282.9968,19.227,52.009
283.0161,18.507,54.034
283.0346,19.035,52.534
283.0536,18.938,52.805
283.0725,18.707,53.457
283.0913,18.557,53.888
283.1098,19.87,50.328
283.1297,20.815,48.043
283.1505,21.106,47.38
283.1716,17.939,55.744
283.1895,19.605,51.007
283.2091,18.957,52.751
283.2281,19.502,51.276
283.2476,19.665,50.852
283.2673,19.767,50.589
283.287,20.284,49.3
283.3073,20.532,48.704
283.3279,18.694,53.493
283.3465,20.055,49.863
283.3666,18.752,53.327
283.3854,20.126,49.686
283.4055,19.408,51.525
283.4249,18.91,52.881
283.4438,18.967,52.724
283.4628,19.227,52.01
283.482,19.322,51.755
283.5013,20.381,49.065
283.5217,18.291,54.673
283.54,18.871,52.993
283.5589,20.507,48.763
283.5794,19.776,50.567
283.5991,19.763,50.599
283.6189,17.624,56.741
283.6365,18.606,53.746
283.6551,19.73,50.684
283.6749,18.267,54.744
283.6931,19.165,52.178
283.7123,18.612,53.728
283.7309,19.346,51.689
283.7503,19.83,50.429
283.7701,20.313,49.231
283.7904,18.576,53.832
283.809,19.527,51.211
283.8285,19.6,51.021
283.8481,20.478,48.834
283.8686,18.549,53.91
283.8871,18.891,52.934
283.906,20.163,49.597
283.9262,19.372,51.62
283.9456,19.689,50.789
283.9652,17.843,56.046
283.9831,18.939,52.802
284.002,20.292,49.28
284.0223,20.532,48.705
284.0428,17.273,57.892
284.0601,20.548,48.668
284.0807,20.13,49.677
284.1008,17.815,56.132
284.1186,20.97,47.687
284.1396,18.187,54.985
284.1578,20.68,48.355
284.1785,20.873,47.909
284.1993,19.675,50.825
284.219,19.541,51.174
284.2385,21.048,47.51
284.2596,19.665,50.852
284.2793,19.259,51.925
284.2985,18.951,52.767
284.3175,19.839,50.407
284.3373,19.977,50.057
284.3573,18.293,54.666
284.3756,18.577,53.829
284.3941,19.946,50.134
284.4141,19.119,52.305
284.4332,18.607,53.742
284.4518,21.108,47.374
284.4729,19.446,51.424
284.4924,20.262,49.353
284.5126,19.595,51.034
284.5322,18.84,53.077
284.5511,20.79,48.1
284.5719,18.849,53.052
284.5907,18.72,53.419
284.6094,18.96,52.743
284.6284,19.988,50.029
284.6484,19.21,52.055
284.6676,18.569,53.853
284.6862,18.863,53.014
284.705,19.558,51.131
284.7246,20.688,48.337
284.7453,18.664,53.579
284.7639,19.995,50.013
284.7839,18.322,54.578
284.8023,19.506,51.265
284.8218,18.895,52.925
284.8407,18.444,54.218
284.8591,19.108,52.333
284.8782,20.339,49.167
284.8985,18.888,52.943
284.9174,20.014,49.966
284.9374,19.077,52.418
284.9565,19.162,52.188
284.9757,19.324,51.748
284.995,19.67,50.838
285.0147,19.285,51.854
285.034,19.026,52.558
285.053,20.056,49.86
285.073,18.838,53.085
285.0919,18.861,53.019
285.1107,18.168,55.042
285.1289,19.706,50.745
285.1486,19.869,50.329
285.1685,19.129,52.275
285.1876,19.574,51.089
285.2072,19.499,51.284
285.2267,19.844,50.394
285.2465,20.233,49.425
285.2668,18.422,54.282
285.2852,19.431,51.464
285.3046,21.305,46.938
285.3259,19.331,51.731
285.3453,21.032,47.547
285.3663,19.555,51.138
285.3858,19.49,51.309
285.4053,20.072,49.82
285.4254,18.444,54.219
285.4438,19.345,51.693
285.4632,19.983,50.042
285.4832,20.09,49.776
285.5033,20.429,48.95
285.5237,20.185,49.541
285.5439,19.159,52.195
285.563,20.108,49.731
285.5831,20.905,47.836
285.6041,19.712,50.731
285.6238,20.184,49.545
285.6439,20.758,48.174
285.6647,21.525,46.458
285.6862,20.451,48.898
285.7067,34.096,29.329
285.7408,21.79,45.893
285.7626,20.578,48.596
285.7831,18.791,53.218
285.8019,19.022,52.57
285.821,20.373,49.085
285.8413,18.882,52.962
285.8602,19.431,51.465
285.8796,17.743,56.361
285.8974,18.465,54.157
285.9159,20.535,48.697
285.9364,18.472,54.136
285.9549,19.329,51.735
285.9742,21.101,47.39
285.9953,20.621,48.494
286.0159,20.746,48.202
286.0367,19.896,50.26
286.0566,20.308,49.241
286.0769,18.689,53.508
286.0955,18.921,52.852
286.1145,19.901,50.248
286.1344,19.929,50.178
286.1543,19.253,51.939
286.1736,19.58,51.071
286.1931,17.929,55.777
286.2111,18.405,54.333
286.2295,21.333,46.877
286.2508,20.332,49.183
286.2711,18.61,53.735
286.2897,20.073,49.818
286.3098,21.505,46.501
286.3313,19.656,50.876
286.351,18.776,53.259
286.3698,20.838,47.99
286.3906,18.52,53.995
286.4091,20.888,47.873
286.43,20.0,50.001
286.45,19.358,51.659
286.4694,19.268,51.899
286.4886,20.183,49.546
286.5088,19.251,51.945
286.5281,19.736,50.67
286.5478,19.349,51.681
286.5671,18.117,55.196
286.5853,19.769,50.584
286.605,19.633,50.936
286.6247,19.05,52.492
286.6437,52.1,19.194
286.6958,19.544,51.166
286.7154,21.489,46.536
286.7368,19.475,51.348
286.7563,20.201,49.502
286.7765,18.841,53.075
286.7954,19.45,51.413
286.8148,20.041,49.898
286.8349,22.079,45.291
286.8569,19.813,50.472
286.8767,22.433,44.578
286.8992,20.452,48.894
286.9196,21.249,47.06
286.9409,21.685,46.114
286.9626,18.835,53.093
286.9814,18.284,54.694
286.9997,20.512,48.752
287.0202,19.345,51.694
287.0395,18.667,53.57
287.0582,20.342,49.16
287.0786,20.834,47.998
287.0994,19.457,51.396
287.1188,21.426,46.672
287.1403,20.501,48.779
287.1608,21.473,46.57
287.1822,20.202,49.499
287.2024,20.366,49.1
287.2228,20.18,49.555
287.243,20.227,49.438
287.2632,20.889,47.872
287.2841,21.425,46.675
287.3055,21.132,47.322
287.3267,19.636,50.927
287.3463,20.648,48.431
287.3669,19.574,51.088
287.3865,20.45,48.9
287.407,18.919,52.856
287.4259,18.052,55.395
287.4439,20.471,48.849
287.4644,19.983,50.043
287.4844,20.167,49.586
287.5046,21.533,46.441
287.5261,19.071,52.437
287.5452,20.724,48.254
287.5659,20.937,47.762
287.5868,20.218,49.461
287.607,19.563,51.118
287.6266,21.357,46.822
287.648,21.132,47.323
287.6691,19.603,51.014
287.6887,19.654,50.88
287.7084,18.777,53.256
287.7271,19.246,51.96
287.7464,19.922,50.195
287.7663,20.666,48.389
287.787,19.874,50.317
287.8068,21.006,47.604
287.8278,20.024,49.94
287.8479,20.275,49.321
287.8681,21.499,46.514
287.8896,21.357,46.822
287.911,20.053,49.868
287.9311,21.658,46.172
287.9527,20.572,48.609
287.9733,20.348,49.145
287.9936,20.582,48.586
288.0142,18.356,54.478
288.0326,18.869,52.996
288.0514,21.787,45.899
288.0732,20.54,48.686
288.0938,19.032,52.543
288.1128,20.492,48.8
288.1333,19.46,51.388
288.1527,20.685,48.345
288.1734,20.604,48.533
288.194,20.047,49.883
288.2141,21.82,45.83
288.2359,22.022,45.41
288.2579,20.181,49.551
288.2781,20.147,49.634
288.2983,20.804,48.067
288.3191,20.625,48.485
288.3397,20.385,49.055
288.3601,22.331,44.781
288.3824,20.429,48.949
288.4028,20.497,48.787
288.4233,20.138,49.658
288.4435,20.293,49.277
288.4638,20.066,49.835
288.4838,22.301,44.84
288.5061,19.932,50.17
288.5261,21.543,46.42
288.5476,21.717,46.046
288.5693,21.808,45.854
288.5911,21.142,47.3
288.6123,19.444,51.428
288.6317,22.418,44.608
288.6541,21.06,47.484
288.6752,19.902,50.246
288.6951,21.164,47.249
288.7163,21.005,47.609
288.7373,20.35,49.14
288.7576,21.105,47.383
288.7787,22.816,43.829
288.8015,20.441,48.92
288.822,20.258,49.364
288.8422,19.191,52.108
288.8614,19.15,52.22
288.8806,21.522,46.465
288.9021,21.81,45.851
288.9239,19.379,51.603
288.9433,21.343,46.854
288.9646,20.625,48.484
288.9852,20.499,48.782
289.0057,20.935,47.766
289.0267,19.688,50.794
289.0464,19.664,50.853
289.066,20.348,49.146
289.0864,21.715,46.051
289.1081,20.206,49.49
289.1283,20.373,49.083
289.1487,19.976,50.06
289.1687,21.56,46.381
289.1902,20.315,49.225
289.2105,19.006,52.614
289.2295,18.955,52.757
289.2485,19.445,51.428
289.2679,19.993,50.017
289.2879,20.29,49.285
289.3082,21.491,46.531
289.3297,20.847,47.968
289.3506,20.672,48.375
289.3712,20.3,49.261
289.3915,20.224,49.446
289.4118,21.079,47.439
289.4328,19.562,51.121
289.4524,19.508,51.262
289.4719,19.911,50.224
289.4918,21.642,46.205
289.5135,21.515,46.478
289.535,21.914,45.632
289.5569,19.963,50.093
289.5768,21.833,45.801
289.5987,19.186,52.121
289.6179,21.856,45.755
289.6397,20.345,49.151
289.6601,21.798,45.875
289.6819,21.39,46.751
289.7033,20.166,49.588
289.7234,20.055,49.862
289.7435,19.891,50.274
289.7634,20.779,48.125
289.7841,21.161,47.257
289.8053,21.573,46.353
289.8269,22.326,44.792
289.8492,21.667,46.152
289.8709,21.487,46.54
289.8924,20.601,48.542
289.913,21.021,47.571
289.934,20.715,48.274
289.9547,20.846,47.97
289.9755,20.717,48.269
289.9963,20.915,47.812
290.0172,21.168,47.241
290.0383,21.336,46.869
290.0597,21.306,46.935
290.081,21.415,46.695
290.1024,20.851,47.959
290.1233,20.759,48.171
290.144,21.876,45.713
290.1659,21.206,47.156
290.1871,21.035,47.541
290.2081,20.923,47.794
290.2291,20.998,47.623
290.2501,21.69,46.103
290.2717,20.713,48.279
290.2925,22.008,45.437
290.3145,22.757,43.943
290.3372,20.59,48.568
290.3578,21.102,47.388
290.3789,20.971,47.685
290.3999,21.426,46.671
290.4213,21.426,46.673
290.4427,21.359,46.818
290.4641,20.73,48.24
290.4848,21.298,46.953
290.5061,22.29,44.864
290.5284,21.223,47.118
290.5496,22.223,44.998
290.5719,21.724,46.033
290.5936,21.406,46.716
290.615,20.538,48.691
290.6355,19.692,50.782
290.6552,21.404,46.719
290.6766,20.997,47.627
290.6976,20.73,48.24
290.7183,53.357,18.742
290.7717,20.393,49.035
290.7921,22.242,44.959
290.8143,21.924,45.612
290.8363,22.378,44.686
290.8586,21.938,45.583
290.8806,22.51,44.425
290.9031,34.932,28.627
290.938,21.631,46.23
290.9597,21.596,46.306
290.9812,22.198,45.05
291.0034,21.674,46.139
291.0251,20.632,48.469
291.0458,20.937,47.762
291.0667,21.488,46.537
291.0882,20.482,48.823
291.1087,21.077,47.446
291.1297,21.089,47.418
291.1508,20.668,48.385
291.1715,20.935,47.767
291.1924,23.607,42.36
291.216,20.399,49.021
291.2364,20.455,48.889
291.2569,23.189,43.123
291.2801,22.373,44.697
291.3025,23.397,42.741
291.3258,22.668,44.116
291.3485,43.074,23.216
291.3916,22.23,44.983
291.4138,21.494,46.525
291.4353,20.573,48.608
291.4559,21.512,46.485
291.4774,21.217,47.132
291.4986,23.338,42.848
291.522,21.553,46.396
291.5435,21.314,46.917
291.5648,21.457,46.604
291.5863,20.754,48.184
291.607,21.554,46.395
291.6286,22.419,44.605
291.651,19.928,50.181
291.6709,21.407,46.714
291.6923,23.336,42.853
291.7157,21.383,46.765
291.7371,22.076,45.299
291.7591,21.621,46.252
291.7808,20.645,48.438
291.8014,21.098,47.398
291.8225,20.612,48.516
291.8431,21.08,47.438
291.8642,20.682,48.35
291.8849,19.688,50.791
291.9046,22.765,43.927
291.9273,18.927,52.835
291.9463,20.816,48.039
291.9671,21.858,45.75
291.9889,20.505,48.768
292.0094,20.196,49.515
292.0296,22.513,44.418
292.0521,22.354,44.734
292.0745,20.412,48.991
292.0949,20.282,49.304
292.1152,21.027,47.557
292.1362,21.523,46.461
292.1577,22.338,44.767
292.1801,19.384,51.59
292.1995,23.077,43.333
292.2225,22.611,44.225
292.2451,22.263,44.918
292.2674,20.798,48.081
292.2882,22.343,44.757
292.3106,20.872,47.912
292.3314,21.151,47.28
292.3526,22.021,45.411
292.3746,22.259,44.926
292.3969,20.584,48.582
292.4174,20.799,48.08
292.4382,21.087,47.423
292.4593,19.664,50.854
292.479,20.896,47.856
292.4999,21.497,46.519
292.5214,21.076,47.448
292.5425,20.632,48.469
292.5631,19.824,50.443
292.5829,21.934,45.59
292.6048,21.96,45.536
292.6268,20.248,49.387
292.6471,23.238,43.032
292.6703,20.529,48.711
292.6908,20.448,48.904
292.7113,20.56,48.637
292.7318,20.476,48.837
292.7523,20.597,48.552
292.7729,22.033,45.387
292.7949,22.697,44.059
292.8176,20.822,48.027
292.8385,21.557,46.389
292.86,21.196,47.178
292.8812,22.677,44.098
292.9039,20.846,47.971
292.9247,23.165,43.169
292.9479,21.268,47.018
292.9692,21.09,47.415
292.9903,21.665,46.158
293.0119,21.748,45.98
293.0337,20.71,48.287
293.0544,21.496,46.52
293.0759,20.5,48.781
293.0964,21.81,45.851
293.1182,21.979,45.499
293.1402,20.76,48.169
293.1609,21.192,47.187
293.1821,22.29,44.863
293.2044,21.033,47.545
293.2254,23.194,43.114
293.2486,21.487,46.539
293.2701,21.071,47.458
293.2912,20.303,49.254
293.3115,22.558,44.33
293.3341,21.979,45.499
293.356,21.859,45.748
293.3779,19.806,50.489
293.3977,21.676,46.134
293.4194,21.778,45.918
293.4412,21.465,46.587
293.4626,22.106,45.236
293.4847,22.398,44.647
293.5071,23.254,43.003
293.5304,21.226,47.112
293.5516,21.688,46.108
293.5733,22.696,44.061
293.596,22.112,45.225
293.6181,22.332,44.779
293.6404,20.866,47.925
293.6613,21.719,46.044
293.683,21.955,45.548
293.705,21.45,46.62
293.7264,22.77,43.917
293.7492,22.389,44.664
293.7716,21.663,46.161
293.7932,21.785,45.902
293.815,22.39,44.662
293.8374,20.428,48.952
293.8578,21.157,47.266
293.879,20.247,49.389
293.8992,20.996,47.628
293.9202,20.79,48.101
293.941,20.874,47.905
293.9619,21.996,45.462
293.9839,20.666,48.389
294.0046,20.916,47.81
294.0255,21.367,46.802
294.0469,22.223,44.998
294.0691,22.271,44.902
294.0913,46.815,21.36
294.1382,21.768,45.939
294.1599,21.062,47.479
294.181,20.497,48.788
294.2015,20.707,48.292
294.2222,20.895,47.858
294.2431,22.508,44.429
294.2656,20.254,49.373
294.2859,21.167,47.243
294.307,21.15,47.282
294.3282,20.376,49.078
294.3485,19.898,50.255
294.3684,22.51,44.424
294.391,21.717,46.047
294.4127,20.667,48.386
294.4333,21.535,46.436
294.4549,19.615,50.982
294.4745,21.401,46.727
294.4959,20.795,48.089
294.5167,20.624,48.486
294.5373,21.508,46.494
294.5588,21.137,47.309
294.58,22.106,45.237
294.6021,21.531,46.444
294.6236,21.991,45.473
294.6456,22.291,44.862
294.6679,20.434,48.938
294.6883,21.429,46.665
294.7097,20.383,49.059
294.7301,23.174,43.152
294.7533,21.253,47.053
294.7745,20.49,48.805
294.795,21.234,47.094
294.8163,21.535,46.437
294.8378,21.112,47.367
294.8589,21.632,46.227
294.8805,23.071,43.345
294.9036,22.466,44.511
294.9261,22.84,43.783
294.9489,20.533,48.702
294.9695,20.715,48.274
294.9902,21.712,46.058
295.0119,21.564,46.373
295.0334,20.899,47.848
295.0543,21.485,46.545
295.0758,20.048,49.881
295.0959,21.396,46.739
295.1173,21.212,47.143
295.1385,22.194,45.058
295.1607,20.95,47.733
295.1816,21.652,46.184
295.2033,22.714,44.026
295.226,22.33,44.782
295.2483,20.001,49.997
295.2683,21.974,45.509
295.2903,20.595,48.556
295.3109,20.052,49.871
295.331,19.492,51.302
295.3504,22.671,44.11
295.3731,21.908,45.645
295.395,19.887,50.283
295.4149,21.011,47.595
295.4359,20.215,49.469
295.4561,21.767,45.94
295.4779,21.9,45.663
295.4998,20.993,47.634
295.5208,21.975,45.506
295.5428,19.342,51.702
295.5621,21.063,47.477
295.5832,20.721,48.259
295.6039,21.289,46.972
295.6252,21.171,47.234
295.6464,21.183,47.209
295.6675,22.648,44.153
295.6902,21.133,47.319
295.7113,21.208,47.152
295.7325,22.516,44.414
295.755,21.322,46.899
295.7764,21.213,47.141
295.7976,20.628,48.478
295.8182,21.634,46.224
295.8398,19.007,52.613
295.8588,21.764,45.947
295.8806,19.798,50.51
295.9004,22.112,45.224
295.9225,20.936,47.764
295.9435,19.03,52.549
295.9625,19.921,50.197
295.9824,20.84,47.984
296.0033,20.141,49.65
296.0234,20.197,49.513
296.0436,21.681,46.124
296.0653,21.565,46.371
296.0868,20.86,47.939
296.1077,21.573,46.354
296.1293,20.386,49.052
296.1497,20.62,48.496
296.1703,21.396,46.737
296.1917,20.745,48.206
296.2124,21.463,46.592
296.2339,20.54,48.687
296.2544,22.09,45.269
296.2765,20.783,48.117
296.2973,20.817,48.037
296.3181,19.72,50.711
296.3378,21.325,46.894
296.3592,21.278,46.997
296.3804,19.618,50.974
296.4,21.389,46.752
296.4214,21.371,46.792
296.4428,20.963,47.702
296.4638,19.873,50.319
296.4836,21.09,47.416
296.5047,20.883,47.887
296.5256,20.124,49.692
296.5457,21.52,46.467
296.5673,20.843,47.977
296.5881,20.378,49.072
296.6085,21.907,45.647
296.6304,20.724,48.253
296.6511,21.162,47.254
296.6723,21.344,46.851
296.6936,21.409,46.708
296.715,21.503,46.506
296.7365,22.318,44.806
296.7589,20.63,48.472
296.7795,20.674,48.371
296.8002,21.307,46.932
296.8215,21.012,47.591
296.8425,21.6,46.296
296.8641,20.944,47.747
296.885,22.324,44.795
296.9073,21.28,46.993
296.9286,20.921,47.8
296.9495,20.508,48.762
296.9701,20.631,48.472
296.9907,21.077,47.446
297.0118,20.976,47.674
297.0327,19.888,50.281
297.0526,19.431,51.464
297.0721,20.267,49.341
297.0923,20.313,49.229
297.1126,19.938,50.156
297.1326,20.594,48.558
297.1532,20.019,49.953
297.1732,19.897,50.259
297.1931,20.723,48.256
297.2138,20.492,48.8
297.2343,20.277,49.316
297.2546,19.282,51.861
297.2739,21.435,46.653
297.2953,19.423,51.485
297.3147,20.256,49.368
297.335,19.914,50.215
297.3549,19.542,51.172
297.3744,22.557,44.333
297.397,20.765,48.159
297.4177,20.353,49.132
297.4381,20.209,49.483
297.4583,19.495,51.296
297.4778,21.541,46.423
297.4993,20.207,49.487
297.5196,20.923,47.793
297.5405,19.31,51.787
297.5598,19.564,51.113
297.5794,21.466,46.586
297.6008,19.54,51.178
297.6204,21.074,47.451
297.6414,19.273,51.886
297.6607,20.392,49.039
297.6811,20.854,47.952
297.7019,21.163,47.252
297.7231,20.35,49.141
297.7435,22.617,44.214
297.7661,20.275,49.322
297.7864,19.605,51.009
297.806,18.833,53.097
297.8248,20.12,49.702
297.8449,20.361,49.113
297.8653,20.373,49.085
297.8856,19.701,50.758
297.9053,20.551,48.66
297.9259,20.708,48.291
297.9466,19.874,50.316
297.9665,19.653,50.883
297.9861,20.876,47.901
298.007,20.457,48.883
298.0275,20.645,48.437
298.0481,19.164,52.183
298.0673,20.492,48.799
298.0878,19.621,50.966
298.1074,19.671,50.837
298.1271,19.059,52.469
298.1461,21.237,47.087
298.1674,19.07,52.438
298.1864,21.161,47.258
298.2076,19.787,50.539
298.2274,19.484,51.324
298.2469,19.518,51.235
298.2664,20.756,48.179
298.2871,20.509,48.76
298.3076,19.264,51.911
298.3269,22.74,43.975
298.3496,22.711,44.032
298.3724,19.207,52.066
298.3916,19.945,50.137
298.4115,19.107,52.338
298.4306,18.549,53.911
298.4492,19.218,52.034
298.4684,19.949,50.127
298.4883,20.729,48.243
298.5091,19.769,50.583
298.5288,20.432,48.942
298.5493,21.494,46.524
298.5708,21.26,47.036
298.592,20.727,48.245
298.6127,19.613,50.988
298.6324,21.589,46.321
298.6539,20.725,48.251
298.6747,21.633,46.226
298.6963,20.3,49.262
298.7166,19.013,52.595
298.7356,19.238,51.981
298.7549,20.318,49.217
298.7752,19.695,50.774
298.7949,19.153,52.211
298.814,20.22,49.456
298.8342,20.796,48.086
298.855,20.399,49.021
298.8754,19.791,50.529
298.8952,19.816,50.465
298.915,19.067,52.445
298.9341,18.81,53.165
298.9529,19.638,50.922
298.9726,18.665,53.577
298.9912,20.044,49.889
299.0113,19.521,51.227
299.0308,20.118,49.708
299.0509,19.384,51.588
299.0703,20.027,49.934
299.0903,20.285,49.297
299.1106,20.583,48.585
299.1312,20.459,48.879
299.1516,19.773,50.574
299.1714,20.194,49.519
299.1916,20.155,49.615
299.2118,20.671,48.377
299.2324,19.865,50.34
299.2523,20.672,48.374
299.273,20.345,49.151
299.2933,19.824,50.443
299.3131,20.381,49.066
299.3335,19.051,52.49
299.3526,21.775,45.924
299.3743,19.261,51.919
299.3936,17.966,55.66
299.4116,19.268,51.899
299.4308,20.442,48.918
299.4513,19.828,50.434
299.4711,19.166,52.175
299.4903,18.542,53.931
299.5088,20.776,48.132
299.5296,18.867,53.003
299.5485,20.259,49.36
299.5687,20.342,49.159
299.5891,18.969,52.718
299.608,19.853,50.371
299.6279,19.91,50.225
299.6478,22.111,45.226
299.6699,19.882,50.297
299.6898,20.272,49.328
299.7101,18.688,53.511
299.7288,19.36,51.654
299.7481,21.71,46.061
299.7698,20.428,48.952
299.7902,19.922,50.195
299.8102,21.18,47.213
299.8314,19.076,52.422
299.8504,20.477,48.834
299.8709,21.35,46.839
299.8923,19.877,50.31
299.9121,19.703,50.754
299.9318,18.683,53.526
299.9505,20.045,49.888
299.9706,19.274,51.883
299.9898,19.663,50.857
300.0095,20.844,47.977
300.0303,19.778,50.561
300.0501,19.925,50.189
300.07,19.464,51.376
300.0895,20.669,48.381
300.1102,20.59,48.568
300.1308,19.88,50.302
300.1506,20.571,48.611
300.1712,19.834,50.418
300.1911,20.35,49.141
300.2114,20.671,48.376
300.2321,20.457,48.883
300.2525,20.592,48.563
300.2731,19.271,51.89
300.2924,20.928,47.782
300.3133,20.15,49.628
300.3335,19.791,50.527
300.3533,19.155,52.206
300.3724,19.974,50.065
300.3924,20.125,49.689
300.4125,18.515,54.011
300.431,20.409,48.999
300.4514,18.908,52.888
300.4704,20.806,48.064
300.4912,19.8,50.505
300.511,20.243,49.401
300.5312,19.162,52.188
300.5504,18.026,55.475
300.5684,20.954,47.725
300.5893,19.383,51.592
300.6087,19.257,51.928
300.628,20.638,48.453
300.6486,19.62,50.969
300.6682,19.295,51.827
300.6875,21.409,46.71
300.7089,20.986,47.65
300.7299,18.893,52.928
300.7488,18.945,52.784
300.7678,20.4,49.019
300.7882,22.001,45.452
300.8102,20.759,48.172
300.8309,19.896,50.262
300.8508,19.025,52.561
300.8698,19.695,50.775
300.8895,18.536,53.949
300.9081,20.131,49.675
300.9282,18.613,53.727
300.9468,18.32,54.584
300.9651,20.542,48.682
300.9857,20.878,47.898
301.0066,20.267,49.342
301.0268,19.267,51.903
301.0461,18.903,52.902
301.065,19.031,52.545
301.084,19.707,50.744
301.1037,19.157,52.201
301.1229,19.536,51.188
301.1424,19.257,51.929
301.1617,19.146,52.231
301.1808,19.428,51.471
301.2003,20.25,49.382
301.2205,20.204,49.495
301.2407,19.572,51.093
301.2603,19.241,51.973
301.2795,20.051,49.873
301.2996,18.858,53.027
301.3184,19.976,50.06
301.3384,19.544,51.167
301.358,19.454,51.402
301.3774,18.96,52.742
301.3964,20.413,48.988
301.4168,19.154,52.208
301.4359,19.328,51.738
301.4553,19.62,50.969
301.4749,18.415,54.303
301.4933,19.177,52.146
301.5125,18.402,54.342
301.5309,21.066,47.471
301.5519,20.336,49.174
301.5723,19.342,51.702
301.5916,19.943,50.143
301.6116,18.211,54.913
301.6298,18.906,52.894
301.6487,20.769,48.148
301.6695,20.365,49.103
301.6898,20.281,49.306
301.7101,19.528,51.208
301.7296,18.018,55.501
301.7476,21.522,46.464
301.7692,18.878,52.97
301.788,19.098,52.362
301.8071,19.392,51.568
301.8265,17.7,56.496
301.8442,19.119,52.305
301.8634,19.781,50.552
301.8831,19.516,51.239
301.9027,20.1,49.75
301.9228,20.26,49.359
301.943,19.578,51.079
301.9626,21.613,46.269
301.9842,22.149,45.148
302.0064,19.423,51.486
302.0258,20.002,49.995
302.0458,19.86,50.353
302.0656,18.255,54.779
302.0839,20.388,49.049
302.1043,20.029,49.928
302.1243,20.437,48.931
302.1447,19.626,50.952
302.1644,18.474,54.131
302.1828,18.592,53.786
302.2014,20.261,49.355
302.2217,19.813,50.472
302.2415,18.701,53.472
302.2602,20.746,48.202
302.281,20.846,47.971
302.3018,20.457,48.883
302.3223,19.119,52.304
302.3414,20.779,48.125
302.3622,44.148,22.651
302.4063,18.611,53.732
302.4249,18.031,55.461
302.443,19.196,52.093
302.4621,19.566,51.108
302.4817,20.559,48.64
302.5023,19.617,50.975
302.5219,20.101,49.749
302.542,18.693,53.496
302.5607,21.222,47.121
302.5819,19.341,51.703
302.6012,19.358,51.659
302.6206,21.132,47.321
302.6417,18.496,54.067
302.6602,19.624,50.959
302.6799,19.99,50.026
302.6998,20.389,49.046
302.7202,20.87,47.916
302.7411,19.19,52.111
302.7603,19.839,50.406
302.7801,18.944,52.788
302.7991,17.853,56.013
302.8169,20.731,48.237
302.8377,18.591,53.788
302.8563,19.179,52.139
302.8754,18.769,53.278
302.8942,18.028,55.468
302.9122,21.333,46.875
302.9336,19.851,50.376
302.9534,21.413,46.7
302.9748,19.09,52.383
302.9939,20.474,48.843
303.0144,20.809,48.057
303.0352,21.255,47.048
303.0565,19.487,51.317
303.0759,20.987,47.648
303.0969,19.038,52.527
303.116,19.869,50.33
303.1358,19.36,51.652
303.1552,19.546,51.161
303.1747,20.345,49.152
303.1951,19.425,51.481
303.2145,18.627,53.685
303.2331,19.384,51.589
303.2525,19.354,51.668
303.2719,21.143,47.296
303.293,18.951,52.769
303.312,19.19,52.11
303.3312,18.409,54.322
303.3496,20.466,48.862
303.37,20.557,48.644
303.3906,20.323,49.205
303.4109,19.311,51.785
303.4302,20.563,48.631
303.4508,19.69,50.787
303.4705,18.58,53.823
303.4891,19.631,50.939
303.5087,19.621,50.965
303.5283,21.285,46.982
303.5496,20.155,49.615
303.5698,19.31,51.785
303.5891,18.138,55.133
303.6072,19.367,51.635
303.6266,18.294,54.662
303.6449,22.724,44.007
303.6676,19.843,50.396
303.6874,20.391,49.042
303.7078,18.884,52.955
303.7267,19.474,51.351
303.7462,20.015,49.963
303.7662,20.156,49.613
303.7863,19.986,50.035
303.8063,18.662,53.585
303.825,19.068,52.443
303.8441,17.819,56.119
303.8619,19.231,52.001
303.8811,18.191,54.971
303.8993,19.203,52.076
303.9185,19.394,51.563
303.9379,20.086,49.787
303.958,19.537,51.185
303.9775,19.266,51.904
303.9968,20.592,48.562
304.0174,20.488,48.808
304.0379,19.144,52.237
304.057,20.704,48.301
304.0777,20.308,49.243
304.098,20.501,48.779
304.1185,18.94,52.798
304.1375,20.471,48.848
304.1579,20.347,49.147
304.1783,18.936,52.81
304.1972,20.743,48.209
304.218,18.294,54.664
304.2363,20.044,49.889
304.2563,20.814,48.044
304.2771,19.484,51.323
304.2966,19.7,50.761
304.3163,19.471,51.359
304.3358,18.301,54.641
304.3541,18.004,55.543
304.3721,20.157,49.61
304.3922,19.076,52.422
304.4113,20.98,47.665
304.4323,18.588,53.798
304.4509,20.242,49.402
304.4711,18.896,52.921
304.49,21.034,47.543
304.511,18.861,53.019
304.5299,19.514,51.244
304.5494,19.747,50.64
304.5692,21.384,46.763
304.5906,19.852,50.373
304.6104,19.938,50.157
304.6303,19.709,50.738
304.6501,18.874,52.982
304.6689,20.094,49.765
304.689,20.291,49.282
304.7093,19.991,50.023
304.7293,20.673,48.371
304.75,20.189,49.533
304.7702,19.205,52.07
304.7894,19.913,50.219
304.8093,19.818,50.459
304.8291,19.301,51.812
304.8484,19.486,51.319
304.8679,18.961,52.739
304.8869,19.501,51.279
304.9064,20.349,49.142
304.9267,18.252,54.789
304.945,21.199,47.172
304.9662,18.195,54.961
304.9843,20.558,48.642
305.0049,18.159,55.068
305.0231,21.163,47.252
305.0442,18.598,53.77
305.0628,19.461,51.386
305.0823,20.895,47.859
305.1032,19.578,51.078
305.1228,20.522,48.728
305.1433,20.384,49.058
305.1637,20.494,48.795
305.1842,20.279,49.311
305.2044,20.942,47.752
305.2254,18.805,53.179
305.2442,20.3,49.262
305.2645,20.411,48.994
305.2849,19.277,51.876
305.3042,19.614,50.985
305.3238,21.382,46.769
305.3452,21.391,46.749
305.3666,19.23,52.002
305.3858,19.439,51.442
305.4052,20.384,49.058
305.4256,20.723,48.255
305.4463,58.053,17.226
305.5044,20.176,49.565
305.5246,19.429,51.469
305.544,18.191,54.973
305.5622,19.996,50.01
305.5822,18.216,54.898
305.6004,20.922,47.797
305.6213,20.611,48.518
305.6419,21.542,46.42
305.6635,20.593,48.56
305.6841,20.353,49.132
305.7044,19.839,50.406
305.7243,18.865,53.007
305.7431,20.361,49.112
305.7635,20.445,48.911
305.7839,19.42,51.494
305.8033,18.75,53.334
305.8221,20.026,49.936
305.8421,20.939,47.758
305.8631,20.169,49.581
305.8832,20.022,49.945
305.9033,18.84,53.078
305.9221,19.611,50.991
305.9417,20.147,49.635
305.9618,51.405,19.453
306.0133,20.158,49.607
306.0334,21.006,47.607
306.0544,20.169,49.581
306.0746,20.255,49.371
306.0948,19.793,50.524
306.1146,22.654,44.141
306.1373,21.074,47.451
306.1584,20.259,49.361
306.1786,19.277,51.876
306.1979,20.541,48.682
306.2184,20.117,49.709
306.2386,19.896,50.262
306.2585,19.82,50.454
306.2783,18.949,52.773
306.2972,20.568,48.62
306.3178,18.791,53.218
306.3366,21.777,45.919
306.3584,19.475,51.347
306.3778,20.158,49.609
306.398,20.109,49.729
306.4181,21.993,45.469
306.4401,19.022,52.571
306.4591,19.778,50.562
306.4789,19.648,50.895
306.4985,19.302,51.809
306.5178,19.972,50.069
306.5378,19.145,52.234
306.557,18.822,53.129
306.5758,19.311,51.784
306.5951,18.676,53.543
306.6138,19.535,51.19
306.6333,21.112,47.366
306.6544,20.658,48.407
306.6751,20.431,48.945
306.6955,19.437,51.449
306.7149,21.219,47.127
306.7362,20.508,48.762
306.7567,21.878,45.708
306.7785,21.727,46.025
306.8003,20.306,49.247
306.8206,19.355,51.667
306.8399,20.685,48.343
306.8606,19.32,51.76
306.8799,19.142,52.241
306.8991,18.851,53.049
306.9179,20.969,47.689
306.9389,20.291,49.283
306.9592,19.259,51.925
306.9785,20.885,47.88
306.9993,21.39,46.75
307.0207,21.318,46.908
307.042,20.78,48.124
307.0628,18.845,53.064
307.0817,20.462,48.871
307.1021,19.661,50.861
307.1218,20.32,49.213
307.1421,19.868,50.331
307.162,18.275,54.72
307.1803,19.137,52.254
307.1994,22.009,45.436
307.2214,20.009,49.976
307.2414,18.409,54.321
307.2598,20.676,48.365
307.2805,18.641,53.645
307.2991,20.221,49.453
307.3194,17.913,55.825
307.3373,21.27,47.015
307.3585,20.101,49.75
307.3786,20.299,49.263
307.3989,19.9,50.25
307.4188,19.743,50.651
307.4386,19.262,51.917
307.4578,19.996,50.01
307.4778,21.247,47.065
307.4991,18.472,54.135
307.5176,20.754,48.182
307.5383,19.13,52.274
307.5574,20.538,48.69
307.578,19.522,51.224
307.5975,20.858,47.944
307.6184,20.991,47.64
307.6394,20.381,49.066
307.6597,21.203,47.163
307.6809,19.411,51.517
307.7004,20.393,49.036
307.7207,21.862,45.742
307.7426,19.897,50.258
307.7625,19.328,51.737
307.7818,19.761,50.605
307.8016,20.986,47.65
307.8226,20.855,47.95
307.8434,18.374,54.425
307.8618,19.43,51.468
307.8812,19.5,51.282
307.9007,20.326,49.199
307.9211,19.848,50.382
307.9409,21.13,47.325
307.962,19.766,50.592
307.9818,20.038,49.906
308.0018,18.475,54.128
308.0203,20.937,47.762
308.0413,20.53,48.708
308.0618,19.414,51.51
308.0812,20.85,47.961
308.1021,20.445,48.911
308.1225,20.472,48.847
308.143,19.215,52.042
308.1622,20.769,48.148
308.183,19.929,50.177
308.2029,20.254,49.372
308.2231,20.598,48.549
308.2437,19.131,52.272
308.2629,21.944,45.571
308.2848,19.168,52.169
308.304,20.387,49.05
308.3244,19.798,50.511
308.3442,20.876,47.901
308.365,20.774,48.137
308.3858,21.209,47.151
308.407,19.989,50.028
308.427,20.098,49.757
308.4471,20.394,49.034
308.4675,20.076,49.811
308.4876,20.152,49.624
308.5077,19.169,52.167
308.5269,20.527,48.717
308.5474,21.871,45.722
308.5693,20.178,49.559
308.5895,20.413,48.989
308.6099,21.383,46.767
308.6313,19.133,52.267
308.6504,21.295,46.959
308.6717,20.461,48.874
308.6922,19.727,50.692
308.7119,22.276,44.892
308.7342,20.574,48.604
308.7547,18.933,52.817
308.7737,20.756,48.178
308.7944,19.754,50.622
308.8142,20.794,48.09
308.835,20.439,48.926
308.8554,21.507,46.495
308.8769,19.405,51.532
308.8963,18.485,54.097
308.9148,20.815,48.043
308.9356,21.115,47.36
308.9567,21.454,46.612
308.9782,21.245,47.071
308.9994,20.163,49.595
309.0196,21.631,46.23
309.0412,19.783,50.549
309.061,19.932,50.171
309.081,21.009,47.598
309.102,18.775,53.262
309.1207,21.438,46.646
309.1422,18.523,53.988
309.1607,21.886,45.692
309.1826,20.244,49.399
309.2028,20.558,48.643
309.2234,20.552,48.656
309.2439,20.204,49.496
309.2641,18.815,53.149
309.283,20.071,49.823
309.303,18.887,52.945
309.3219,20.514,48.748
309.3424,20.458,48.881
309.3629,20.781,48.121
309.3837,20.217,49.464
309.4039,18.704,53.464
309.4226,20.493,48.796
309.4431,19.883,50.295
309.463,20.388,49.048
309.4834,20.45,48.899
309.5038,21.314,46.917
309.5251,20.057,49.858
309.5452,19.984,50.04
309.5652,19.675,50.827
309.5848,21.285,46.981
309.6061,20.519,48.735
309.6266,19.517,51.238
309.6462,19.42,51.493
309.6656,20.793,48.094
309.6864,20.941,47.753
309.7073,19.367,51.634
309.7267,20.125,49.69
309.7468,20.03,49.925
309.7668,20.442,48.918
309.7873,20.614,48.51
309.8079,19.571,51.097
309.8275,20.064,49.841
309.8475,21.038,47.533
309.8686,20.233,49.424
309.8888,18.609,53.738
309.9074,20.667,48.387
309.9281,20.92,47.801
309.949,19.291,51.837
309.9683,19.082,52.406
309.9874,19.286,51.85
310.0066,21.063,47.477
310.0277,20.409,48.999
310.0481,20.388,49.049
310.0685,19.109,52.332
310.0876,19.733,50.676
310.1073,20.487,48.811
310.1278,20.642,48.446
310.1485,20.288,49.29
310.1688,19.53,51.203
310.1883,20.657,48.411
310.209,18.447,54.21
310.2274,20.899,47.849
310.2483,20.214,49.471
310.2685,18.875,52.981
310.2874,18.871,52.991
310.3063,20.655,48.414
310.3269,20.81,48.055
310.3477,18.742,53.358
310.3665,20.611,48.517
310.3871,18.349,54.498
310.4054,20.701,48.306
310.4261,20.726,48.248
310.4469,18.362,54.459
310.4652,20.239,49.41
310.4855,19.463,51.38
310.5049,21.345,46.85
310.5263,19.962,50.095
310.5462,19.386,51.585
310.5656,20.101,49.748
310.5857,19.649,50.894
310.6054,45.071,22.187
310.6504,18.804,53.18
310.6692,19.093,52.376
310.6883,19.263,51.914
310.7076,20.126,49.686
310.7277,20.484,48.818
310.7482,19.929,50.178
310.7681,18.804,53.18
310.7869,18.079,55.312
310.805,20.778,48.128
310.8258,19.419,51.496
310.8452,20.527,48.716
310.8657,20.486,48.814
310.8862,21.102,47.39
310.9073,21.298,46.953
310.9286,19.057,52.474
310.9477,20.017,49.957
310.9677,20.295,49.272
310.988,19.778,50.561
311.0078,21.325,46.893
311.0291,20.096,49.762
311.0492,18.245,54.809
311.0674,19.448,51.419
311.0869,20.695,48.321
311.1076,19.934,50.166
311.1275,19.807,50.488
311.1473,21.71,46.062
311.169,19.374,51.617
311.1884,19.539,51.179
311.2079,20.116,49.711
311.2281,19.052,52.487
311.2471,20.527,48.717
311.2676,35.799,27.934
311.3034,19.881,50.3
311.3233,34.109,29.318
311.3574,19.879,50.305
311.3773,19.673,50.832
311.397,19.214,52.046
311.4162,18.963,52.733
311.4352,19.027,52.556
311.4542,19.828,50.433
311.474,18.927,52.834
311.4929,17.973,55.638
311.5109,20.359,49.119
311.5313,21.206,47.157
311.5525,19.425,51.481
311.5719,19.669,50.841
311.5916,18.804,53.181
311.6104,20.599,48.547
311.631,18.369,54.44
311.6493,20.536,48.695
311.6699,21.659,46.171
311.6915,21.293,46.963
311.7128,19.976,50.059
311.7328,20.643,48.442
311.7534,17.779,56.245
311.7712,19.646,50.902
311.7909,19.608,50.999
311.8105,19.804,50.494
311.8303,19.376,51.61
311.8497,19.866,50.338
311.8695,19.584,51.061
311.8891,56.407,17.728
311.9455,19.57,51.098
311.9651,19.921,50.199
311.985,19.762,50.602
