t_s,frametime_ms,fps
0.0,19.104,52.344
0.0191,16.412,60.932
0.0355,17.767,56.283
0.0533,15.762,63.445
0.069,16.063,62.254
0.0851,16.278,61.432
0.1014,16.229,61.619
0.1176,17.432,57.367
0.135,18.131,55.153
0.1532,16.715,59.827
0.1699,17.282,57.864
0.1872,17.13,58.377
0.2043,15.706,63.668
0.22,18.396,54.359
0.2384,17.122,58.403
0.2555,17.31,57.771
0.2728,13.849,72.207
0.2867,16.916,59.115
0.3036,18.395,54.364
0.322,16.146,61.935
0.3381,17.278,57.878
0.3554,15.572,64.216
0.371,17.682,56.555
0.3887,17.045,58.669
0.4057,16.105,62.094
0.4218,17.452,57.302
0.4393,15.495,64.537
0.4548,17.191,58.169
0.472,18.016,55.506
0.49,16.626,60.147
0.5066,17.052,58.643
0.5237,16.205,61.709
0.5399,17.068,58.588
0.5569,16.729,59.775
0.5737,17.91,55.836
0.5916,16.85,59.345
0.6084,16.181,61.802
0.6246,17.245,57.987
0.6418,17.049,58.655
0.6589,17.858,55.999
0.6768,17.042,58.678
0.6938,17.055,58.634
0.7109,17.802,56.173
0.7287,16.998,58.832
0.7457,16.915,59.12
0.7626,16.745,59.721
0.7793,18.2,54.945
0.7975,18.026,55.475
0.8155,17.813,56.14
0.8334,19.163,52.185
0.8525,18.209,54.918
0.8707,17.55,56.98
0.8883,19.329,51.737
0.9076,18.509,54.026
0.9261,18.089,55.282
0.9442,17.503,57.133
0.9617,17.977,55.627
0.9797,18.689,53.508
0.9984,17.949,55.714
1.0163,17.409,57.441
1.0337,16.338,61.205
1.0501,16.474,60.702
1.0665,18.427,54.27
1.085,17.659,56.627
1.1026,18.711,53.443
1.1213,16.613,60.194
1.1379,16.858,59.317
1.1548,17.609,56.789
1.1724,18.293,54.666
1.1907,18.101,55.245
1.2088,16.748,59.71
1.2256,17.071,58.578
1.2426,18.21,54.913
1.2608,17.369,57.575
1.2782,18.693,53.496
1.2969,17.688,56.536
1.3146,18.087,55.289
1.3327,17.684,56.548
1.3504,15.005,66.644
1.3654,17.452,57.3
1.3828,17.7,56.497
1.4005,18.57,53.85
1.4191,16.459,60.757
1.4355,16.478,60.688
1.452,25.783,38.786
1.4778,18.142,55.12
1.4959,18.743,53.352
1.5147,18.574,53.84
1.5333,17.924,55.791
1.5512,18.254,54.784
1.5694,16.911,59.132
1.5864,17.845,56.037
1.6042,19.605,51.006
1.6238,16.407,60.949
1.6402,16.51,60.569
1.6567,17.615,56.77
1.6743,17.145,58.325
1.6915,17.625,56.738
1.7091,16.994,58.843
1.7261,18.539,53.94
1.7446,17.1,58.481
1.7617,20.241,49.406
1.782,17.584,56.869
1.7996,17.373,57.559
1.8169,17.687,56.539
1.8346,17.627,56.732
1.8523,17.162,58.267
1.8694,17.836,56.067
1.8872,17.602,56.813
1.9049,18.644,53.637
1.9235,17.82,56.118
1.9413,17.22,58.073
1.9585,16.348,61.17
1.9749,18.165,55.051
1.993,18.093,55.271
2.0111,18.089,55.283
2.0292,19.178,52.143
2.0484,17.5,57.143
2.0659,18.098,55.254
2.084,16.437,60.838
2.1004,16.312,61.305
2.1168,18.301,54.643
2.1351,15.661,63.855
2.1507,18.197,54.953
2.1689,18.278,54.712
2.1872,17.248,57.978
2.2044,17.845,56.037
2.2223,18.857,53.031
2.2411,16.489,60.646
2.2576,17.066,58.595
2.2747,18.432,54.253
2.2931,17.925,55.789
2.3111,19.577,51.08
2.3306,18.93,52.826
2.3496,18.472,54.135
2.368,18.502,54.048
2.3865,17.557,56.957
2.4041,17.091,58.512
2.4212,15.844,63.115
2.437,17.42,57.406
2.4544,16.566,60.364
2.471,17.843,56.045
2.4889,16.635,60.113
2.5055,18.342,54.518
2.5238,18.248,54.801
2.5421,16.863,59.3
2.5589,19.208,52.061
2.5782,18.247,54.804
2.5964,16.999,58.826
2.6134,17.97,55.65
2.6314,19.338,51.711
2.6507,17.502,57.137
2.6682,17.329,57.707
2.6855,19.359,51.655
2.7049,18.448,54.207
2.7233,17.554,56.967
2.7409,16.841,59.38
2.7577,15.933,62.763
2.7737,16.7,59.881
2.7904,18.402,54.341
2.8088,18.162,55.061
2.8269,17.946,55.722
2.8449,16.571,60.345
2.8615,16.898,59.18
2.8784,18.73,53.391
2.8971,16.712,59.837
2.9138,17.621,56.749
2.9314,17.826,56.096
2.9492,17.403,57.462
2.9666,17.516,57.092
2.9842,17.547,56.99
3.0017,18.274,54.724
3.02,19.191,52.109
3.0392,18.178,55.011
3.0573,18.194,54.964
3.0755,17.132,58.371
3.0927,18.06,55.372
3.1107,19.235,51.987
3.13,18.196,54.957
3.1482,17.631,56.717
3.1658,17.078,58.555
3.1829,18.958,52.749
3.2018,18.555,53.892
3.2204,18.607,53.743
3.239,18.174,55.025
3.2572,18.339,54.528
3.2755,17.471,57.236
3.293,19.055,52.479
3.312,18.758,53.309
3.3308,17.67,56.592
3.3485,16.298,61.359
3.3648,17.761,56.304
3.3825,17.811,56.145
3.4003,19.471,51.357
3.4198,16.903,59.16
3.4367,19.331,51.73
3.456,17.403,57.461
3.4734,18.964,52.731
3.4924,17.736,56.382
3.5101,17.714,56.454
3.5279,18.358,54.472
3.5462,19.002,52.627
3.5652,18.652,53.614
3.5839,17.49,57.175
3.6014,19.172,52.159
3.6205,18.761,53.302
3.6393,17.802,56.173
3.6571,20.147,49.636
3.6772,16.982,58.886
3.6942,16.716,59.822
3.7109,18.359,54.47
3.7293,18.9,52.911
3.7482,17.331,57.702
3.7655,19.584,51.062
3.7851,17.718,56.441
3.8028,17.657,56.635
3.8205,19.819,50.456
3.8403,16.92,59.103
3.8572,19.748,50.638
3.877,17.876,55.941
3.8948,19.733,50.677
3.9146,17.758,56.312
3.9323,17.391,57.5
3.9497,17.424,57.391
3.9672,19.391,51.57
3.9865,20.379,49.07
4.0069,18.821,53.133
4.0257,18.012,55.52
4.0438,19.196,52.093
4.063,18.522,53.989
4.0815,19.51,51.255
4.101,17.361,57.6
4.1183,18.526,53.979
4.1369,20.085,49.787
4.157,18.057,55.381
4.175,18.001,55.553
4.193,18.807,53.171
4.2118,18.678,53.539
4.2305,17.801,56.177
4.2483,18.73,53.39
4.267,18.482,54.106
4.2855,19.641,50.913
4.3052,18.446,54.212
4.3236,18.093,55.269
4.3417,17.001,58.82
4.3587,19.084,52.399
4.3778,18.88,52.966
4.3967,17.746,56.35
4.4144,15.979,62.584
4.4304,20.332,49.184
4.4507,17.853,56.013
4.4686,17.893,55.886
4.4865,17.479,57.212
4.5039,17.845,56.037
4.5218,18.97,52.714
4.5408,17.603,56.809
4.5584,18.852,53.046
4.5772,18.564,53.868
4.5958,19.697,50.77
4.6155,17.923,55.793
4.6334,17.893,55.888
4.6513,19.959,50.103
4.6712,18.121,55.184
4.6894,18.898,52.915
4.7083,20.464,48.867
4.7287,19.765,50.595
4.7485,18.994,52.649
4.7675,18.059,55.374
4.7855,19.143,52.239
4.8047,19.273,51.887
4.824,19.919,50.203
4.8439,17.643,56.678
4.8615,18.814,53.152
4.8803,18.116,55.199
4.8985,18.786,53.231
4.9172,18.755,53.32
4.936,18.658,53.596
4.9547,19.327,51.742
4.974,19.649,50.892
4.9936,17.66,56.624
5.0113,18.693,53.497
5.03,18.835,53.091
5.0488,18.69,53.506
5.0675,19.323,51.752
5.0868,17.66,56.626
5.1045,18.873,52.985
5.1234,17.535,57.028
5.1409,18.087,55.287
5.159,19.124,52.289
5.1781,18.425,54.275
5.1965,18.356,54.478
5.2149,18.291,54.672
5.2332,18.885,52.951
5.2521,19.593,51.038
5.2717,18.412,54.314
5.2901,17.081,58.546
5.3072,18.714,53.436
5.3259,16.822,59.445
5.3427,19.059,52.47
5.3618,18.623,53.698
5.3804,17.926,55.786
5.3983,18.323,54.576
5.4166,19.292,51.835
5.4359,17.887,55.905
5.4538,19.11,52.329
5.4729,17.232,58.03
5.4901,17.639,56.693
5.5078,18.092,55.273
5.5259,17.212,58.097
5.5431,18.847,53.059
5.5619,18.206,54.928
5.5801,20.439,48.926
5.6006,17.608,56.793
5.6182,18.268,54.741
5.6365,18.948,52.777
5.6554,19.955,50.112
5.6754,17.541,57.008
5.6929,18.799,53.195
5.7117,18.461,54.167
5.7302,19.063,52.457
5.7492,17.324,57.723
5.7665,18.701,53.472
5.7852,17.066,58.597
5.8023,17.38,57.536
5.8197,17.459,57.277
5.8372,16.902,59.163
5.8541,18.928,52.833
5.873,20.125,49.689
5.8931,18.882,52.96
5.912,18.036,55.444
5.93,18.416,54.3
5.9484,19.912,50.22
5.9684,16.978,58.9
5.9853,19.294,51.829
6.0046,18.814,53.153
6.0234,18.844,53.068
6.0423,19.565,51.113
6.0618,18.938,52.805
6.0808,16.845,59.363
6.0976,18.506,54.037
6.1161,17.749,56.34
6.1339,20.675,48.366
6.1546,17.93,55.772
6.1725,16.7,59.882
6.1892,17.803,56.169
6.207,18.354,54.484
6.2253,18.203,54.936
6.2436,18.026,55.475
6.2616,16.25,61.538
6.2778,19.381,51.598
6.2972,17.989,55.588
6.3152,18.873,52.985
6.3341,18.604,53.752
6.3527,18.084,55.298
6.3708,19.77,50.582
6.3905,18.906,52.894
6.4094,19.302,51.808
6.4287,19.072,52.434
6.4478,17.204,58.125
6.465,17.747,56.349
6.4828,19.444,51.431
6.5022,18.586,53.803
6.5208,17.939,55.746
6.5387,19.43,51.467
6.5582,18.812,53.157
6.577,18.272,54.728
6.5952,17.953,55.702
6.6132,17.57,56.916
6.6308,17.871,55.958
6.6486,17.55,56.981
6.6662,17.318,57.743
6.6835,20.126,49.686
6.7036,18.588,53.798
6.7222,17.568,56.923
6.7398,19.049,52.497
6.7588,16.597,60.251
6.7754,19.208,52.063
6.7946,18.526,53.978
6.8132,16.804,59.511
6.83,15.391,64.973
6.8454,19.383,51.592
6.8647,18.906,52.892
6.8836,16.992,58.852
6.9006,19.153,52.21
6.9198,16.423,60.889
6.9362,17.082,58.541
6.9533,17.833,56.075
6.9711,20.246,49.394
6.9914,18.822,53.129
7.0102,16.512,60.563
7.0267,19.295,51.826
7.046,19.14,52.245
7.0651,18.397,54.358
7.0835,18.451,54.199
7.102,18.101,55.246
7.1201,19.634,50.932
7.1397,17.448,57.312
7.1572,18.188,54.982
7.1754,17.448,57.312
7.1928,18.784,53.237
7.2116,17.362,57.597
7.229,17.862,55.984
7.2468,19.87,50.328
7.2667,17.841,56.05
7.2845,17.937,55.751
7.3025,18.061,55.368
7.3205,17.633,56.713
7.3382,15.938,62.743
7.3541,18.314,54.603
7.3724,19.286,51.85
7.3917,18.233,54.844
7.4099,18.936,52.809
7.4289,18.848,53.057
7.4477,17.171,58.239
7.4649,19.593,51.039
7.4845,16.256,61.515
7.5007,18.029,55.466
7.5188,17.665,56.608
7.5364,18.861,53.02
7.5553,17.463,57.265
7.5728,17.304,57.789
7.5901,18.062,55.366
7.6081,17.34,57.671
7.6255,18.788,53.227
7.6442,16.968,58.933
7.6612,16.401,60.971
7.6776,17.559,56.951
7.6952,17.563,56.939
7.7127,17.294,57.822
7.73,19.045,52.508
7.7491,17.203,58.129
7.7663,19.471,51.359
7.7858,17.578,56.889
7.8033,17.122,58.405
7.8205,19.869,50.33
7.8403,18.111,55.216
7.8584,17.403,57.463
7.8758,17.836,56.066
7.8937,19.291,51.837
7.913,17.409,57.443
7.9304,19.178,52.143
7.9495,18.463,54.162
7.968,17.415,57.421
7.9854,19.142,52.242
8.0046,18.605,53.748
8.0232,17.51,57.11
8.0407,16.548,60.429
8.0572,19.358,51.659
8.0766,18.414,54.307
8.095,18.214,54.902
8.1132,18.949,52.774
8.1322,18.436,54.241
8.1506,19.983,50.044
8.1706,17.837,56.063
8.1884,18.38,54.406
8.2068,19.389,51.577
8.2262,18.727,53.399
8.2449,17.139,58.346
8.2621,17.961,55.675
8.28,19.201,52.081
8.2992,19.581,51.069
8.3188,16.052,62.296
8.3349,18.685,53.52
8.3535,16.806,59.504
8.3703,18.27,54.734
8.3886,19.922,50.196
8.4085,18.613,53.725
8.4272,18.906,52.893
8.4461,18.377,54.415
8.4644,18.66,53.592
8.4831,18.807,53.171
8.5019,17.078,58.555
8.519,29.143,34.314
8.5481,19.462,51.382
8.5676,18.287,54.684
8.5859,18.639,53.651
8.6045,19.932,50.171
8.6244,18.208,54.92
8.6426,17.632,56.713
8.6603,18.159,55.068
8.6784,18.703,53.467
8.6971,16.333,61.225
8.7135,18.54,53.936
8.732,18.263,54.756
8.7503,18.454,54.187
8.7687,17.031,58.716
8.7858,19.921,50.198
8.8057,18.375,54.422
8.8241,18.892,52.933
8.843,18.895,52.923
8.8618,18.834,53.095
8.8807,18.237,54.833
8.8989,18.204,54.933
8.9171,19.269,51.896
8.9364,16.954,58.984
8.9533,16.639,60.099
8.97,18.467,54.151
8.9885,18.099,55.251
9.0066,15.985,62.558
9.0225,17.952,55.704
9.0405,17.376,57.549
9.0579,17.454,57.293
9.0753,18.381,54.403
9.0937,19.075,52.425
9.1128,17.071,58.579
9.1298,16.892,59.2
9.1467,18.948,52.775
9.1657,19.1,52.355
9.1848,17.233,58.027
9.202,18.068,55.345
9.2201,18.405,54.332
9.2385,17.864,55.977
9.2564,16.924,59.088
9.2733,19.357,51.661
9.2926,16.268,61.472
9.3089,17.206,58.118
9.3261,19.014,52.593
9.3451,17.451,57.305
9.3626,17.748,56.344
9.3803,18.281,54.702
9.3986,16.824,59.437
9.4154,18.635,53.662
9.4341,19.103,52.349
9.4532,17.339,57.672
9.4705,19.193,52.101
9.4897,17.565,56.933
9.5073,17.243,57.995
9.5245,18.57,53.849
9.5431,17.785,56.226
9.5609,19.026,52.561
9.5799,18.632,53.672
9.5985,16.663,60.014
9.6152,16.876,59.255
9.6321,16.922,59.095
9.649,17.232,58.031
9.6662,17.881,55.924
9.6841,18.402,54.343
9.7025,18.292,54.668
9.7208,16.507,60.579
9.7373,17.302,57.796
9.7546,17.539,57.017
9.7721,18.423,54.279
9.7906,19.416,51.503
9.81,17.167,58.25
9.8271,18.468,54.149
9.8456,18.325,54.57
9.8639,16.644,60.082
9.8806,18.502,54.047
9.8991,19.455,51.402
9.9185,17.867,55.968
9.9364,18.248,54.802
9.9547,18.431,54.257
9.9731,17.957,55.687
9.991,18.918,52.861
10.01,16.939,59.034
10.0269,18.351,54.493
10.0453,18.381,54.403
10.0636,17.775,56.259
10.0814,16.846,59.36
10.0983,17.311,57.768
10.1156,17.919,55.805
10.1335,17.864,55.977
10.1514,17.434,57.359
10.1688,17.906,55.846
10.1867,16.544,60.444
10.2032,18.043,55.424
10.2213,18.382,54.403
10.2397,16.452,60.781
10.2561,19.654,50.881
10.2758,17.46,57.275
10.2932,17.97,55.647
10.3112,18.081,55.305
10.3293,16.322,61.268
10.3456,17.641,56.686
10.3632,17.842,56.048
10.3811,17.52,57.078
10.3986,17.044,58.672
10.4156,17.554,56.968
10.4332,18.265,54.75
10.4515,15.918,62.822
10.4674,18.245,54.809
10.4856,16.815,59.47
10.5024,17.746,56.349
10.5202,17.963,55.669
10.5382,18.003,55.545
10.5562,17.599,56.822
10.5738,17.417,57.415
10.5912,18.42,54.29
10.6096,17.185,58.189
10.6268,17.862,55.984
10.6446,18.706,53.458
10.6633,17.583,56.874
10.6809,18.496,54.067
10.6994,17.97,55.649
10.7174,16.725,59.791
10.7341,18.646,53.632
10.7528,17.35,57.636
10.7701,18.989,52.661
10.7891,16.24,61.578
10.8053,18.551,53.905
10.8239,18.574,53.839
10.8425,17.835,56.071
10.8603,17.773,56.264
10.8781,16.694,59.9
10.8948,16.802,59.517
10.9116,16.932,59.061
10.9285,18.108,55.223
10.9466,19.091,52.382
10.9657,17.877,55.938
10.9836,17.56,56.949
11.0011,18.891,52.934
11.02,17.838,56.062
11.0379,18.744,53.351
11.0566,18.522,53.99
11.0751,17.135,58.36
11.0923,18.044,55.421
11.1103,17.458,57.281
11.1278,16.589,60.279
11.1444,17.734,56.388
11.1621,18.359,54.47
11.1805,17.449,57.311
11.1979,55.76,17.934
11.2537,16.558,60.393
11.2702,17.035,58.704
11.2873,18.114,55.205
11.3054,17.25,57.971
11.3226,17.678,56.566
11.3403,18.1,55.248
11.3584,17.841,56.051
11.3762,18.389,54.381
11.3946,16.47,60.715
11.4111,17.148,58.318
11.4282,21.126,47.336
11.4494,16.804,59.51
11.4662,18.531,53.964
11.4847,18.211,54.913
11.5029,16.251,61.536
11.5192,19.499,51.285
11.5387,16.507,60.58
11.5552,18.246,54.807
11.5734,17.264,57.924
11.5907,17.139,58.347
11.6078,16.465,60.735
11.6243,17.953,55.7
11.6422,17.978,55.623
11.6602,18.469,54.146
11.6787,17.905,55.851
11.6966,18.434,54.247
11.715,16.794,59.545
11.7318,54.36,18.396
11.7862,18.08,55.311
11.8043,17.777,56.253
11.822,19.051,52.491
11.8411,17.061,58.613
11.8581,18.08,55.308
11.8762,17.739,56.373
11.894,16.598,60.247
11.9106,16.948,59.003
11.9275,17.627,56.731
11.9451,17.094,58.499
11.9622,17.823,56.108
11.9801,17.323,57.728
11.9974,16.956,58.975
12.0143,17.484,57.197
12.0318,17.742,56.365
12.0496,16.89,59.206
12.0665,17.553,56.971
12.084,17.444,57.326
12.1014,16.165,61.86
12.1176,15.531,64.389
12.1331,16.168,61.852
12.1493,16.756,59.679
12.1661,17.477,57.219
12.1835,17.95,55.71
12.2015,17.745,56.353
12.2192,15.849,63.095
12.2351,16.114,62.059
12.2512,18.459,54.174
12.2697,17.467,57.252
12.2871,18.892,52.932
12.306,17.1,58.478
12.3231,17.316,57.752
12.3404,16.34,61.201
12.3568,17.763,56.296
12.3745,16.728,59.781
12.3913,17.892,55.89
12.4092,17.191,58.17
12.4264,15.875,62.992
12.4422,16.54,60.458
12.4588,16.241,61.572
12.475,16.752,59.693
12.4918,17.497,57.153
12.5093,17.654,56.643
12.5269,15.786,63.348
12.5427,18.884,52.954
12.5616,16.505,60.586
12.5781,18.68,53.532
12.5968,16.557,60.398
12.6133,16.921,59.098
12.6302,18.271,54.731
12.6485,18.506,54.036
12.667,18.633,53.668
12.6857,18.563,53.87
12.7042,15.891,62.93
12.7201,18.1,55.249
12.7382,18.628,53.682
12.7568,16.625,60.149
12.7735,18.133,55.149
12.7916,17.65,56.657
12.8092,17.749,56.341
12.827,18.577,53.829
12.8456,15.749,63.498
12.8613,16.64,60.097
12.878,17.52,57.079
12.8955,18.571,53.847
12.9141,17.899,55.87
12.932,16.042,62.336
12.948,17.365,57.588
12.9654,17.948,55.716
12.9833,17.201,58.135
13.0005,18.377,54.416
13.0189,18.579,53.823
13.0375,16.893,59.195
13.0544,19.048,52.5
13.0734,17.063,58.608
13.0905,17.042,58.679
13.1075,17.462,57.266
13.125,17.453,57.296
13.1424,19.048,52.5
13.1615,17.315,57.752
13.1788,17.986,55.6
13.1968,18.88,52.965
13.2157,17.853,56.014
13.2335,16.68,59.953
13.2502,16.933,59.057
13.2671,17.191,58.169
13.2843,17.73,56.4
13.302,18.417,54.298
13.3205,17.471,57.238
13.3379,16.384,61.036
13.3543,17.684,56.549
13.372,17.79,56.211
13.3898,17.577,56.893
13.4074,15.71,63.655
13.4231,16.342,61.191
13.4394,16.545,60.443
13.456,18.398,54.353
13.4744,17.552,56.972
13.4919,17.354,57.623
13.5093,17.244,57.993
13.5265,18.407,54.327
13.5449,17.229,58.042
13.5621,18.782,53.241
13.5809,18.618,53.712
13.5995,18.059,55.375
13.6176,17.134,58.363
13.6347,17.859,55.993
13.6526,17.063,58.605
13.6697,16.788,59.566
13.6864,17.164,58.262
13.7036,15.478,64.607
13.7191,19.545,51.164
13.7386,16.57,60.351
13.7552,18.727,53.4
13.7739,16.935,59.048
13.7909,18.294,54.664
13.8092,19.211,52.052
13.8284,16.959,58.967
13.8453,16.547,60.435
13.8619,17.534,57.032
13.8794,17.853,56.012
13.8973,17.693,56.519
13.915,19.428,51.472
13.9344,18.076,55.322
13.9525,17.968,55.654
13.9704,16.921,59.099
13.9874,18.071,55.337
14.0054,17.154,58.295
14.0226,17.654,56.646
14.0402,19.622,50.963
14.0599,18.464,54.161
14.0783,19.275,51.88
14.0976,17.205,58.121
14.1148,16.062,62.257
14.1309,18.583,53.812
14.1494,18.4,54.346
14.1678,17.451,57.304
14.1853,20.397,49.026
14.2057,17.038,58.692
14.2227,18.3,54.644
14.241,18.551,53.906
14.2596,18.736,53.374
14.2783,17.422,57.398
14.2957,16.283,61.413
14.312,18.03,55.464
14.3301,19.764,50.598
14.3498,17.154,58.294
14.367,16.247,61.548
14.3832,17.827,56.093
14.401,18.575,53.836
14.4196,19.016,52.588
14.4386,17.285,57.853
14.4559,18.844,53.068
14.4748,20.082,49.795
14.4948,18.009,55.528
14.5129,18.505,54.038
14.5314,16.818,59.459
14.5482,17.921,55.799
14.5661,18.326,54.566
14.5844,17.42,57.406
14.6018,16.676,59.967
14.6185,18.105,55.234
14.6366,18.872,52.989
14.6555,17.588,56.855
14.6731,17.393,57.495
14.6905,17.852,56.015
14.7083,17.233,58.03
14.7256,17.874,55.946
14.7434,17.111,58.441
14.7606,16.917,59.113
14.7775,18.222,54.879
14.7957,16.618,60.175
14.8123,19.386,51.583
14.8317,16.159,61.886
14.8479,16.433,60.853
14.8643,17.584,56.87
14.8819,17.561,56.944
14.8994,19.147,52.227
14.9186,19.12,52.3
14.9377,18.122,55.18
14.9558,16.204,61.715
14.972,18.197,54.953
14.9902,17.251,57.968
15.0075,17.765,56.29
15.0252,18.105,55.234
15.0433,16.254,61.525
15.0596,17.111,58.441
15.0767,17.057,58.629
15.0938,18.123,55.177
15.1119,17.894,55.884
15.1298,18.622,53.7
15.1484,19.295,51.827
15.1677,18.334,54.543
15.186,18.219,54.887
15.2043,17.888,55.905
15.2221,17.522,57.072
15.2397,17.63,56.722
15.2573,16.51,60.57
15.2738,18.853,53.041
15.2927,18.986,52.672
15.3116,18.407,54.327
15.33,19.467,51.369
15.3495,18.761,53.302
15.3683,19.497,51.289
15.3878,18.239,54.826
15.406,17.958,55.687
15.424,18.211,54.911
15.4422,19.839,50.406
15.462,17.707,56.476
15.4797,42.37,23.602
15.5221,15.66,63.858
15.5378,15.568,64.235
15.5533,18.592,53.786
15.5719,18.089,55.281
15.59,17.695,56.512
15.6077,17.094,58.498
15.6248,17.312,57.762
15.6421,18.248,54.8
15.6604,19.073,52.429
15.6794,18.737,53.37
15.6982,16.934,59.052
15.7151,16.109,62.075
15.7312,18.862,53.017
15.7501,17.17,58.24
15.7672,18.265,54.75
15.7855,16.834,59.405
15.8023,16.951,58.994
15.8193,18.96,52.742
15.8383,19.431,51.463
15.8577,19.837,50.411
15.8775,19.174,52.154
15.8967,18.544,53.925
15.9152,18.696,53.486
15.9339,19.063,52.457
15.953,17.86,55.992
15.9709,18.566,53.861
15.9894,18.584,53.811
16.008,18.652,53.614
16.0267,18.509,54.029
16.0452,18.493,54.073
16.0637,18.147,55.106
16.0818,16.828,59.426
16.0986,19.722,50.704
16.1184,18.691,53.502
16.137,19.015,52.59
16.1561,18.305,54.63
16.1744,17.465,57.257
16.1918,18.174,55.025
16.21,20.004,49.991
16.23,18.715,53.434
16.2487,17.185,58.19
16.2659,18.545,53.923
16.2845,17.464,57.26
16.3019,19.24,51.974
16.3212,19.063,52.457
16.3402,16.191,61.762
16.3564,18.995,52.646
16.3754,19.27,51.894
16.3947,17.521,57.074
16.4122,18.808,53.17
16.431,17.856,56.004
16.4489,20.389,49.045
16.4693,18.628,53.683
16.4879,18.535,53.953
16.5064,18.666,53.574
16.5251,18.659,53.593
16.5437,19.215,52.041
16.563,18.074,55.329
16.581,18.205,54.929
16.5992,18.078,55.316
16.6173,19.562,51.119
16.6369,18.948,52.775
16.6558,19.041,52.518
16.6749,18.0,55.557
16.6929,18.293,54.666
16.7112,18.832,53.101
16.73,19.457,51.397
16.7494,20.155,49.616
16.7696,18.627,53.684
16.7882,19.983,50.043
16.8082,19.418,51.498
16.8276,20.579,48.593
16.8482,19.243,51.968
16.8675,18.208,54.921
16.8857,19.546,51.163
16.9052,19.057,52.475
16.9243,18.048,55.409
16.9423,17.932,55.766
16.9602,19.331,51.732
16.9796,19.544,51.165
16.9991,18.984,52.676
17.0181,19.191,52.107
17.0373,19.545,51.165
17.0568,18.765,53.291
17.0756,19.408,51.525
17.095,19.393,51.565
17.1144,19.307,51.794
17.1337,18.462,54.165
17.1522,18.588,53.799
17.1708,18.998,52.637
17.1898,19.196,52.095
17.209,17.795,56.196
17.2267,19.73,50.685
17.2465,18.223,54.876
17.2647,19.698,50.766
17.2844,17.371,57.568
17.3018,19.179,52.141
17.3209,18.802,53.184
17.3398,18.542,53.931
17.3583,18.727,53.398
17.377,18.45,54.201
17.3955,16.402,60.967
17.4119,18.022,55.486
17.4299,17.899,55.87
17.4478,18.254,54.783
17.466,20.299,49.263
17.4863,19.308,51.793
17.5057,18.456,54.184
17.5241,18.698,53.481
17.5428,18.258,54.77
17.5611,17.207,58.117
17.5783,17.706,56.478
17.596,18.012,55.518
17.614,19.517,51.237
17.6335,18.029,55.468
17.6515,19.908,50.23
17.6714,19.669,50.843
17.6911,19.122,52.297
17.7102,17.356,57.618
17.7276,19.316,51.772
17.7469,16.76,59.666
17.7637,18.075,55.325
17.7817,18.921,52.852
17.8007,18.093,55.271
17.8188,19.49,51.309
17.8382,19.783,50.549
17.858,18.405,54.332
17.8764,21.957,45.544
17.8984,17.872,55.953
17.9163,19.422,51.487
17.9357,19.557,51.133
17.9552,17.703,56.488
17.9729,18.582,53.816
17.9915,18.772,53.269
18.0103,18.498,54.059
18.0288,17.978,55.623
18.0468,17.695,56.513
18.0645,18.23,54.853
18.0827,20.794,48.091
18.1035,20.378,49.073
18.1239,17.393,57.496
18.1413,17.752,56.33
18.159,17.458,57.28
18.1765,17.28,57.871
18.1938,18.418,54.296
18.2122,19.259,51.925
18.2314,17.665,56.608
18.2491,18.482,54.107
18.2676,18.867,53.002
18.2864,19.035,52.534
18.3055,19.049,52.496
18.3245,20.459,48.879
18.345,16.89,59.208
18.3619,19.729,50.688
18.3816,19.504,51.27
18.4011,20.784,48.115
18.4219,18.535,53.952
18.4404,18.753,53.325
18.4592,20.319,49.216
18.4795,18.204,54.932
18.4977,19.418,51.499
18.5171,19.179,52.141
18.5363,18.989,52.662
18.5553,19.176,52.149
18.5745,17.678,56.567
18.5921,20.452,48.896
18.6126,19.095,52.369
18.6317,17.654,56.644
18.6493,19.116,52.311
18.6685,17.874,55.947
18.6863,17.422,57.397
18.7038,19.628,50.947
18.7234,19.783,50.548
18.7432,18.209,54.917
18.7614,19.78,50.556
18.7812,18.427,54.269
18.7996,19.471,51.359
18.8191,20.137,49.661
18.8392,18.773,53.269
18.858,18.605,53.749
18.8766,18.623,53.696
18.8952,19.424,51.483
18.9146,19.447,51.423
18.9341,17.48,57.207
18.9515,18.447,54.21
18.97,18.533,53.956
18.9885,19.949,50.129
19.0085,18.527,53.976
19.027,18.352,54.49
19.0454,18.681,53.531
19.064,19.022,52.57
19.0831,18.549,53.91
19.1016,18.335,54.54
19.1199,19.612,50.989
19.1396,18.717,53.428
19.1583,18.981,52.685
19.1773,18.502,54.048
19.1958,17.005,58.806
19.2128,20.893,47.864
19.2337,17.352,57.631
19.251,18.937,52.805
19.2699,18.704,53.465
19.2886,20.025,49.939
19.3087,18.324,54.573
19.327,18.934,52.815
19.3459,19.85,50.379
19.3658,19.717,50.717
19.3855,18.958,52.748
19.4045,19.09,52.383
19.4235,18.52,53.996
19.4421,18.57,53.85
19.4606,17.21,58.105
19.4778,18.569,53.853
19.4964,19.89,50.278
19.5163,19.863,50.344
19.5362,18.072,55.334
19.5542,19.505,51.27
19.5737,20.455,48.888
19.5942,18.415,54.304
19.6126,19.52,51.231
19.6321,19.795,50.517
19.6519,19.899,50.254
19.6718,20.867,47.923
19.6927,19.523,51.222
19.7122,18.294,54.663
19.7305,18.295,54.661
19.7488,20.678,48.36
19.7695,19.436,51.451
19.7889,18.901,52.908
19.8078,19.115,52.316
19.8269,19.397,51.553
19.8463,20.165,49.59
19.8665,19.038,52.528
19.8855,19.051,52.49
19.9046,16.634,60.119
19.9212,20.454,48.89
19.9417,19.537,51.186
19.9612,18.404,54.337
19.9796,20.486,48.815
20.0001,21.612,46.27
20.0217,19.412,51.515
20.0411,18.875,52.979
20.06,21.797,45.877
20.0818,19.835,50.416
20.1016,19.798,50.511
20.1214,19.968,50.081
20.1414,21.416,46.694
20.1628,19.39,51.573
20.1822,19.157,52.2
20.2014,19.838,50.409
20.2212,17.45,57.307
20.2386,18.992,52.652
20.2576,18.814,53.153
20.2764,19.523,51.222
20.296,19.479,51.338
20.3155,18.974,52.704
20.3344,20.507,48.764
20.3549,19.253,51.939
20.3742,19.95,50.124
20.3941,20.18,49.554
20.4143,19.355,51.667
20.4337,18.739,53.365
20.4524,18.701,53.472
20.4711,20.35,49.141
20.4915,19.019,52.579
20.5105,20.826,48.016
20.5313,20.469,48.855
20.5518,21.796,45.881
20.5736,21.181,47.212
20.5948,19.242,51.971
20.614,19.042,52.516
20.633,18.056,55.383
20.6511,18.835,53.092
20.6699,21.343,46.853
20.6913,19.076,52.421
20.7103,18.634,53.665
20.729,20.418,48.975
20.7494,18.762,53.299
20.7682,20.725,48.252
20.7889,19.144,52.237
20.808,19.03,52.548
20.8271,19.95,50.125
20.847,18.995,52.645
20.866,19.908,50.231
20.8859,20.17,49.577
20.9061,18.92,52.854
20.925,19.843,50.396
20.9448,18.559,53.882
20.9634,18.017,55.502
20.9814,19.016,52.589
21.0004,20.514,48.748
21.021,19.02,52.575
21.04,19.384,51.59
21.0594,20.436,48.934
21.0798,20.013,49.968
21.0998,18.455,54.186
21.1183,19.37,51.626
21.1376,21.632,46.229
21.1593,17.526,57.057
21.1768,18.035,55.449
21.1948,19.501,51.279
21.2143,19.104,52.345
21.2334,19.308,51.793
21.2527,19.584,51.062
21.2723,18.353,54.488
21.2907,17.943,55.731
21.3086,17.258,57.943
21.3259,18.977,52.694
21.3449,19.431,51.465
21.3643,20.04,49.9
21.3843,18.717,53.426
21.403,19.147,52.228
21.4222,19.159,52.195
21.4413,18.141,55.124
21.4595,18.631,53.673
21.4781,20.101,49.749
21.4982,20.106,49.736
21.5183,21.443,46.636
21.5398,19.877,50.309
21.5596,18.895,52.923
21.5785,20.434,48.938
21.599,17.896,55.88
21.6169,19.306,51.797
21.6362,17.988,55.594
21.6542,20.18,49.554
21.6743,18.626,53.688
21.693,17.973,55.638
21.7109,19.694,50.776
21.7306,19.43,51.468
21.7501,18.668,53.568
21.7687,19.009,52.607
21.7877,19.225,52.016
21.807,17.339,57.673
21.8243,19.632,50.938
21.8439,19.918,50.206
21.8639,19.311,51.783
21.8832,19.356,51.664
21.9025,19.753,50.624
21.9223,19.002,52.627
21.9413,18.144,55.115
21.9594,20.89,47.869
21.9803,19.621,50.965
21.9999,18.114,55.206
22.018,18.606,53.747
22.0367,18.455,54.186
22.0551,20.112,49.723
22.0752,19.89,50.275
22.0951,18.165,55.05
22.1133,17.605,56.801
22.1309,18.618,53.712
22.1495,19.688,50.793
22.1692,17.801,56.176
22.187,18.583,53.812
22.2056,18.06,55.37
22.2236,19.455,51.4
22.2431,18.586,53.803
22.2617,19.143,52.238
22.2808,18.821,53.132
22.2996,19.278,51.872
22.3189,31.13,32.124
22.35,19.451,51.41
22.3695,18.916,52.865
22.3884,19.364,51.641
22.4078,18.54,53.936
22.4263,18.484,54.102
22.4448,19.067,52.446
22.4639,20.122,49.696
22.484,18.953,52.763
22.5029,17.36,57.604
22.5203,19.896,50.263
22.5402,21.721,46.039
22.5619,18.234,54.843
22.5802,20.558,48.642
22.6007,20.041,49.897
22.6208,19.32,51.761
22.6401,19.668,50.845
22.6597,19.101,52.352
22.6788,19.678,50.817
22.6985,18.192,54.971
22.7167,18.594,53.782
22.7353,19.149,52.221
22.7545,19.547,51.159
22.774,19.045,52.509
22.793,20.251,49.381
22.8133,18.698,53.481
22.832,19.798,50.51
22.8518,18.052,55.397
22.8698,18.515,54.01
22.8884,17.491,57.171
22.9058,19.525,51.217
22.9254,19.466,51.372
22.9448,21.084,47.428
22.9659,18.617,53.714
22.9845,19.094,52.372
23.0036,20.756,48.178
23.0244,20.605,48.532
23.045,18.616,53.718
23.0636,18.898,52.915
23.0825,18.551,53.906
23.1011,20.399,49.023
23.1215,18.76,53.304
23.1402,17.823,56.106
23.158,19.833,50.422
23.1779,19.626,50.953
23.1975,19.256,51.931
23.2168,19.212,52.051
23.236,18.859,53.026
23.2548,17.681,56.557
23.2725,18.719,53.423
23.2912,18.554,53.896
23.3098,19.726,50.694
23.3295,18.374,54.424
23.3479,20.304,49.25
23.3682,20.003,49.991
23.3882,19.577,51.081
23.4078,19.212,52.051
23.427,17.361,57.599
23.4443,20.287,49.292
23.4646,18.074,55.327
23.4827,19.326,51.745
23.502,18.271,54.732
23.5203,18.925,52.84
23.5392,19.703,50.753
23.5589,18.112,55.212
23.577,19.548,51.155
23.5966,19.613,50.988
23.6162,20.214,49.471
23.6364,18.919,52.856
23.6553,18.038,55.44
23.6734,19.918,50.205
23.6933,19.612,50.99
23.7129,18.271,54.732
23.7312,48.579,20.585
23.7798,18.213,54.907
23.798,18.518,54.003
23.8165,18.422,54.283
23.8349,17.806,56.161
23.8527,18.308,54.621
23.871,19.358,51.659
23.8904,19.451,51.411
23.9098,18.394,54.365
23.9282,18.629,53.679
23.9468,18.721,53.416
23.9656,17.46,57.274
23.983,19.238,51.981
24.0023,19.057,52.473
24.0213,18.254,54.782
24.0396,19.335,51.721
24.0589,18.897,52.918
24.0778,17.891,55.893
24.0957,18.922,52.847
24.1146,19.044,52.509
24.1337,17.52,57.077
24.1512,18.889,52.941
24.1701,18.789,53.223
24.1889,19.478,51.34
24.2083,43.185,23.156
24.2515,18.598,53.77
24.2701,19.05,52.493
24.2892,19.492,51.303
24.3087,20.04,49.901
24.3287,18.736,53.373
24.3474,19.782,50.551
24.3672,18.109,55.22
24.3853,16.692,59.91
24.402,18.912,52.878
24.4209,18.541,53.935
24.4395,17.1,58.479
24.4566,18.767,53.284
24.4753,16.708,59.853
24.4921,19.082,52.406
24.5111,17.4,57.473
24.5285,19.049,52.495
24.5476,19.022,52.57
24.5666,18.962,52.736
24.5856,16.601,60.236
24.6022,19.083,52.404
24.6213,18.785,53.233
24.64,18.702,53.472
24.6587,19.508,51.261
24.6783,18.064,55.36
24.6963,17.637,56.698
24.714,20.462,48.871
24.7344,20.422,48.967
24.7548,18.959,52.745
24.7738,18.542,53.931
24.7923,17.185,58.189
24.8095,17.714,56.453
24.8272,16.305,61.33
24.8435,17.111,58.441
24.8607,18.62,53.707
24.8793,19.799,50.509
24.8991,19.335,51.721
24.9184,16.525,60.513
24.9349,18.991,52.657
24.9539,18.057,55.381
24.972,17.38,57.536
24.9894,18.36,54.466
25.0077,19.233,51.993
25.027,18.89,52.938
25.0458,16.367,61.098
25.0622,17.847,56.031
25.0801,18.572,53.844
25.0986,17.444,57.327
25.1161,19.191,52.109
25.1353,16.696,59.894
25.152,20.38,49.067
25.1723,18.465,54.156
25.1908,18.362,54.459
25.2092,19.057,52.475
25.2282,19.086,52.394
25.2473,18.297,54.654
25.2656,19.456,51.397
25.2851,19.023,52.568
25.3041,18.091,55.276
25.3222,16.783,59.584
25.339,18.81,53.162
25.3578,17.322,57.729
25.3751,17.575,56.898
25.3927,18.6,53.762
25.4113,17.811,56.145
25.4291,19.13,52.274
25.4482,18.429,54.263
25.4666,18.414,54.307
25.4851,19.122,52.295
25.5042,18.347,54.505
25.5225,18.175,55.021
25.5407,17.968,55.654
25.5587,18.819,53.138
25.5775,16.71,59.843
25.5942,18.531,53.963
25.6127,17.07,58.583
25.6298,19.545,51.163
25.6493,19.525,51.216
25.6689,17.615,56.771
25.6865,17.147,58.319
25.7036,17.739,56.373
25.7214,18.206,54.926
25.7396,18.83,53.106
25.7584,18.421,54.285
25.7768,18.77,53.277
25.7956,17.815,56.134
25.8134,18.914,52.871
25.8323,18.403,54.339
25.8507,18.638,53.655
25.8694,17.691,56.525
25.8871,18.446,54.212
25.9055,18.853,53.041
25.9244,18.347,54.504
25.9427,18.254,54.781
25.961,18.18,55.004
25.9791,18.449,54.203
25.9976,18.715,53.432
26.0163,17.782,56.237
26.0341,18.453,54.19
26.0525,17.503,57.134
26.07,17.887,55.906
26.0879,18.283,54.695
26.1062,17.702,56.491
26.1239,18.771,53.275
26.1427,18.244,54.812
26.1609,18.089,55.283
26.179,16.813,59.477
26.1958,18.738,53.368
26.2146,17.862,55.984
26.2324,16.624,60.153
26.2491,18.093,55.27
26.2671,18.956,52.754
26.2861,17.009,58.791
26.3031,17.305,57.788
26.3204,17.263,57.928
26.3377,18.467,54.15
26.3561,17.74,56.371
26.3739,17.827,56.093
26.3917,16.443,60.818
26.4082,17.767,56.283
26.4259,19.502,51.276
26.4454,17.226,58.052
26.4626,19.05,52.495
26.4817,17.952,55.703
26.4997,18.647,53.627
26.5183,16.986,58.871
26.5353,17.676,56.575
26.553,18.124,55.176
26.5711,18.97,52.715
26.5901,18.671,53.56
26.6087,17.982,55.611
26.6267,17.665,56.609
26.6444,17.52,57.076
26.6619,17.751,56.335
26.6796,17.173,58.231
26.6968,17.618,56.76
26.7144,18.048,55.406
26.7325,18.405,54.332
26.7509,17.557,56.957
26.7684,19.77,50.582
26.7882,17.641,56.686
26.8059,16.862,59.305
26.8227,16.368,61.094
26.8391,17.606,56.799
26.8567,18.874,52.984
26.8756,17.404,57.458
26.893,19.126,52.285
26.9121,17.664,56.612
26.9298,17.325,57.719
26.9471,17.273,57.894
26.9644,18.089,55.281
26.9824,17.888,55.904
27.0003,17.941,55.739
27.0183,19.799,50.507
27.0381,18.016,55.507
27.0561,16.32,61.275
27.0724,15.634,63.962
27.088,17.166,58.256
27.1052,16.824,59.438
27.122,18.217,54.894
27.1403,16.688,59.923
27.1569,18.654,53.608
27.1756,18.632,53.671
27.1942,17.941,55.739
27.2122,17.487,57.187
27.2297,17.817,56.126
27.2475,18.3,54.644
27.2658,15.904,62.879
27.2817,16.571,60.347
27.2982,17.762,56.299
27.316,19.259,51.923
27.3353,18.646,53.631
27.3539,19.053,52.484
27.373,17.197,58.15
27.3902,17.19,58.174
27.4074,16.285,61.406
27.4236,47.396,21.099
27.471,17.744,56.357
27.4888,17.517,57.087
27.5063,19.049,52.498
27.5253,16.739,59.74
27.5421,16.999,58.827
27.5591,15.774,63.394
27.5749,17.034,58.704
27.5919,17.827,56.095
27.6097,16.476,60.696
27.6262,16.993,58.849
27.6432,17.44,57.339
27.6606,17.789,56.213
27.6784,17.572,56.909
27.696,16.742,59.73
27.7127,16.784,59.58
27.7295,16.253,61.528
27.7458,17.274,57.891
27.763,18.164,55.053
27.7812,17.226,58.051
27.7984,17.099,58.482
27.8155,16.426,60.878
27.832,16.928,59.073
27.8489,15.854,63.077
27.8647,17.104,58.464
27.8818,16.791,59.557
27.8986,18.087,55.287
27.9167,16.817,59.465
27.9335,18.33,54.556
27.9519,17.35,57.639
27.9692,16.787,59.571
27.986,17.184,58.193
28.0032,16.882,59.234
28.0201,18.854,53.039
28.0389,17.132,58.369
28.0561,16.76,59.667
28.0728,16.657,60.036
28.0895,16.668,59.995
28.1061,16.233,61.603
28.1224,17.483,57.198
28.1399,16.343,61.19
28.1562,16.472,60.709
28.1727,16.308,61.318
28.189,16.006,62.475
28.205,17.123,58.399
28.2221,18.591,53.789
28.2407,17.578,56.889
28.2583,16.287,61.398
28.2746,17.509,57.114
28.2921,18.618,53.711
28.3107,16.803,59.514
28.3275,16.971,58.925
28.3445,17.849,56.024
28.3623,15.878,62.981
28.3782,15.928,62.781
28.3941,17.247,57.98
28.4114,15.693,63.725
28.4271,17.202,58.134
28.4443,17.535,57.027
28.4618,18.237,54.833
28.48,18.651,53.617
28.4987,17.458,57.28
28.5161,15.961,62.652
28.5321,17.337,57.679
28.5494,16.572,60.343
28.566,17.555,56.965
28.5836,17.405,57.455
28.601,17.353,57.625
28.6183,17.988,55.593
28.6363,15.967,62.631
28.6523,16.299,61.352
28.6686,16.425,60.884
28.685,19.254,51.938
28.7043,16.886,59.222
28.7211,17.397,57.48
28.7385,17.976,55.628
28.7565,17.692,56.523
28.7742,17.101,58.475
28.7913,18.108,55.225
28.8094,17.533,57.034
28.827,18.095,55.263
28.845,17.975,55.633
28.863,16.848,59.353
28.8799,16.977,58.905
28.8968,16.314,61.296
28.9132,14.449,69.21
28.9276,16.645,60.078
28.9443,16.092,62.144
28.9603,17.02,58.754
28.9774,16.051,62.301
28.9934,15.932,62.768
29.0094,16.208,61.699
29.0256,17.157,58.284
29.0427,18.625,53.69
29.0613,18.599,53.766
29.0799,17.503,57.134
29.0974,16.828,59.425
29.1143,17.259,57.939
29.1315,17.558,56.956
29.1491,18.522,53.99
29.1676,17.324,57.723
29.1849,16.748,59.708
29.2017,16.381,61.046
29.2181,17.724,56.421
29.2358,17.012,58.783
29.2528,16.824,59.438
29.2696,15.598,64.111
29.2852,17.359,57.606
29.3026,16.908,59.143
29.3195,17.338,57.677
29.3368,16.979,58.897
29.3538,17.378,57.542
29.3712,18.095,55.262
29.3893,17.785,56.226
29.4071,15.601,64.099
29.4227,16.379,61.054
29.439,16.815,59.47
29.4559,16.691,59.913
29.4726,17.655,56.641
29.4902,16.531,60.493
29.5067,17.693,56.52
29.5244,18.576,53.832
29.543,17.569,56.917
29.5606,17.238,58.012
29.5778,16.775,59.612
29.5946,16.007,62.472
29.6106,16.983,58.883
29.6276,18.735,53.376
29.6463,17.264,57.923
29.6636,17.101,58.476
29.6807,16.119,62.037
29.6968,16.759,59.67
29.7136,15.618,64.03
29.7292,16.89,59.208
29.7461,16.523,60.522
29.7626,16.499,60.608
29.7791,17.986,55.598
29.7971,17.038,58.694
29.8141,17.964,55.667
29.8321,19.685,50.799
29.8518,17.29,57.835
29.8691,15.838,63.139
29.8849,17.29,57.835
29.9022,16.208,61.699
29.9184,17.167,58.25
29.9356,14.89,67.159
29.9504,16.167,61.853
29.9666,17.196,58.152
29.9838,17.28,57.869
30.0011,17.369,57.573
30.0185,16.437,60.837
30.0349,19.017,52.586
30.0539,17.742,56.365
30.0717,17.605,56.803
30.0893,16.302,61.342
30.1056,15.632,63.972
30.1212,17.958,55.686
30.1391,15.926,62.791
30.1551,17.379,57.54
30.1725,14.681,68.116
30.1871,16.249,61.541
30.2034,15.304,65.343
30.2187,15.367,65.074
30.2341,17.105,58.464
30.2512,18.593,53.783
30.2698,17.001,58.819
30.2868,16.742,59.731
30.3035,16.919,59.105
30.3204,17.769,56.279
30.3382,17.298,57.811
30.3555,16.941,59.027
30.3724,16.682,59.946
30.3891,16.359,61.13
30.4055,17.308,57.778
30.4228,17.073,58.572
30.4398,16.062,62.259
30.4559,16.419,60.904
30.4723,17.139,58.345
30.4895,18.044,55.421
30.5075,17.309,57.775
30.5248,16.519,60.536
30.5413,16.927,59.077
30.5583,16.387,61.026
30.5746,16.56,60.388
30.5912,16.731,59.77
30.6079,16.502,60.597
30.6244,17.257,57.948
30.6417,15.563,64.255
30.6573,16.529,60.5
30.6738,16.19,61.767
30.69,17.742,56.365
30.7077,17.205,58.123
30.7249,16.747,59.711
30.7417,17.711,56.464
30.7594,15.816,63.227
30.7752,17.129,58.381
30.7923,17.433,57.361
30.8098,16.282,61.416
30.826,16.282,61.416
30.8423,15.444,64.752
30.8578,17.076,58.562
30.8748,16.742,59.729
30.8916,16.344,61.185
30.9079,15.916,62.83
30.9239,16.918,59.109
30.9408,16.873,59.268
30.9576,16.114,62.059
30.9738,17.645,56.672
30.9914,16.796,59.538
31.0082,16.759,59.669
31.025,16.392,61.007
31.0413,17.761,56.303
31.0591,32.831,30.459
31.0919,18.441,54.227
31.1104,17.046,58.664
31.1274,16.906,59.149
31.1443,14.595,68.514
31.1589,16.434,60.848
31.1754,15.828,63.181
31.1912,17.887,55.908
31.2091,16.816,59.466
31.2259,16.836,59.396
31.2427,17.313,57.76
31.26,16.022,62.414
31.2761,16.678,59.959
31.2927,17.779,56.245
31.3105,16.737,59.749
31.3273,16.549,60.425
31.3438,19.236,51.987
31.363,17.718,56.441
31.3808,16.754,59.689
31.3975,16.866,59.291
31.4144,16.886,59.221
31.4313,17.138,58.351
31.4484,16.287,61.397
31.4647,17.901,55.864
31.4826,16.367,61.099
31.499,16.57,60.349
31.5155,17.582,56.876
31.5331,16.241,61.574
31.5494,15.347,65.158
31.5647,17.383,57.528
31.5821,16.51,60.569
31.5986,16.403,60.966
31.615,16.172,61.834
31.6312,16.929,59.07
31.6481,17.446,57.319
31.6655,16.449,60.794
31.682,16.631,60.129
31.6986,16.961,58.957
31.7156,15.71,63.654
31.7313,17.616,56.766
31.7489,14.882,67.194
31.7638,14.988,66.719
31.7788,17.949,55.714
31.7967,17.581,56.879
31.8143,15.429,64.812
31.8297,16.654,60.046
31.8464,15.48,64.6
31.8619,16.583,60.303
31.8785,17.779,56.246
31.8962,15.755,63.473
31.912,16.539,60.464
31.9285,14.928,66.989
31.9435,15.853,63.078
31.9593,14.866,67.266
31.9742,15.807,63.265
31.99,16.85,59.347
32.0068,15.988,62.549
32.0228,16.466,60.732
32.0393,17.552,56.973
32.0568,16.401,60.972
32.0732,14.486,69.033
32.0877,15.537,64.363
32.1033,18.205,54.929
32.1215,16.544,60.444
32.138,15.753,63.48
32.1538,16.989,58.861
32.1708,38.904,25.705
32.2097,15.212,65.739
32.2249,17.021,58.753
32.2419,18.89,52.937
32.2608,17.684,56.548
32.2785,16.82,59.452
32.2953,18.644,53.637
32.3139,18.202,54.938
32.3321,16.636,60.11
32.3488,15.82,63.21
32.3646,18.677,53.541
32.3833,16.488,60.649
32.3998,17.49,57.175
32.4172,16.638,60.103
32.4339,17.284,57.858
32.4512,18.254,54.782
32.4694,15.985,62.558
32.4854,16.76,59.667
32.5022,16.966,58.942
32.5191,16.167,61.855
32.5353,19.323,51.751
32.5546,16.151,61.914
32.5708,16.464,60.74
32.5872,16.854,59.333
32.6041,17.083,58.539
32.6212,17.634,56.708
32.6388,17.934,55.76
32.6567,17.925,55.789
32.6747,17.602,56.811
32.6923,16.879,59.244
32.7091,15.599,64.109
32.7247,17.283,57.86
32.742,17.253,57.959
32.7593,16.972,58.919
32.7763,17.7,56.497
32.794,17.323,57.726
32.8113,16.133,61.984
32.8274,15.527,64.404
32.8429,17.29,57.837
32.8602,17.852,56.017
32.8781,17.455,57.291
32.8955,15.934,62.759
32.9115,18.149,55.1
32.9296,17.412,57.431
32.947,18.105,55.235
32.9651,17.406,57.45
32.9825,17.922,55.798
33.0005,17.255,57.953
33.0177,16.677,59.964
33.0344,18.403,54.339
33.0528,15.756,63.468
33.0685,17.322,57.731
33.0859,19.229,52.006
33.1051,15.982,62.572
33.1211,16.552,60.414
33.1376,16.772,59.625
33.1544,16.328,61.243
33.1707,17.469,57.244
33.1882,16.991,58.854
33.2052,16.339,61.204
33.2215,16.927,59.076
33.2385,16.544,60.446
33.255,16.946,59.01
33.2719,17.642,56.683
33.2896,17.1,58.48
33.3067,17.295,57.819
33.324,18.142,55.121
33.3421,18.158,55.073
33.3603,16.963,58.95
33.3773,17.444,57.327
33.3947,16.234,61.599
33.4109,18.024,55.482
33.429,17.409,57.442
33.4464,18.169,55.038
33.4645,17.042,58.678
33.4816,18.377,54.415
33.4999,18.433,54.252
33.5184,17.637,56.698
33.536,17.386,57.518
33.5534,16.721,59.803
33.5701,17.218,58.079
33.5873,18.341,54.522
33.6057,16.635,60.115
33.6223,16.389,61.017
33.6387,15.509,64.478
33.6542,18.173,55.026
33.6724,17.625,56.739
33.69,17.704,56.485
33.7077,16.111,62.069
33.7238,17.624,56.74
33.7415,18.099,55.252
33.7596,17.179,58.211
33.7767,16.237,61.589
33.793,15.976,62.593
33.8089,17.251,57.967
33.8262,19.173,52.157
33.8454,17.023,58.744
33.8624,17.26,57.937
33.8797,17.497,57.153
33.8972,15.987,62.551
33.9131,17.596,56.83
33.9307,17.262,57.93
33.948,16.855,59.33
33.9649,17.273,57.894
33.9821,17.674,56.58
33.9998,17.079,58.551
34.0169,15.922,62.806
34.0328,18.013,55.514
34.0508,17.929,55.776
34.0687,18.654,53.607
34.0874,17.043,58.674
34.1044,18.538,53.943
34.123,15.447,64.736
34.1384,18.344,54.513
34.1568,15.963,62.646
34.1727,16.952,58.99
34.1897,17.116,58.426
34.2068,16.172,61.835
34.223,17.27,57.904
34.2402,17.573,56.906
34.2578,17.123,58.401
34.2749,16.992,58.852
34.2919,17.691,56.526
34.3096,17.213,58.097
34.3268,15.684,63.76
34.3425,16.111,62.07
34.3586,19.071,52.435
34.3777,15.648,63.907
34.3933,17.102,58.472
34.4104,17.116,58.426
34.4276,17.747,56.347
34.4453,17.08,58.55
34.4624,18.346,54.508
34.4807,16.632,60.126
34.4974,17.982,55.61
34.5154,17.338,57.676
34.5327,16.746,59.715
34.5494,17.421,57.403
34.5669,55.374,18.059
34.6222,17.854,56.009
34.6401,17.095,58.496
34.6572,18.429,54.262
34.6756,17.822,56.111
34.6934,17.508,57.115
34.7109,16.796,59.537
34.7277,17.099,58.482
34.7448,16.913,59.127
34.7617,16.693,59.904
34.7784,16.732,59.767
34.7952,16.594,60.264
34.8118,17.184,58.195
34.8289,16.72,59.808
34.8457,16.607,60.217
34.8623,17.551,56.977
34.8798,16.434,60.851
34.8963,16.484,60.666
34.9127,17.31,57.769
34.9301,17.866,55.971
34.9479,16.614,60.192
34.9645,17.464,57.26
34.982,16.206,61.705
34.9982,16.495,60.625
35.0147,17.05,58.65
35.0317,16.883,59.232
35.0486,17.006,58.804
35.0656,18.385,54.393
35.084,16.881,59.237
35.1009,17.692,56.524
35.1186,17.829,56.087
35.1364,16.346,61.179
35.1528,16.629,60.138
35.1694,17.328,57.709
35.1867,18.192,54.97
35.2049,18.025,55.479
35.2229,19.205,52.071
35.2421,17.67,56.593
35.2598,16.832,59.412
35.2767,18.637,53.658
35.2953,17.677,56.571
35.313,18.256,54.776
35.3312,17.395,57.487
35.3486,18.487,54.091
35.3671,18.553,53.901
35.3857,16.713,59.834
35.4024,17.902,55.86
35.4203,17.99,55.585
35.4383,18.017,55.505
35.4563,17.78,56.244
35.4741,15.744,63.517
35.4898,17.785,56.227
35.5076,17.07,58.582
35.5247,15.938,62.743
35.5406,17.337,57.68
35.5579,15.863,63.041
35.5738,17.188,58.181
35.591,15.823,63.199
35.6068,15.977,62.589
35.6228,16.926,59.081
35.6397,19.023,52.568
35.6587,16.299,61.353
35.675,17.019,58.758
35.692,17.417,57.414
35.7095,17.28,57.872
35.7267,16.11,62.075
35.7429,17.558,56.955
35.7604,16.767,59.641
35.7772,17.202,58.132
35.7944,18.314,54.603
35.8127,16.24,61.578
35.8289,17.2,58.14
35.8461,17.34,57.672
35.8635,19.267,51.903
35.8827,18.092,55.272
35.9008,17.877,55.936
35.9187,17.602,56.811
35.9363,17.139,58.346
35.9535,17.373,57.561
35.9708,16.284,61.408
35.9871,17.738,56.377
36.0048,18.455,54.187
36.0233,17.537,57.024
36.0408,18.375,54.422
36.0592,17.498,57.151
36.0767,16.763,59.655
36.0935,17.52,57.076
36.111,15.161,65.957
36.1262,17.303,57.794
36.1435,16.667,59.999
36.1601,16.786,59.572
36.1769,15.699,63.7
36.1926,17.072,58.576
36.2097,17.398,57.478
36.2271,17.435,57.355
36.2445,17.569,56.919
36.2621,17.53,57.045
36.2796,17.282,57.862
36.2969,17.447,57.318
36.3143,17.635,56.704
36.332,16.59,60.278
36.3486,17.689,56.531
36.3663,15.971,62.615
36.3822,16.932,59.059
36.3992,16.735,59.754
36.4159,16.888,59.214
36.4328,17.841,56.049
36.4506,18.318,54.59
36.4689,16.762,59.658
36.4857,16.926,59.081
36.5026,18.192,54.968
36.5208,18.078,55.317
36.5389,16.736,59.752
36.5556,15.484,64.581
36.5711,16.478,60.686
36.5876,17.934,55.759
36.6055,17.099,58.484
36.6226,16.367,61.099
36.639,18.718,53.424
36.6577,17.626,56.735
36.6753,18.212,54.909
36.6936,16.641,60.092
36.7102,17.896,55.878
36.7281,19.245,51.961
36.7473,19.209,52.058
36.7665,17.823,56.108
36.7844,16.884,59.226
36.8013,18.76,53.305
36.82,16.883,59.231
36.8369,17.258,57.945
36.8542,17.073,58.573
36.8712,17.928,55.78
36.8892,18.611,53.732
36.9078,16.314,61.295
36.9241,18.416,54.301
36.9425,16.335,61.22
36.9588,17.432,57.367
36.9763,18.153,55.087
36.9944,17.688,56.535
37.0121,17.957,55.688
37.0301,17.35,57.636
37.0474,17.85,56.021
37.0653,17.311,57.768
37.0826,18.137,55.135
37.1007,16.664,60.01
37.1174,16.993,58.847
37.1344,17.981,55.615
37.1523,17.348,57.645
37.1697,18.479,54.114
37.1882,18.128,55.164
37.2063,16.226,61.631
37.2225,15.715,63.634
37.2382,18.757,53.313
37.257,16.985,58.874
37.274,17.572,56.908
37.2916,16.594,60.263
37.3082,17.361,57.6
37.3255,18.069,55.342
37.3436,17.39,57.504
37.361,16.616,60.182
37.3776,16.258,61.507
37.3938,16.685,59.936
37.4105,17.132,58.372
37.4277,17.71,56.466
37.4454,18.027,55.472
37.4634,16.41,60.937
37.4798,18.598,53.768
37.4984,15.588,64.151
37.514,18.236,54.836
37.5322,16.787,59.568
37.549,18.792,53.213
37.5678,17.189,58.177
37.585,16.757,59.675
37.6018,17.928,55.78
37.6197,17.352,57.632
37.637,16.165,61.864
37.6532,16.4,60.974
37.6696,17.735,56.385
37.6873,18.55,53.908
37.7059,16.43,60.863
37.7223,17.767,56.284
37.7401,16.785,59.577
37.7569,16.837,59.393
37.7737,17.374,57.556
37.7911,16.47,60.716
37.8076,16.41,60.94
37.824,19.45,51.413
37.8434,16.844,59.367
37.8603,17.248,57.976
37.8775,16.866,59.291
37.8944,17.095,58.496
37.9115,17.116,58.423
37.9286,18.69,53.505
37.9473,16.469,60.719
37.9637,17.624,56.741
37.9814,18.849,53.054
38.0002,16.969,58.932
38.0172,16.602,60.232
38.0338,19.268,51.9
38.0531,16.745,59.72
38.0698,17.38,57.537
38.0872,17.578,56.891
38.1048,17.784,56.231
38.1225,16.332,61.228
38.1389,16.215,61.672
38.1551,17.491,57.171
38.1726,16.857,59.323
38.1894,16.873,59.266
38.2063,17.324,57.725
38.2236,18.399,54.352
38.242,44.496,22.474
38.2865,17.034,58.707
38.3036,16.925,59.085
38.3205,16.902,59.163
38.3374,17.739,56.372
38.3551,15.469,64.645
38.3706,16.368,61.094
38.387,17.91,55.834
38.4049,18.028,55.47
38.4229,18.669,53.566
38.4416,17.818,56.124
38.4594,16.73,59.773
38.4761,17.771,56.27
38.4939,15.491,64.555
38.5094,17.492,57.169
38.5269,17.283,57.861
38.5442,16.899,59.175
38.5611,17.568,56.923
38.5786,17.735,56.385
38.5964,16.579,60.316
38.6129,18.105,55.233
38.631,16.694,59.9
38.6477,17.655,56.64
38.6654,16.814,59.474
38.6822,17.674,56.579
38.6999,17.578,56.89
38.7175,16.099,62.116
38.7336,18.241,54.821
38.7518,17.08,58.548
38.7689,16.432,60.856
38.7853,17.052,58.644
38.8024,17.449,57.309
38.8198,19.848,50.383
38.8397,17.183,58.198
38.8568,15.482,64.593
38.8723,16.353,61.152
38.8887,18.52,53.996
38.9072,17.023,58.744
38.9242,17.83,56.084
38.942,17.833,56.077
38.9599,17.298,57.811
38.9772,16.943,59.022
38.9941,18.426,54.271
39.0125,17.022,58.748
39.0296,16.491,60.64
39.0461,17.714,56.451
39.0638,18.163,55.058
39.0819,16.995,58.843
39.0989,16.634,60.118
39.1156,15.566,64.243
39.1311,16.586,60.29
39.1477,17.172,58.233
39.1649,16.645,60.079
39.1815,15.451,64.722
39.197,17.102,58.473
39.2141,17.141,58.34
39.2312,17.497,57.153
39.2487,16.98,58.893
39.2657,15.83,63.172
39.2815,15.057,66.415
39.2966,17.24,58.004
39.3138,17.204,58.127
39.331,17.056,58.631
39.3481,15.895,62.912
39.364,15.375,65.043
39.3794,17.427,57.381
39.3968,15.402,64.926
39.4122,17.519,57.08
39.4297,15.699,63.699
39.4454,18.292,54.67
39.4637,16.58,60.315
39.4803,17.51,57.11
39.4978,16.29,61.387
39.5141,15.898,62.9
39.53,16.926,59.082
39.5469,16.501,60.602
39.5634,16.996,58.836
39.5804,16.986,58.872
39.5974,15.922,62.807
39.6133,18.145,55.112
39.6315,17.741,56.367
39.6492,17.178,58.215
39.6664,16.986,58.87
39.6834,17.107,58.455
39.7005,16.416,60.915
39.7169,17.329,57.708
39.7342,17.353,57.628
39.7516,15.122,66.13
39.7667,17.939,55.744
39.7846,16.432,60.859
39.8011,17.405,57.455
39.8185,16.153,61.909
39.8346,16.759,59.668
39.8514,17.034,58.705
39.8684,14.483,69.046
39.8829,17.263,57.928
39.9002,17.229,58.04
39.9174,17.122,58.404
39.9345,17.595,56.834
39.9521,16.866,59.292
39.969,16.612,60.199
39.9856,15.449,64.729
40.001,15.24,65.619
40.0163,16.636,60.111
40.0329,17.265,57.92
40.0502,17.044,58.671
40.0672,18.152,55.09
40.0854,15.927,62.786
40.1013,17.921,55.802
40.1192,17.183,58.197
40.1364,17.769,56.278
40.1542,15.735,63.552
40.1699,16.816,59.468
40.1867,16.514,60.554
40.2032,16.453,60.78
40.2197,17.619,56.756
40.2373,16.978,58.898
40.2543,13.667,73.169
40.2679,17.198,58.146
40.2851,16.963,58.952
40.3021,16.782,59.586
40.3189,16.7,59.881
40.3356,17.991,55.584
40.3536,16.811,59.486
40.3704,17.217,58.082
40.3876,16.699,59.885
40.4043,16.659,60.029
40.421,16.143,61.945
40.4371,19.363,51.646
40.4565,16.963,58.951
40.4734,15.437,64.779
40.4889,15.852,63.085
40.5047,15.617,64.034
40.5203,15.802,63.285
40.5361,16.758,59.672
40.5529,16.142,61.952
40.569,16.321,61.27
40.5854,16.628,60.14
40.602,16.137,61.969
40.6181,16.335,61.218
40.6345,17.233,58.027
40.6517,16.306,61.326
40.668,16.942,59.025
40.6849,17.155,58.291
40.7021,15.778,63.379
40.7179,17.28,57.871
40.7352,15.739,63.537
40.7509,15.245,65.597
40.7661,16.032,62.376
40.7822,17.167,58.252
40.7993,15.438,64.776
40.8148,15.999,62.504
40.8308,17.521,57.075
40.8483,15.609,64.064
40.8639,18.671,53.558
40.8826,17.302,57.798
40.8999,15.543,64.336
40.9154,17.304,57.789
40.9327,16.437,60.839
40.9492,16.194,61.75
40.9654,16.53,60.495
40.9819,15.453,64.714
40.9973,15.693,63.725
41.013,17.905,55.851
41.0309,16.599,60.246
41.0475,16.016,62.436
41.0636,16.187,61.776
41.0797,16.596,60.257
41.0963,15.871,63.008
41.1122,15.912,62.845
41.1281,15.528,64.399
41.1436,16.351,61.157
41.16,16.671,59.986
41.1767,17.566,56.928
41.1942,17.164,58.261
41.2114,17.385,57.522
41.2288,15.953,62.685
41.2447,16.452,60.784
41.2612,15.767,63.424
41.277,15.502,64.506
41.2925,18.455,54.186
41.3109,17.301,57.801
41.3282,17.399,57.476
41.3456,16.201,61.725
41.3618,17.55,56.981
41.3794,16.835,59.399
41.3962,17.459,57.278
41.4137,16.529,60.498
41.4302,17.056,58.63
41.4472,16.73,59.772
41.464,16.33,61.236
41.4803,16.92,59.101
41.4972,15.729,63.578
41.513,17.357,57.615
41.5303,17.615,56.769
41.5479,16.077,62.2
41.564,14.908,67.077
41.5789,16.344,61.184
41.5953,17.318,57.742
41.6126,16.603,60.229
41.6292,17.132,58.37
41.6463,16.495,60.625
41.6628,16.543,60.45
41.6793,16.832,59.409
41.6962,14.741,67.837
41.7109,17.165,58.257
41.7281,17.171,58.236
41.7453,15.867,63.022
41.7611,16.976,58.906
41.7781,17.284,57.857
41.7954,16.229,61.617
41.8116,15.483,64.588
41.8271,16.092,62.141
41.8432,14.633,68.34
41.8578,15.261,65.528
41.8731,16.068,62.235
41.8892,14.693,68.059
41.9038,16.639,60.1
41.9205,15.034,66.515
41.9355,17.047,58.661
41.9526,15.668,63.824
41.9682,16.618,60.175
41.9849,16.576,60.327
42.0014,15.593,64.132
42.017,16.118,62.043
42.0331,16.447,60.801
42.0496,15.384,65.001
42.065,15.789,63.335
42.0808,16.687,59.925
42.0974,16.542,60.452
42.114,17.117,58.423
42.1311,14.668,68.175
42.1458,16.972,58.919
42.1627,16.967,58.938
42.1797,15.777,63.385
42.1955,15.541,64.347
42.211,16.028,62.39
42.2271,14.277,70.044
42.2413,15.28,65.445
42.2566,14.94,66.933
42.2716,14.694,68.056
42.2862,17.392,57.497
42.3036,15.42,64.85
42.3191,16.916,59.116
42.336,14.881,67.201
42.3509,16.279,61.429
42.3671,15.9,62.895
42.383,15.543,64.338
42.3986,16.72,59.809
42.4153,14.917,67.039
42.4302,16.352,61.156
42.4466,16.379,61.052
42.4629,14.372,69.581
42.4773,16.939,59.036
42.4943,14.845,67.363
42.5091,14.267,70.091
42.5234,16.713,59.834
42.5401,14.889,67.164
42.555,16.005,62.481
42.571,16.487,60.655
42.5875,15.822,63.204
42.6033,15.915,62.834
42.6192,15.73,63.572
42.6349,15.759,63.457
42.6507,15.472,64.631
42.6662,17.171,58.239
42.6833,15.558,64.275
42.6989,15.835,63.151
42.7147,15.127,66.108
42.7298,15.866,63.028
42.7457,17.244,57.992
42.763,16.879,59.246
42.7798,16.065,62.248
42.7959,15.594,64.129
42.8115,16.485,60.662
42.828,17.057,58.626
42.845,16.16,61.88
42.8612,13.486,74.148
42.8747,16.958,58.969
42.8916,13.772,72.609
42.9054,16.7,59.881
42.9221,15.729,63.578
42.9378,15.779,63.377
42.9536,14.739,67.845
42.9684,15.489,64.56
42.9839,16.114,62.059
43.0,16.071,62.223
43.016,15.815,63.232
43.0319,16.091,62.146
43.0479,15.897,62.905
43.0638,56.078,17.832
43.1199,16.687,59.928
43.1366,14.731,67.885
43.1513,16.157,61.894
43.1675,14.616,68.417
43.1821,15.858,63.061
43.198,16.139,61.96
43.2141,16.747,59.712
43.2309,15.055,66.422
43.2459,16.561,60.385
43.2625,15.394,64.962
43.2779,14.6,68.492
43.2925,17.516,57.089
43.31,15.88,62.973
43.3259,15.14,66.051
43.341,15.997,62.51
43.357,16.187,61.779
43.3732,16.554,60.407
43.3897,14.757,67.766
43.4045,15.848,63.098
43.4203,14.16,70.623
43.4345,16.297,61.359
43.4508,17.083,58.538
43.4679,17.494,57.162
43.4854,17.712,56.459
43.5031,15.212,65.736
43.5183,15.212,65.737
43.5335,14.67,68.166
43.5482,14.391,69.486
43.5626,15.736,63.551
43.5783,15.49,64.557
43.5938,15.329,65.235
43.6091,15.011,66.616
43.6241,17.315,57.752
43.6415,15.366,65.079
43.6568,16.841,59.379
43.6737,15.629,63.982
43.6893,14.875,67.227
43.7042,14.591,68.535
43.7188,13.075,76.48
43.7318,16.07,62.227
43.7479,15.481,64.597
43.7634,16.971,58.923
43.7804,14.984,66.739
43.7953,15.594,64.128
43.8109,16.645,60.078
43.8276,13.757,72.688
43.8413,14.255,70.149
43.8556,15.167,65.932
43.8708,16.017,62.435
43.8868,14.994,66.694
43.9018,14.755,67.772
43.9165,16.004,62.484
43.9325,14.772,67.694
43.9473,15.994,62.524
43.9633,14.073,71.06
43.9774,16.249,61.542
43.9936,15.239,65.623
44.0089,14.331,69.777
44.0232,15.321,65.268
44.0385,13.66,73.207
44.0522,16.734,59.758
44.0689,15.789,63.336
44.0847,42.826,23.35
44.1275,14.633,68.337
44.1422,17.158,58.284
44.1593,16.98,58.893
44.1763,15.216,65.721
44.1915,14.215,70.349
44.2057,15.541,64.347
44.2213,15.981,62.576
44.2372,16.233,61.602
44.2535,15.201,65.785
44.2687,15.855,63.07
44.2845,15.072,66.349
44.2996,15.478,64.609
44.3151,15.561,64.262
44.3306,14.704,68.008
44.3453,16.475,60.699
44.3618,15.823,63.2
44.3776,16.107,62.085
44.3937,16.695,59.897
44.4104,15.055,66.422
44.4255,14.311,69.875
44.4398,14.935,66.957
44.4547,15.029,66.539
44.4698,15.755,63.471
44.4855,15.375,65.04
44.5009,16.532,60.487
44.5174,15.286,65.42
44.5327,14.033,71.259
44.5468,15.666,63.831
44.5624,14.849,67.347
44.5773,14.166,70.592
44.5914,13.688,73.056
44.6051,15.432,64.801
44.6206,15.388,64.985
44.6359,14.495,68.991
44.6504,16.843,59.37
44.6673,15.004,66.65
44.6823,15.28,65.446
44.6976,13.582,73.626
44.7111,16.049,62.31
44.7272,15.674,63.799
44.7429,14.767,67.719
44.7576,14.211,70.366
44.7719,14.132,70.762
44.786,14.685,68.095
44.8007,13.864,72.131
44.8145,14.832,67.423
44.8294,15.672,63.807
44.845,14.295,69.953
44.8593,15.485,64.58
44.8748,14.218,70.332
44.889,14.195,70.445
44.9032,15.27,65.486
44.9185,15.657,63.87
44.9342,14.253,70.162
44.9484,16.381,61.048
44.9648,14.32,69.83
44.9791,16.527,60.508
44.9956,13.596,73.551
45.0092,15.294,65.385
45.0245,15.612,64.055
45.0401,15.11,66.181
45.0552,15.105,66.203
45.0704,14.81,67.522
45.0852,15.367,65.076
45.1005,14.898,67.122
45.1154,16.076,62.203
45.1315,16.155,61.9
45.1477,14.795,67.589
45.1625,14.792,67.603
45.1772,15.07,66.355
45.1923,14.558,68.689
45.2069,13.263,75.397
45.2201,15.876,62.988
45.236,15.558,64.275
45.2516,16.797,59.535
45.2684,13.659,73.214
45.282,14.477,69.073
45.2965,14.193,70.456
45.3107,16.184,61.788
45.3269,15.119,66.142
45.342,13.946,71.705
45.3559,26.698,37.456
45.3826,13.702,72.983
45.3963,14.501,68.963
45.4108,14.437,69.266
45.4253,17.169,58.245
45.4425,15.375,65.04
45.4578,13.375,74.769
45.4712,15.834,63.156
45.487,15.361,65.098
45.5024,16.366,61.101
45.5188,16.301,61.347
45.5351,14.947,66.903
45.55,14.932,66.969
45.5649,14.664,68.193
45.5796,14.522,68.861
45.5941,15.291,65.396
45.6094,15.854,63.074
45.6253,14.274,70.059
45.6396,14.542,68.765
45.6541,16.341,61.194
45.6704,14.279,70.035
45.6847,14.644,68.287
45.6994,14.142,70.711
45.7135,14.984,66.738
45.7285,14.778,67.669
45.7433,13.764,72.656
45.757,14.722,67.926
45.7717,14.175,70.548
45.7859,16.953,58.988
45.8029,13.163,75.97
45.816,15.043,66.477
45.8311,14.68,68.122
45.8458,14.895,67.136
45.8607,15.159,65.966
45.8758,14.084,71.001
45.8899,13.835,72.283
45.9037,15.012,66.613
45.9187,15.298,65.367
45.934,14.93,66.978
45.949,14.365,69.615
45.9633,13.807,72.43
45.9771,15.025,66.557
45.9922,14.728,67.897
46.0069,15.061,66.399
46.022,14.213,70.356
46.0362,15.775,63.391
46.0519,13.621,73.416
46.0656,14.646,68.277
46.0802,14.031,71.27
46.0942,14.961,66.842
46.1092,15.227,65.672
46.1244,14.919,67.027
46.1394,14.365,69.615
46.1537,15.136,66.07
46.1689,14.654,68.239
46.1835,13.921,71.834
46.1974,13.383,74.722
46.2108,15.256,65.549
46.2261,14.597,68.508
46.2407,14.988,66.72
46.2557,15.16,65.962
46.2708,15.671,63.812
46.2865,15.512,64.466
46.302,14.295,69.953
46.3163,16.176,61.821
46.3325,13.834,72.284
46.3463,15.107,66.196
46.3614,14.17,70.573
46.3756,17.0,58.824
46.3926,14.35,69.687
46.4069,14.281,70.024
46.4212,15.958,62.663
46.4372,14.994,66.694
46.4522,15.089,66.274
46.4672,15.033,66.522
46.4823,14.862,67.288
46.4971,14.428,69.31
46.5116,14.919,67.029
46.5265,13.996,71.449
46.5405,14.96,66.847
46.5554,15.366,65.078
46.5708,13.9,71.944
46.5847,14.09,70.974
46.5988,16.054,62.29
46.6149,14.795,67.588
46.6297,13.91,71.893
46.6436,14.144,70.699
46.6577,15.583,64.171
46.6733,14.715,67.958
46.688,15.527,64.404
46.7035,15.26,65.532
46.7188,14.53,68.823
46.7333,15.389,64.982
46.7487,13.466,74.26
46.7622,16.4,60.974
46.7786,15.259,65.534
46.7938,14.72,67.937
46.8086,15.038,66.498
46.8236,13.732,72.823
46.8373,13.957,71.651
46.8513,13.584,73.615
46.8649,15.081,66.31
46.8799,15.424,64.835
46.8954,13.873,72.084
46.9092,16.261,61.496
46.9255,15.203,65.777
46.9407,14.165,70.598
46.9549,14.207,70.386
46.9691,13.899,71.946
46.983,14.266,70.097
46.9972,14.661,68.21
47.0119,15.526,64.407
47.0274,15.185,65.855
47.0426,15.474,64.626
47.0581,14.192,70.464
47.0723,14.504,68.948
47.0868,14.641,68.299
47.1014,13.906,71.914
47.1153,13.753,72.712
47.1291,15.318,65.284
47.1444,13.926,71.811
47.1583,16.544,60.446
47.1749,14.24,70.224
47.1891,14.621,68.395
47.2037,15.724,63.598
47.2195,14.303,69.914
47.2338,14.777,67.671
47.2485,15.565,64.248
47.2641,14.56,68.681
47.2787,14.989,66.718
47.2937,14.444,69.233
47.3081,16.083,62.178
47.3242,13.062,76.556
47.3372,15.497,64.531
47.3527,14.24,70.224
47.367,14.863,67.28
47.3818,12.996,76.95
47.3948,13.736,72.803
47.4086,14.296,69.948
47.4229,14.064,71.105
47.4369,15.368,65.069
47.4523,13.664,73.184
47.466,15.505,64.495
47.4815,15.95,62.696
47.4974,14.195,70.449
47.5116,14.847,67.354
47.5265,15.144,66.033
47.5416,15.237,65.631
47.5568,13.829,72.314
47.5707,16.063,62.255
47.5867,13.112,76.267
47.5998,14.072,71.062
47.6139,15.783,63.361
47.6297,15.755,63.471
47.6455,15.061,66.397
47.6605,15.083,66.301
47.6756,15.017,66.592
47.6906,15.736,63.549
47.7064,15.409,64.899
47.7218,15.217,65.714
47.737,14.685,68.095
47.7517,14.63,68.355
47.7663,14.137,70.736
47.7804,14.577,68.6
47.795,12.746,78.455
47.8078,15.899,62.898
47.8237,14.122,70.813
47.8378,13.738,72.793
47.8515,14.595,68.517
47.8661,15.267,65.499
47.8814,14.325,69.808
47.8957,15.394,64.959
47.9111,15.742,63.524
47.9268,15.236,65.633
47.9421,14.539,68.779
47.9566,16.573,60.338
47.9732,13.32,75.077
47.9865,13.823,72.341
48.0003,14.859,67.299
48.0152,13.759,72.68
48.0289,13.196,75.779
48.0421,14.22,70.323
48.0564,15.56,64.268
48.0719,15.234,65.643
48.0872,14.884,67.187
48.102,13.204,75.733
48.1152,13.309,75.14
48.1286,14.149,70.676
48.1427,15.307,65.329
48.158,14.627,68.366
48.1726,14.878,67.211
48.1875,14.413,69.381
48.2019,15.945,62.717
48.2179,15.074,66.341
48.2329,17.183,58.196
48.2501,16.422,60.895
48.2665,14.425,69.324
48.281,15.3,65.361
48.2963,16.126,62.014
48.3124,15.445,64.745
48.3278,15.006,66.64
48.3429,16.267,61.473
48.3591,16.999,58.828
48.3761,13.472,74.23
48.3896,12.894,77.555
48.4025,14.959,66.847
48.4174,13.397,74.643
48.4308,14.903,67.103
48.4457,13.125,76.192
48.4589,15.111,66.178
48.474,14.222,70.311
48.4882,14.694,68.056
48.5029,14.635,68.329
48.5175,13.222,75.632
48.5307,15.705,63.676
48.5465,16.118,62.042
48.5626,14.796,67.584
48.5774,13.693,73.03
48.5911,16.243,61.563
48.6073,14.889,67.165
48.6222,16.576,60.328
48.6388,13.521,73.961
48.6523,16.131,61.992
48.6684,14.685,68.095
48.6831,14.297,69.946
48.6974,13.428,74.471
48.7108,14.788,67.624
48.7256,13.776,72.59
48.7394,13.83,72.307
48.7532,15.707,63.666
48.7689,14.895,67.135
48.7838,14.864,67.278
48.7987,15.007,66.634
48.8137,13.867,72.111
48.8276,14.883,67.193
48.8424,14.058,71.134
48.8565,16.52,60.532
48.873,14.095,70.945
48.8871,15.877,62.986
48.903,14.531,68.82
48.9175,15.29,65.404
48.9328,15.255,65.552
48.9481,14.559,68.687
48.9626,14.687,68.088
48.9773,13.811,72.406
48.9911,15.908,62.863
49.007,16.063,62.256
49.0231,15.511,64.469
49.0386,15.625,64.0
49.0542,14.562,68.672
49.0688,14.285,70.003
49.0831,12.805,78.093
49.0959,14.412,69.385
49.1103,14.889,67.161
49.1252,15.074,66.338
49.1403,14.708,67.988
49.155,14.804,67.547
49.1698,14.203,70.406
49.184,14.583,68.575
49.1986,14.646,68.277
49.2132,14.939,66.939
49.2282,16.335,61.217
49.2445,14.169,70.579
49.2587,15.171,65.916
49.2738,14.035,71.249
49.2879,16.588,60.286
49.3044,15.259,65.534
49.3197,14.813,67.509
49.3345,15.21,65.745
49.3497,14.802,67.558
49.3645,17.074,58.567
49.3816,14.517,68.883
49.3961,15.977,62.588
49.4121,14.624,68.382
49.4267,14.857,67.31
49.4416,15.391,64.974
49.457,16.151,61.915
49.4731,13.47,74.239
49.4866,16.349,61.165
49.5029,16.791,59.555
49.5197,14.324,69.813
49.5341,14.174,70.551
49.5482,15.829,63.176
49.5641,13.881,72.04
49.5779,14.043,71.209
49.592,13.55,73.8
49.6055,14.871,67.243
49.6204,15.593,64.131
49.636,14.79,67.615
49.6508,14.599,68.497
49.6654,14.965,66.824
49.6804,15.121,66.134
49.6955,13.877,72.063
49.7094,14.912,67.062
49.7243,16.015,62.441
49.7403,14.493,68.997
49.7548,14.445,69.228
49.7692,12.9,77.518
49.7821,16.265,61.482
49.7984,15.18,65.877
49.8136,12.364,80.878
49.8259,15.851,63.088
49.8418,15.414,64.877
49.8572,15.335,65.212
49.8725,15.003,66.655
49.8875,15.54,64.352
49.9031,12.976,77.068
49.916,16.434,60.848
49.9325,16.74,59.737
49.9492,16.623,60.157
49.9658,14.579,68.592
49.9804,15.6,64.104
49.996,15.541,64.344
50.0116,14.53,68.823
50.0261,14.903,67.102
50.041,15.296,65.378
50.0563,15.04,66.49
50.0713,17.092,58.507
50.0884,14.682,68.112
50.1031,17.586,56.864
50.1207,16.169,61.846
50.1369,16.013,62.448
50.1529,14.932,66.969
50.1678,15.059,66.406
50.1829,16.462,60.746
50.1993,15.548,64.319
50.2149,13.838,72.267
50.2287,14.22,70.323
50.2429,15.316,65.29
50.2582,14.21,70.372
50.2725,15.064,66.385
50.2875,15.794,63.314
50.3033,14.995,66.69
50.3183,13.908,71.9
50.3322,15.012,66.614
50.3472,15.86,63.051
50.3631,14.968,66.811
50.3781,14.581,68.585
50.3926,13.666,73.176
50.4063,14.06,71.123
50.4204,14.557,68.693
50.4349,13.77,72.622
50.4487,15.098,66.235
50.4638,15.722,63.605
50.4795,14.26,70.125
50.4938,15.022,66.567
50.5088,14.058,71.131
50.5229,15.187,65.846
50.538,15.928,62.783
50.554,16.599,60.246
50.5706,17.12,58.41
50.5877,16.043,62.332
50.6037,13.96,71.631
50.6177,14.925,67.003
50.6326,15.759,63.456
50.6484,16.034,62.369
50.6644,14.701,68.021
50.6791,16.036,62.36
50.6951,15.128,66.101
50.7103,17.086,58.528
50.7274,15.791,63.326
50.7431,14.452,69.193
50.7576,16.491,60.641
50.7741,15.504,64.501
50.7896,15.47,64.641
50.8051,14.388,69.505
50.8195,16.42,60.901
50.8359,16.59,60.277
50.8525,15.919,62.817
50.8684,14.03,71.278
50.8824,16.922,59.096
50.8993,15.347,65.158
50.9147,15.835,63.152
50.9305,14.798,67.579
50.9453,15.003,66.652
50.9603,15.774,63.394
50.9761,15.373,65.051
50.9915,15.196,65.806
51.0067,15.71,63.652
51.0224,13.879,72.054
51.0362,14.325,69.807
51.0506,28.623,34.937
51.0792,15.725,63.592
51.0949,15.706,63.668
51.1106,15.248,65.584
51.1259,15.411,64.887
51.1413,14.429,69.306
51.1557,15.739,63.535
51.1715,16.597,60.253
51.1881,16.564,60.371
51.2046,15.383,65.008
51.22,15.487,64.572
51.2355,15.774,63.394
51.2513,16.394,60.996
51.2677,16.195,61.748
51.2838,16.716,59.824
51.3006,15.449,64.728
51.316,16.932,59.06
51.3329,16.699,59.884
51.3496,14.414,69.377
51.3641,15.427,64.821
51.3795,15.298,65.368
51.3948,15.476,64.617
51.4103,15.963,62.646
51.4262,13.152,76.033
51.4394,16.256,61.516
51.4556,15.189,65.838
51.4708,16.525,60.516
51.4873,15.78,63.369
51.5031,17.291,57.835
51.5204,14.851,67.337
51.5353,16.356,61.141
51.5516,15.14,66.051
51.5668,15.724,63.596
51.5825,16.314,61.297
51.5988,14.716,67.955
51.6135,15.29,65.402
51.6288,16.928,59.075
51.6457,14.586,68.558
51.6603,14.766,67.723
51.6751,15.967,62.628
51.6911,14.959,66.85
51.706,14.515,68.895
51.7205,14.184,70.501
51.7347,15.32,65.274
51.75,15.396,64.95
51.7654,15.058,66.41
51.7805,14.137,70.737
51.7946,14.888,67.167
51.8095,15.175,65.899
51.8247,15.166,65.936
51.8398,14.89,67.157
51.8547,16.287,61.4
51.871,14.962,66.835
51.886,15.863,63.04
51.9019,14.554,68.708
51.9164,16.798,59.53
51.9332,16.093,62.14
51.9493,16.274,61.45
51.9656,15.069,66.361
51.9806,14.982,66.746
51.9956,33.194,30.126
52.0288,15.992,62.531
52.0448,14.141,70.716
52.0589,17.377,57.548
52.0763,15.463,64.669
52.0918,16.832,59.409
52.1086,15.525,64.412
52.1241,16.464,60.74
52.1406,14.534,68.804
52.1551,15.164,65.945
52.1703,15.51,64.476
52.1858,15.649,63.902
52.2015,16.117,62.046
52.2176,16.017,62.432
52.2336,15.344,65.174
52.2489,14.209,70.376
52.2632,16.676,59.967
52.2798,14.891,67.157
52.2947,14.282,70.02
52.309,16.486,60.658
52.3255,16.927,59.076
52.3424,16.291,61.385
52.3587,15.218,65.712
52.3739,15.865,63.031
52.3898,53.728,18.612
52.4435,15.544,64.333
52.4591,15.503,64.505
52.4746,16.833,59.406
52.4914,18.603,53.756
52.51,15.424,64.832
52.5254,15.852,63.083
52.5413,14.684,68.1
52.556,15.526,64.407
52.5715,15.533,64.379
52.587,16.469,60.722
52.6035,16.506,60.585
52.62,16.081,62.184
52.6361,15.729,63.576
52.6518,15.596,64.118
52.6674,15.926,62.792
52.6833,14.057,71.137
52.6974,14.557,68.694
52.7119,16.297,61.361
52.7282,14.912,67.059
52.7432,15.408,64.9
52.7586,17.356,57.617
52.7759,15.533,64.38
52.7914,15.733,63.56
52.8072,16.151,61.915
52.8233,15.719,63.616
52.8391,15.352,65.139
52.8544,15.509,64.478
52.8699,17.755,56.322
52.8877,14.135,70.745
52.9018,40.804,24.507
52.9426,16.15,61.921
52.9588,18.505,54.038
52.9773,15.617,64.033
52.9929,17.638,56.697
53.0105,15.915,62.832
53.0264,16.688,59.925
53.0431,15.544,64.334
53.0587,17.513,57.101
53.0762,16.028,62.391
53.0922,15.854,63.074
53.1081,15.864,63.035
53.1239,16.291,61.385
53.1402,15.179,65.881
53.1554,14.827,67.443
53.1702,14.89,67.157
53.1851,15.604,64.084
53.2007,17.393,57.494
53.2181,16.331,61.232
53.2344,18.054,55.389
53.2525,16.264,61.484
53.2688,17.019,58.759
53.2858,16.077,62.2
53.3019,16.234,61.598
53.3181,16.305,61.329
53.3344,15.113,66.168
53.3495,16.218,61.661
53.3657,17.148,58.315
53.3829,15.938,62.743
53.3988,15.146,66.022
53.414,15.194,65.816
53.4292,15.302,65.351
53.4445,15.237,65.629
53.4597,15.175,65.897
53.4749,16.143,61.948
53.491,15.673,63.803
53.5067,17.442,57.334
53.5241,17.565,56.931
53.5417,16.217,61.662
53.5579,16.474,60.701
53.5744,17.853,56.012
53.5922,16.589,60.279
53.6088,16.373,61.076
53.6252,18.019,55.496
53.6432,16.198,61.737
53.6594,16.083,62.178
53.6755,16.358,61.13
53.6919,16.956,58.978
53.7088,16.591,60.274
53.7254,14.93,66.98
53.7403,16.927,59.077
53.7573,17.326,57.715
53.7746,16.741,59.734
53.7913,17.224,58.058
53.8085,14.497,68.978
53.823,15.923,62.801
53.839,15.165,65.939
53.8541,17.441,57.337
53.8716,13.794,72.497
53.8854,17.766,56.287
53.9031,17.856,56.004
53.921,16.007,62.473
53.937,16.415,60.918
53.9534,17.224,58.057
53.9706,14.652,68.251
53.9853,17.184,58.194
54.0025,16.255,61.52
54.0187,14.539,68.781
54.0333,16.236,61.59
54.0495,17.124,58.397
54.0666,16.817,59.464
54.0834,17.125,58.395
54.1006,15.365,65.082
54.1159,17.296,57.816
54.1332,15.991,62.534
54.1492,15.95,62.697
54.1652,15.086,66.287
54.1803,15.796,63.305
54.1961,15.976,62.593
54.212,16.756,59.681
54.2288,33.689,29.683
54.2625,15.983,62.567
54.2785,15.822,63.205
54.2943,15.533,64.379
54.3098,15.738,63.541
54.3256,16.135,61.977
54.3417,13.536,73.878
54.3552,15.454,64.707
54.3707,15.485,64.577
54.3862,16.906,59.149
54.4031,14.762,67.742
54.4178,15.96,62.657
54.4338,16.968,58.934
54.4508,15.96,62.655
54.4667,15.016,66.594
54.4817,17.877,55.939
54.4996,17.561,56.943
54.5172,16.745,59.72
54.5339,16.451,60.785
54.5504,16.615,60.187
54.567,15.385,65.0
54.5824,16.066,62.245
54.5984,16.317,61.285
54.6148,16.331,61.232
54.6311,15.607,64.075
54.6467,17.121,58.408
54.6638,15.11,66.182
54.6789,13.927,71.803
54.6928,16.927,59.076
54.7098,15.723,63.602
54.7255,14.358,69.646
54.7399,15.397,64.946
54.7553,15.544,64.334
54.7708,15.082,66.303
54.7859,15.674,63.799
54.8016,15.516,64.452
54.8171,15.11,66.181
54.8322,17.198,58.146
54.8494,16.465,60.734
54.8658,17.324,57.725
54.8832,16.612,60.198
54.8998,14.737,67.858
54.9145,15.59,64.143
54.9301,17.443,57.33
54.9475,14.066,71.095
54.9616,17.167,58.25
54.9788,16.105,62.092
54.9949,16.446,60.806
55.0113,16.037,62.356
55.0274,15.465,64.664
55.0428,14.427,69.313
55.0573,16.105,62.093
55.0734,16.047,62.317
55.0894,16.259,61.503
55.1057,15.754,63.476
55.1214,14.912,67.059
55.1363,16.186,61.784
55.1525,14.369,69.592
55.1669,15.519,64.439
55.1824,17.097,58.491
55.1995,15.768,63.42
55.2153,18.16,55.066
55.2334,16.953,58.987
55.2504,15.43,64.808
55.2658,15.629,63.984
55.2814,16.606,60.219
55.2981,15.194,65.816
55.3132,15.502,64.506
55.3287,16.212,61.683
55.345,15.564,64.249
55.3605,16.101,62.108
55.3766,14.517,68.887
55.3911,16.656,60.037
55.4078,18.244,54.812
55.426,16.935,59.048
55.443,16.146,61.933
55.4591,16.623,60.159
55.4757,15.053,66.434
55.4908,16.182,61.795
55.507,17.045,58.669
55.524,16.12,62.033
55.5401,17.792,56.206
55.5579,14.264,70.107
55.5722,14.868,67.26
55.5871,16.444,60.811
55.6035,16.569,60.354
55.6201,15.543,64.339
55.6356,17.794,56.199
55.6534,15.87,63.01
55.6693,16.55,60.421
55.6858,16.944,59.018
55.7028,16.619,60.174
55.7194,15.749,63.495
55.7352,26.043,38.398
55.7612,17.223,58.061
55.7784,17.344,57.658
55.7958,16.603,60.229
55.8124,16.171,61.839
55.8285,15.072,66.347
55.8436,15.996,62.515
55.8596,14.633,68.337
55.8742,15.292,65.392
55.8895,18.613,53.727
55.9081,15.529,64.395
55.9237,16.582,60.306
55.9403,16.402,60.97
55.9567,16.858,59.319
55.9735,16.822,59.445
55.9903,15.343,65.178
56.0057,16.034,62.367
56.0217,15.387,64.991
56.0371,17.678,56.567
56.0548,16.835,59.4
56.0716,17.069,58.584
56.0887,15.811,63.249
56.1045,15.615,64.041
56.1201,15.43,64.808
56.1355,15.486,64.575
56.151,15.852,63.083
56.1669,17.674,56.581
56.1846,16.151,61.915
56.2007,16.336,61.214
56.217,16.847,59.357
56.2339,15.809,63.254
56.2497,16.58,60.315
56.2663,17.972,55.642
56.2842,17.451,57.305
56.3017,15.886,62.947
56.3176,15.719,63.616
56.3333,15.019,66.584
56.3483,14.54,68.778
56.3629,16.539,60.462
56.3794,15.052,66.437
56.3945,16.414,60.922
56.4109,16.031,62.378
56.4269,16.377,61.062
56.4433,14.504,68.946
56.4578,15.922,62.805
56.4737,15.395,64.955
56.4891,15.787,63.342
56.5049,14.172,70.56
56.5191,16.889,59.21
56.5359,16.472,60.71
56.5524,16.415,60.921
56.5688,15.303,65.347
56.5841,15.102,66.217
56.5992,16.478,60.687
56.6157,15.486,64.576
56.6312,15.443,64.756
56.6466,14.451,69.202
56.6611,13.519,73.968
56.6746,14.806,67.542
56.6894,17.593,56.841
56.707,15.068,66.364
56.7221,18.577,53.829
56.7407,18.338,54.532
56.759,15.577,64.196
56.7746,17.113,58.436
56.7917,15.216,65.72
56.8069,15.554,64.292
56.8225,15.293,65.39
56.8377,16.325,61.257
56.8541,17.131,58.374
56.8712,16.474,60.704
56.8877,16.93,59.068
56.9046,15.338,65.197
56.9199,16.542,60.452
56.9365,16.975,58.911
56.9535,18.085,55.293
56.9715,16.112,62.064
56.9877,16.425,60.884
57.0041,14.904,67.096
57.019,16.429,60.869
57.0354,15.306,65.335
57.0507,15.648,63.906
57.0664,17.031,58.716
57.0834,15.218,65.71
57.0986,16.132,61.99
57.1148,16.688,59.922
57.1314,15.369,65.067
57.1468,16.569,60.354
57.1634,16.068,62.237
57.1794,16.922,59.093
57.1964,15.785,63.35
57.2122,17.361,57.602
57.2295,16.422,60.893
57.2459,17.797,56.188
57.2637,15.051,66.441
57.2788,14.523,68.854
57.2933,16.514,60.555
57.3098,16.497,60.616
57.3263,14.817,67.491
57.3411,17.096,58.494
57.3582,16.328,61.244
57.3746,15.655,63.877
57.3902,14.233,70.261
57.4044,17.104,58.465
57.4216,16.997,58.834
57.4386,17.273,57.895
57.4558,16.45,60.79
57.4723,17.045,58.669
57.4893,15.235,65.637
57.5046,17.132,58.371
57.5217,16.472,60.709
57.5382,16.046,62.321
57.5542,17.178,58.214
57.5714,13.321,75.07
57.5847,15.555,64.287
57.6003,17.222,58.067
57.6175,16.093,62.139
57.6336,15.802,63.283
57.6494,14.161,70.617
57.6635,15.65,63.898
57.6792,16.992,58.853
57.6962,15.263,65.517
57.7114,14.29,69.977
57.7257,16.303,61.34
57.742,15.636,63.955
57.7577,16.106,62.09
57.7738,14.712,67.972
57.7885,15.874,62.994
57.8044,16.867,59.287
57.8212,16.106,62.089
57.8373,16.438,60.836
57.8538,15.642,63.931
57.8694,16.24,61.577
57.8857,17.234,58.027
57.9029,17.94,55.741
57.9208,15.31,65.316
57.9361,15.986,62.556
57.9521,16.064,62.251
57.9682,14.311,69.877
57.9825,14.365,69.613
57.9969,15.934,62.76
58.0128,16.26,61.5
58.0291,14.982,66.749
58.044,15.328,65.239
58.0594,15.506,64.49
58.0749,16.78,59.596
58.0917,16.136,61.974
58.1078,14.847,67.355
58.1226,14.453,69.192
58.1371,16.015,62.442
58.1531,16.311,61.31
58.1694,14.199,70.426
58.1836,15.586,64.16
58.1992,16.953,58.985
58.2162,16.061,62.262
58.2322,15.948,62.705
58.2482,15.142,66.041
58.2633,15.926,62.789
58.2792,14.099,70.925
58.2933,16.77,59.63
58.3101,17.522,57.071
58.3276,16.006,62.477
58.3436,17.46,57.272
58.3611,15.484,64.585
58.3766,16.763,59.656
58.3933,17.097,58.49
58.4104,15.046,66.461
58.4255,15.72,63.614
58.4412,17.459,57.278
58.4587,16.708,59.852
58.4754,16.326,61.251
58.4917,14.994,66.694
58.5067,16.581,60.309
58.5233,15.478,64.609
58.5387,16.949,59.0
58.5557,17.1,58.481
58.5728,16.339,61.205
58.5891,15.608,64.071
58.6047,15.825,63.192
58.6206,15.304,65.341
58.6359,16.822,59.444
58.6527,15.509,64.478
58.6682,15.319,65.277
58.6835,16.048,62.314
58.6996,17.736,56.384
58.7173,15.906,62.869
58.7332,16.298,61.359
58.7495,15.469,64.647
58.765,15.507,64.487
58.7805,14.123,70.804
58.7946,15.501,64.511
58.8101,15.993,62.528
58.8261,15.357,65.115
58.8415,16.665,60.007
58.8581,16.378,61.059
58.8745,15.849,63.097
58.8903,13.546,73.823
58.9039,15.156,65.98
58.919,14.894,67.139
58.9339,15.639,63.944
58.9496,14.499,68.97
58.9641,17.373,57.561
58.9815,16.202,61.722
58.9977,15.837,63.143
59.0135,14.827,67.442
59.0283,15.926,62.791
59.0442,17.225,58.056
59.0615,15.735,63.553
59.0772,15.213,65.734
59.0924,15.686,63.751
59.1081,16.3,61.349
59.1244,16.06,62.266
59.1405,15.57,64.228
59.156,16.196,61.743
59.1722,15.532,64.385
59.1878,17.02,58.756
59.2048,17.83,56.085
59.2226,16.198,61.736
59.2388,14.27,70.076
59.2531,17.412,57.432
59.2705,16.939,59.034
59.2874,14.721,67.93
59.3022,15.062,66.393
59.3172,16.551,60.42
59.3338,15.721,63.609
59.3495,14.458,69.164
59.3639,15.484,64.581
59.3794,15.748,63.5
59.3952,16.168,61.849
59.4113,16.512,60.561
59.4279,15.018,66.588
59.4429,15.446,64.742
59.4583,15.401,64.929
59.4737,16.359,61.128
59.4901,16.071,62.223
59.5062,15.188,65.84
59.5213,14.425,69.326
59.5358,15.801,63.289
59.5516,15.274,65.472
59.5668,17.211,58.101
59.5841,16.104,62.096
59.6002,17.681,56.557
59.6178,16.836,59.397
59.6347,15.634,63.962
59.6503,14.133,70.757
59.6644,16.7,59.879
59.6811,14.021,71.321
59.6952,16.82,59.455
59.712,16.491,60.64
59.7285,16.319,61.279
59.7448,15.259,65.537
59.76,16.211,61.687
59.7763,16.939,59.037
59.7932,16.515,60.552
59.8097,15.742,63.524
59.8255,15.846,63.107
59.8413,15.951,62.692
59.8573,16.539,60.464
59.8738,35.253,28.366
59.909,16.642,60.087
59.9257,16.061,62.263
59.9417,15.775,63.391
59.9575,15.532,64.385
59.9731,14.851,67.334
59.9879,15.083,66.299
60.003,15.647,63.911
60.0186,14.62,68.397
60.0333,15.611,64.059
60.0489,14.547,68.743
60.0634,15.791,63.328
60.0792,15.264,65.515
60.0945,16.243,61.564
60.1107,16.366,61.103
60.1271,17.209,58.11
60.1443,16.259,61.503
60.1605,14.604,68.473
60.1752,15.794,63.316
60.1909,16.675,59.97
60.2076,15.291,65.396
60.2229,15.087,66.28
60.238,15.813,63.239
60.2538,15.5,64.518
60.2693,16.209,61.693
60.2855,15.138,66.06
60.3007,16.335,61.22
60.317,16.296,61.364
60.3333,15.724,63.596
60.349,26.174,38.206
60.3752,15.698,63.703
60.3909,14.982,66.748
60.4059,15.342,65.18
60.4212,15.378,65.027
60.4366,15.431,64.804
60.452,15.945,62.716
60.468,16.318,61.283
60.4843,15.565,64.245
60.4998,14.49,69.015
60.5143,14.894,67.14
60.5292,15.669,63.822
60.5449,13.85,72.203
60.5587,15.824,63.196
60.5746,14.026,71.297
60.5886,44.159,22.646
60.6328,15.655,63.878
60.6484,14.578,68.594
60.663,16.799,59.526
60.6798,16.07,62.229
60.6959,14.867,67.264
60.7107,13.992,71.47
60.7247,14.935,66.955
60.7397,15.953,62.683
60.7556,16.577,60.324
60.7722,16.394,60.997
60.7886,15.241,65.611
60.8038,13.886,72.017
60.8177,15.163,65.949
60.8329,14.013,71.364
60.8469,14.836,67.402
60.8617,16.158,61.889
60.8779,14.537,68.791
60.8924,14.683,68.104
60.9071,16.338,61.208
60.9234,17.009,58.791
60.9404,15.709,63.658
60.9562,15.91,62.854
60.9721,16.918,59.11
60.989,16.578,60.322
61.0056,14.17,70.573
61.0197,14.361,69.631
61.0341,13.393,74.666
61.0475,15.192,65.824
61.0627,12.946,77.244
61.0756,15.394,64.959
61.091,15.553,64.296
61.1066,16.015,62.442
61.1226,17.007,58.8
61.1396,16.464,60.739
61.1561,14.985,66.734
61.171,14.781,67.656
61.1858,15.089,66.272
61.2009,15.02,66.576
61.2159,16.72,59.81
61.2326,14.835,67.408
61.2475,14.223,70.307
61.2617,14.828,67.439
61.2765,14.535,68.797
61.2911,15.814,63.236
61.3069,15.022,66.569
61.3219,16.006,62.479
61.3379,16.802,59.516
61.3547,15.11,66.182
61.3698,16.864,59.297
61.3867,15.255,65.55
61.4019,16.451,60.788
61.4184,14.166,70.592
61.4326,16.445,60.808
61.449,15.877,62.984
61.4649,16.658,60.032
61.4815,15.305,65.336
61.4968,15.364,65.089
61.5122,14.998,66.675
61.5272,14.964,66.826
61.5422,15.182,65.866
61.5574,15.99,62.538
61.5733,15.942,62.726
61.5893,15.437,64.78
61.6047,15.521,64.431
61.6202,14.647,68.274
61.6349,15.176,65.894
61.6501,15.548,64.315
61.6656,16.235,61.594
61.6818,15.743,63.521
61.6976,15.107,66.195
61.7127,14.916,67.041
61.7276,15.182,65.867
61.7428,15.713,63.64
61.7585,15.238,65.627
61.7737,16.705,59.861
61.7905,15.025,66.557
61.8055,16.125,62.017
61.8216,15.074,66.339
61.8367,16.903,59.159
61.8536,13.788,72.529
61.8674,16.298,61.356
61.8837,15.366,65.077
61.899,16.073,62.217
61.9151,15.716,63.627
61.9308,15.674,63.802
61.9465,16.289,61.392
61.9628,16.096,62.126
61.9789,15.449,64.73
61.9943,15.298,65.369
62.0096,14.842,67.374
62.0245,15.318,65.282
62.0398,17.201,58.136
62.057,14.341,69.728
62.0713,13.232,75.572
62.0846,15.477,64.614
62.1,13.285,75.272
62.1133,16.284,61.409
62.1296,15.644,63.923
62.1453,15.245,65.593
62.1605,15.641,63.933
62.1761,15.909,62.856
62.192,14.831,67.425
62.2069,15.983,62.568
62.2229,14.098,70.934
62.237,14.626,68.37
62.2516,15.88,62.973
62.2675,14.692,68.066
62.2822,15.761,63.448
62.2979,15.436,64.785
62.3134,16.414,60.923
62.3298,16.08,62.187
62.3458,12.911,77.451
62.3588,15.169,65.922
62.3739,15.579,64.187
62.3895,15.283,65.433
62.4048,16.23,61.614
62.421,15.072,66.349
62.4361,15.596,64.118
62.4517,14.545,68.75
62.4662,14.587,68.554
62.4808,13.998,71.441
62.4948,14.573,68.618
62.5094,16.802,59.516
62.5262,14.44,69.25
62.5406,15.104,66.209
62.5557,14.624,68.383
62.5704,14.116,70.844
62.5845,14.815,67.498
62.5993,16.586,60.29
62.6159,14.753,67.781
62.6306,15.983,62.565
62.6466,14.518,68.88
62.6611,13.967,71.595
62.6751,15.871,63.007
62.691,13.677,73.117
62.7046,15.566,64.243
62.7202,16.892,59.198
62.7371,15.698,63.701
62.7528,16.318,61.284
62.7691,13.737,72.794
62.7829,14.807,67.536
62.7977,14.925,67.002
62.8126,15.876,62.989
62.8285,15.233,65.648
62.8437,15.588,64.152
62.8593,15.672,63.806
62.875,16.119,62.039
62.8911,14.37,69.591
62.9055,15.665,63.836
62.9211,15.39,64.975
62.9365,15.79,63.329
62.9523,14.967,66.812
62.9673,14.987,66.725
62.9823,15.992,62.53
62.9982,14.333,69.767
63.0126,15.636,63.957
63.0282,14.021,71.32
63.0422,14.357,69.651
63.0566,13.931,71.781
63.0705,14.767,67.721
63.0853,14.741,67.838
63.1,15.156,65.983
63.1152,15.307,65.331
63.1305,14.233,70.262
63.1447,15.63,63.981
63.1604,16.33,61.236
63.1767,15.503,64.502
63.1922,15.263,65.518
63.2075,14.829,67.436
63.2223,16.137,61.971
63.2384,15.459,64.687
63.2539,15.293,65.39
63.2692,13.704,72.972
63.2829,15.469,64.645
63.2983,16.313,61.302
63.3147,15.35,65.145
63.33,15.58,64.186
63.3456,15.452,64.715
63.361,14.519,68.875
63.3756,16.633,60.121
63.3922,15.695,63.716
63.4079,15.774,63.394
63.4237,15.398,64.944
63.4391,16.152,61.913
63.4552,14.377,69.554
63.4696,15.231,65.657
63.4848,15.382,65.012
63.5002,16.84,59.384
63.517,15.782,63.364
63.5328,16.143,61.946
63.549,14.996,66.684
63.564,15.986,62.554
63.5799,14.46,69.156
63.5944,17.394,57.49
63.6118,15.613,64.049
63.6274,17.117,58.422
63.6445,15.182,65.868
63.6597,14.452,69.196
63.6742,16.587,60.287
63.6907,17.506,57.123
63.7083,16.327,61.25
63.7246,15.911,62.849
63.7405,16.717,59.82
63.7572,15.99,62.537
63.7732,13.199,75.76
63.7864,17.084,58.533
63.8035,16.47,60.717
63.82,14.809,67.525
63.8348,14.93,66.979
63.8497,16.184,61.789
63.8659,16.808,59.495
63.8827,15.346,65.164
63.898,15.421,64.846
63.9135,13.946,71.707
63.9274,17.175,58.226
63.9446,17.099,58.484
63.9617,14.166,70.594
63.9758,16.268,61.469
63.9921,14.539,68.78
64.0066,15.281,65.439
64.0219,15.784,63.356
64.0377,16.554,60.407
64.0543,14.962,66.838
64.0692,14.641,68.302
64.0839,14.789,67.616
64.0987,15.527,64.406
64.1142,14.854,67.321
64.129,14.219,70.327
64.1433,14.402,69.437
64.1577,17.614,56.774
64.1753,14.443,69.235
64.1897,14.858,67.303
64.2046,15.565,64.245
64.2201,14.917,67.037
64.2351,15.445,64.746
64.2505,17.012,58.781
64.2675,16.151,61.916
64.2837,13.902,71.933
64.2976,15.607,64.075
64.3132,15.541,64.346
64.3287,16.196,61.745
64.3449,16.492,60.636
64.3614,15.382,65.013
64.3768,15.118,66.146
64.3919,15.398,64.945
64.4073,16.194,61.751
64.4235,14.582,68.576
64.4381,16.315,61.292
64.4544,15.946,62.712
64.4703,15.305,65.337
64.4856,13.959,71.636
64.4996,16.285,61.406
64.5159,16.949,58.999
64.5328,16.462,60.745
64.5493,14.439,69.255
64.5637,15.246,65.592
64.579,15.997,62.513
64.595,17.147,58.321
64.6121,13.262,75.405
64.6254,14.363,69.622
64.6398,15.009,66.627
64.6548,16.519,60.536
64.6713,15.732,63.564
64.687,15.929,62.779
64.7029,15.426,64.827
64.7184,15.711,63.649
64.7341,16.07,62.228
64.7501,16.365,61.106
64.7665,16.392,61.006
64.7829,15.914,62.838
64.7988,15.373,65.051
64.8142,15.599,64.106
64.8298,15.052,66.437
64.8448,15.463,64.672
64.8603,16.612,60.197
64.8769,15.193,65.822
64.8921,14.304,69.912
64.9064,16.166,61.857
64.9226,16.962,58.955
64.9395,15.533,64.381
64.9551,15.143,66.039
64.9702,16.63,60.132
64.9868,15.354,65.128
65.0022,16.942,59.026
65.0191,16.068,62.236
65.0352,16.47,60.718
65.0517,17.619,56.755
65.0693,14.45,69.204
65.0837,16.311,61.307
65.1001,15.386,64.992
65.1154,15.45,64.723
65.1309,15.096,66.244
65.146,16.3,61.35
65.1623,17.143,58.333
65.1794,15.838,63.138
65.1953,15.058,66.411
65.2103,14.905,67.091
65.2252,15.454,64.708
65.2407,15.272,65.481
65.256,14.652,68.25
65.2706,16.284,61.409
65.2869,16.05,62.306
65.3029,16.761,59.661
65.3197,16.924,59.088
65.3366,15.305,65.34
65.3519,16.524,60.519
65.3685,15.226,65.678
65.3837,15.917,62.825
65.3996,14.862,67.284
65.4145,16.3,61.351
65.4308,16.643,60.084
65.4474,17.698,56.503
65.4651,16.498,60.615
65.4816,17.06,58.618
65.4987,16.435,60.848
65.5151,15.898,62.903
65.531,17.029,58.722
65.548,15.325,65.253
65.5634,15.804,63.275
65.5792,16.437,60.838
65.5956,15.665,63.837
65.6113,16.872,59.271
65.6281,15.294,65.383
65.6434,14.668,68.177
65.6581,16.421,60.896
65.6745,15.635,63.959
65.6901,32.668,30.611
65.7228,16.744,59.722
65.7396,14.599,68.499
65.7542,16.808,59.495
65.771,16.693,59.905
65.7877,16.607,60.215
65.8043,15.2,65.788
65.8195,13.788,72.529
65.8333,15.284,65.428
65.8485,15.034,66.518
65.8636,16.593,60.265
65.8802,15.789,63.337
65.896,15.884,62.958
65.9118,16.539,60.465
65.9284,16.616,60.184
65.945,15.676,63.794
65.9607,16.394,60.999
65.9771,16.302,61.341
65.9934,15.522,64.424
66.0089,15.679,63.778
66.0246,18.127,55.167
66.0427,16.446,60.807
66.0591,15.223,65.692
66.0744,15.498,64.524
66.0899,15.465,64.663
66.1053,17.374,57.557
66.1227,15.057,66.415
66.1378,15.493,64.547
66.1532,15.86,63.053
66.1691,15.009,66.626
66.1841,16.539,60.462
66.2007,16.473,60.706
66.2171,15.934,62.758
66.2331,17.547,56.99
66.2506,17.391,57.501
66.268,15.911,62.85
66.2839,16.805,59.507
66.3007,14.271,70.074
66.315,16.957,58.974
66.3319,16.536,60.474
66.3485,15.969,62.62
66.3644,15.625,64.0
66.3801,15.496,64.534
66.3956,15.666,63.833
66.4112,16.495,60.626
66.4277,14.616,68.418
66.4423,15.826,63.187
66.4582,16.075,62.209
66.4742,16.841,59.38
66.4911,14.825,67.453
66.5059,17.735,56.385
66.5236,17.657,56.636
66.5413,16.032,62.374
66.5573,17.275,57.886
66.5746,16.546,60.439
66.5912,17.463,57.263
66.6086,16.331,61.235
66.625,17.131,58.374
66.6421,16.056,62.283
66.6581,16.258,61.507
66.6744,15.462,64.676
66.6899,16.577,60.324
66.7064,16.56,60.386
66.723,15.222,65.693
66.7382,17.65,56.658
66.7559,16.337,61.21
66.7722,16.387,61.024
66.7886,16.023,62.409
66.8046,16.415,60.921
66.821,15.91,62.854
66.8369,16.425,60.881
66.8534,16.71,59.843
66.8701,16.434,60.85
66.8865,17.612,56.779
66.9041,16.773,59.621
66.9209,16.688,59.923
66.9376,14.823,67.462
66.9524,17.076,58.563
66.9695,16.629,60.135
66.9861,16.625,60.151
67.0027,16.335,61.217
67.0191,15.474,64.624
67.0345,16.9,59.17
67.0514,17.166,58.254
67.0686,16.246,61.554
67.0849,17.218,58.078
67.1021,18.318,54.592
67.1204,16.94,59.031
67.1373,16.601,60.239
67.1539,17.43,57.372
67.1714,14.824,67.46
67.1862,15.715,63.633
67.2019,17.388,57.51
67.2193,16.751,59.698
67.236,13.516,73.988
67.2496,16.258,61.506
67.2658,15.78,63.372
67.2816,17.093,58.502
67.2987,17.963,55.669
67.3167,18.169,55.04
67.3348,16.269,61.465
67.3511,16.748,59.708
67.3678,16.695,59.897
67.3845,17.073,58.571
67.4016,16.204,61.714
67.4178,18.076,55.323
67.4359,18.877,52.975
67.4548,17.552,56.974
67.4723,15.778,63.379
67.4881,15.865,63.033
67.504,15.74,63.534
67.5197,16.241,61.574
67.5359,16.804,59.509
67.5527,18.956,52.752
67.5717,17.707,56.473
67.5894,16.904,59.157
67.6063,15.548,64.319
67.6219,16.059,62.27
67.6379,16.968,58.935
67.6549,15.538,64.359
67.6704,16.643,60.084
67.6871,17.38,57.538
67.7044,43.897,22.781
67.7483,17.462,57.267
67.7658,14.452,69.194
67.7803,19.007,52.613
67.7993,15.752,63.485
67.815,17.031,58.716
67.832,16.461,60.75
67.8485,17.472,57.233
67.866,15.936,62.749
67.8819,16.135,61.976
67.8981,15.987,62.551
67.914,17.495,57.158
67.9315,15.402,64.928
67.9469,17.549,56.984
67.9645,14.471,69.101
67.979,16.246,61.554
67.9952,15.968,62.626
68.0112,16.623,60.156
68.0278,16.596,60.254
68.0444,15.693,63.723
68.0601,15.865,63.033
68.0759,18.015,55.509
68.094,17.575,56.899
68.1115,53.588,18.661
68.1651,16.717,59.819
68.1818,16.993,58.846
68.1988,16.708,59.853
68.2155,17.989,55.59
68.2335,16.794,59.544
68.2503,17.347,57.646
68.2677,16.549,60.426
68.2842,15.937,62.747
68.3002,16.938,59.038
68.3171,16.216,61.666
68.3333,17.79,56.212
68.3511,17.999,55.558
68.3691,16.191,61.764
68.3853,15.72,63.613
68.401,15.266,65.503
68.4163,17.324,57.723
68.4336,16.298,61.356
68.4499,18.423,54.28
68.4683,17.581,56.878
68.4859,19.001,52.629
68.5049,17.513,57.1
68.5224,15.94,62.737
68.5384,17.538,57.018
68.5559,18.311,54.611
68.5742,17.025,58.738
68.5912,18.627,53.685
68.6099,17.611,56.782
68.6275,18.815,53.148
68.6463,16.825,59.434
68.6631,16.14,61.957
68.6793,16.259,61.506
68.6955,17.628,56.728
68.7131,18.05,55.401
68.7312,16.797,59.535
68.748,16.429,60.867
68.7644,17.705,56.482
68.7821,17.3,57.803
68.7994,16.966,58.942
68.8164,18.83,53.108
68.8352,18.53,53.967
68.8537,16.495,60.625
68.8702,17.255,57.953
68.8875,16.818,59.46
68.9043,18.109,55.222
68.9224,17.115,58.427
68.9395,18.456,54.182
68.958,17.726,56.414
68.9757,18.109,55.221
68.9938,17.216,58.087
69.011,17.473,57.23
69.0285,17.56,56.949
69.0461,16.86,59.311
69.0629,17.666,56.605
69.0806,16.115,62.054
69.0967,18.548,53.913
69.1153,16.007,62.474
69.1313,18.149,55.098
69.1494,17.144,58.328
69.1666,19.62,50.97
69.1862,17.489,57.179
69.2037,16.696,59.893
69.2204,16.71,59.845
69.2371,17.383,57.527
69.2545,15.856,63.066
69.2703,17.213,58.094
69.2875,17.014,58.776
69.3046,18.08,55.311
69.3226,16.819,59.455
69.3395,17.116,58.426
69.3566,16.076,62.203
69.3726,18.127,55.167
69.3908,18.275,54.72
69.409,16.561,60.384
69.4256,18.076,55.323
69.4437,18.385,54.391
69.4621,17.052,58.644
69.4791,17.655,56.642
69.4968,17.612,56.779
69.5144,16.164,61.867
69.5306,17.799,56.183
69.5484,18.045,55.419
69.5664,17.155,58.292
69.5836,18.652,53.615
69.6022,17.196,58.152
69.6194,19.396,51.556
69.6388,16.829,59.42
69.6556,18.447,54.21
69.6741,16.843,59.372
69.6909,17.984,55.606
69.7089,17.631,56.718
69.7265,17.308,57.778
69.7438,18.649,53.622
69.7625,18.089,55.282
69.7806,16.866,59.291
69.7974,17.045,58.669
69.8145,19.644,50.907
69.8341,19.839,50.406
69.854,15.62,64.019
69.8696,18.237,54.834
69.8878,17.936,55.755
69.9058,18.005,55.54
69.9238,18.055,55.387
69.9418,16.949,59.0
69.9588,18.802,53.184
69.9776,17.62,56.755
69.9952,19.576,51.083
70.0148,17.322,57.731
70.0321,18.041,55.428
70.0501,17.17,58.243
70.0673,17.436,57.354
70.0847,17.972,55.643
70.1027,16.821,59.449
70.1195,19.437,51.447
70.139,18.641,53.644
70.1576,18.753,53.324
70.1764,19.347,51.688
70.1957,17.428,57.38
70.2131,18.562,53.872
70.2317,18.03,55.463
70.2497,17.23,58.039
70.267,17.372,57.564
70.2843,17.632,56.714
70.302,18.466,54.155
70.3204,17.537,57.022
70.338,17.533,57.035
70.3555,17.904,55.854
70.3734,17.489,57.178
70.3909,18.468,54.147
70.4094,18.057,55.381
70.4274,18.827,53.114
70.4462,17.772,56.267
70.464,17.985,55.601
70.482,18.669,53.566
70.5007,18.421,54.286
70.5191,16.525,60.515
70.5356,17.451,57.305
70.5531,19.523,51.223
70.5726,17.871,55.957
70.5905,19.362,51.648
70.6098,18.268,54.74
70.6281,17.574,56.902
70.6457,18.661,53.587
70.6643,18.576,53.834
70.6829,16.672,59.981
70.6996,18.118,55.195
70.7177,16.629,60.136
70.7343,19.675,50.825
70.754,16.813,59.479
70.7708,16.201,61.725
70.787,17.943,55.734
70.805,18.769,53.278
70.8237,17.686,56.543
70.8414,17.176,58.221
70.8586,17.469,57.243
70.8761,16.234,61.6
70.8923,18.251,54.791
70.9105,16.565,60.367
70.9271,16.931,59.063
70.944,18.476,54.124
70.9625,18.788,53.226
70.9813,18.965,52.73
71.0003,17.442,57.333
71.0177,17.921,55.802
71.0356,16.782,59.588
71.0524,19.135,52.261
71.0715,17.788,56.217
71.0893,18.237,54.834
71.1076,19.139,52.249
71.1267,17.086,58.528
71.1438,19.776,50.566
71.1636,18.085,55.294
71.1817,19.186,52.12
71.2008,17.288,57.843
71.2181,17.134,58.364
71.2353,17.503,57.134
71.2528,18.141,55.125
71.2709,18.154,55.084
71.2891,17.498,57.15
71.3066,17.185,58.19
71.3237,19.892,50.272
71.3436,16.884,59.228
71.3605,18.149,55.101
71.3787,18.546,53.92
71.3972,18.655,53.605
71.4159,17.887,55.907
71.4338,19.251,51.945
71.453,17.761,56.304
71.4708,16.494,60.629
71.4873,18.508,54.031
71.5058,17.857,55.999
71.5236,18.67,53.563
71.5423,19.08,52.411
71.5614,17.331,57.701
71.5787,17.084,58.535
71.5958,18.545,53.922
71.6143,19.559,51.128
71.6339,18.032,55.458
71.6519,19.795,50.518
71.6717,18.174,55.022
71.6899,18.697,53.483
71.7086,18.739,53.365
71.7273,17.255,57.955
71.7446,21.624,46.246
71.7662,20.972,47.682
71.7872,18.604,53.752
71.8058,17.264,57.925
71.823,19.486,51.32
71.8425,16.489,60.645
71.859,16.894,59.191
71.8759,17.905,55.85
71.8938,19.074,52.426
71.9129,17.645,56.675
71.9305,20.002,49.995
71.9505,17.896,55.878
71.9684,19.097,52.365
71.9875,17.895,55.881
72.0054,16.737,59.747
72.0222,17.425,57.39
72.0396,18.909,52.884
72.0585,18.156,55.078
72.0767,19.676,50.824
72.0963,17.709,56.47
72.114,17.963,55.669
72.132,18.022,55.488
72.15,18.981,52.685
72.169,19.688,50.793
72.1887,17.606,56.798
72.2063,16.627,60.144
72.2229,17.571,56.913
72.2405,18.153,55.088
72.2587,19.818,50.459
72.2785,19.207,52.063
72.2977,19.183,52.131
72.3169,18.938,52.803
72.3358,18.153,55.086
72.354,18.151,55.093
72.3721,16.852,59.341
72.389,17.786,56.225
72.4067,18.426,54.27
72.4252,17.455,57.291
72.4426,17.959,55.681
72.4606,18.152,55.092
72.4787,16.984,58.88
72.4957,18.491,54.08
72.5142,16.764,59.65
72.531,18.41,54.318
72.5494,17.408,57.445
72.5668,18.302,54.639
72.5851,16.688,59.922
72.6018,17.39,57.506
72.6192,16.78,59.596
72.6359,18.656,53.602
72.6546,19.077,52.418
72.6737,18.977,52.696
72.6927,19.281,51.864
72.7119,19.042,52.515
72.731,17.466,57.253
72.7484,18.215,54.901
72.7667,19.277,51.876
72.7859,18.551,53.905
72.8045,17.375,57.553
72.8219,18.872,52.99
72.8407,17.767,56.284
72.8585,18.454,54.19
72.877,19.159,52.194
72.8961,19.446,51.425
72.9156,19.046,52.503
72.9346,19.104,52.345
72.9537,18.796,53.202
72.9725,17.621,56.751
72.9901,16.49,60.644
73.0066,19.625,50.957
73.0262,18.196,54.958
73.0444,19.489,51.312
73.0639,17.21,58.105
73.0811,18.882,52.961
73.1,16.838,59.39
73.1169,17.911,55.83
73.1348,17.964,55.668
73.1527,18.281,54.701
73.171,18.037,55.44
73.1891,18.324,54.574
73.2074,17.807,56.158
73.2252,17.896,55.878
73.2431,17.609,56.789
73.2607,17.477,57.218
73.2782,19.303,51.805
73.2975,17.973,55.64
73.3154,16.579,60.317
73.332,19.109,52.33
73.3511,17.637,56.7
73.3688,18.014,55.511
73.3868,16.587,60.288
73.4034,18.255,54.78
73.4216,18.228,54.861
73.4399,19.301,51.811
73.4592,18.492,54.078
73.4776,16.841,59.379
73.4945,18.145,55.111
73.5126,17.356,57.618
73.53,17.674,56.579
73.5477,19.387,51.582
73.567,17.433,57.363
73.5845,18.63,53.678
73.6031,18.107,55.228
73.6212,19.282,51.861
73.6405,17.032,58.712
73.6575,18.648,53.625
73.6762,18.927,52.834
73.6951,18.844,53.069
73.714,19.733,50.676
73.7337,18.422,54.283
73.7521,19.521,51.227
73.7716,18.508,54.03
73.7901,17.672,56.585
73.8078,19.601,51.017
73.8274,19.628,50.949
73.847,18.194,54.962
73.8652,17.575,56.9
73.8828,19.208,52.061
73.902,18.675,53.546
73.9207,18.668,53.568
73.9394,19.338,51.712
73.9587,17.935,55.757
73.9766,18.739,53.364
73.9954,18.21,54.916
74.0136,18.946,52.781
74.0325,17.118,58.417
74.0496,19.375,51.612
74.069,18.181,55.003
74.0872,17.932,55.767
74.1051,18.195,54.959
74.1233,18.221,54.883
74.1415,17.692,56.522
74.1592,18.552,53.902
74.1778,18.524,53.984
74.1963,17.754,56.326
74.2141,17.778,56.249
74.2318,16.406,60.955
74.2483,18.084,55.299
74.2663,17.447,57.317
74.2838,18.295,54.66
74.3021,18.079,55.312
74.3202,18.256,54.775
74.3384,18.765,53.29
74.3572,17.77,56.276
74.3749,19.077,52.42
74.394,18.431,54.256
74.4125,18.83,53.106
74.4313,18.735,53.376
74.45,18.635,53.664
74.4687,17.31,57.77
74.486,19.206,52.066
74.5052,18.743,53.353
74.5239,17.448,57.313
74.5414,18.398,54.354
74.5598,19.402,51.541
74.5792,19.386,51.584
74.5986,16.475,60.697
74.615,18.315,54.599
74.6333,16.926,59.079
74.6503,16.345,61.181
74.6666,16.413,60.927
74.683,19.096,52.367
74.7021,18.797,53.199
74.7209,18.664,53.58
74.7396,17.426,57.384
74.757,19.243,51.967
74.7763,18.626,53.689
74.7949,16.95,58.998
74.8118,18.82,53.136
74.8306,17.443,57.33
74.8481,15.899,62.899
74.864,17.144,58.329
74.8811,17.316,57.749
74.8984,17.643,56.678
74.9161,17.551,56.978
74.9336,16.846,59.362
74.9505,16.931,59.062
74.9674,17.809,56.151
74.9852,16.948,59.004
75.0022,18.929,52.829
75.0211,19.051,52.49
75.0402,18.423,54.281
75.0586,19.359,51.656
75.0779,17.452,57.299
75.0954,18.908,52.888
75.1143,17.953,55.7
75.1323,19.338,51.712
75.1516,17.303,57.793
75.1689,16.933,59.056
75.1858,16.335,61.219
75.2022,17.444,57.327
75.2196,18.844,53.068
75.2384,17.659,56.627
75.2561,18.352,54.489
75.2745,18.702,53.47
75.2932,18.254,54.784
75.3114,17.315,57.752
75.3287,19.25,51.948
75.348,18.321,54.581
75.3663,19.299,51.816
75.3856,16.921,59.1
75.4025,17.389,57.507
75.4199,16.974,58.914
75.4369,19.582,51.068
75.4565,19.099,52.36
75.4756,17.248,57.976
75.4928,17.486,57.187
75.5103,18.655,53.606
75.529,16.723,59.799
75.5457,18.643,53.64
75.5643,17.775,56.258
75.5821,18.835,53.092
75.6009,18.65,53.619
75.6196,18.722,53.413
75.6383,20.039,49.903
75.6583,18.295,54.658
75.6766,18.902,52.905
75.6955,18.582,53.816
75.7141,18.536,53.95
75.7327,18.775,53.261
75.7514,17.806,56.162
75.7692,19.347,51.687
75.7886,18.669,53.566
75.8073,17.374,57.557
75.8246,17.919,55.808
75.8425,18.548,53.915
75.8611,18.55,53.909
75.8796,17.074,58.568
75.8967,16.203,61.719
75.9129,17.271,57.899
75.9302,18.597,53.771
75.9488,18.442,54.225
75.9672,18.452,54.194
75.9857,18.643,53.641
76.0043,16.878,59.25
76.0212,16.355,61.142
76.0376,17.14,58.345
76.0547,18.496,54.067
76.0732,19.155,52.205
76.0923,17.533,57.034
76.1099,17.182,58.201
76.1271,17.379,57.54
76.1444,18.345,54.512
76.1628,16.91,59.136
76.1797,19.282,51.862
76.199,17.406,57.452
76.2164,18.137,55.137
76.2345,17.927,55.782
76.2525,18.358,54.472
76.2708,18.068,55.348
76.2889,15.606,64.08
76.3045,16.886,59.221
76.3214,17.928,55.777
76.3393,18.841,53.076
76.3581,17.876,55.941
76.376,17.997,55.563
76.394,17.381,57.535
76.4114,17.937,55.752
76.4293,17.915,55.818
76.4472,17.044,58.673
76.4643,18.158,55.071
76.4824,17.972,55.643
76.5004,18.864,53.011
76.5193,19.031,52.545
76.5383,17.012,58.781
76.5553,18.73,53.39
76.5741,17.754,56.324
76.5918,18.388,54.383
76.6102,17.277,57.88
76.6275,17.865,55.975
76.6453,17.208,58.113
76.6625,18.098,55.253
76.6806,18.346,54.508
76.699,18.297,54.654
76.7173,17.663,56.616
76.735,17.905,55.851
76.7529,17.718,56.439
76.7706,18.094,55.266
76.7887,16.985,58.875
76.8057,16.735,59.755
76.8224,18.498,54.059
76.8409,17.26,57.938
76.8581,17.903,55.856
76.8761,19.193,52.103
76.8952,16.33,61.238
76.9116,17.629,56.724
76.9292,18.634,53.665
76.9478,17.443,57.328
76.9653,17.008,58.794
76.9823,20.051,49.874
77.0023,18.442,54.223
77.0208,16.488,60.648
77.0373,18.276,54.717
77.0555,17.83,56.085
77.0734,16.761,59.662
77.0901,17.807,56.157
77.1079,19.68,50.812
77.1276,17.473,57.231
77.1451,18.003,55.547
77.1631,17.463,57.263
77.1806,17.644,56.675
77.1982,18.964,52.731
77.2172,18.628,53.682
77.2358,16.473,60.706
77.2523,16.126,62.012
77.2684,18.093,55.27
77.2865,17.235,58.022
77.3037,17.749,56.341
77.3215,18.331,54.554
77.3398,17.808,56.156
77.3576,17.435,57.357
77.375,17.677,56.572
77.3927,18.281,54.701
77.411,17.109,58.447
77.4281,17.017,58.764
77.4451,19.792,50.524
77.4649,17.494,57.163
77.4824,17.059,58.62
77.4995,20.227,49.439
77.5197,17.462,57.268
77.5372,17.785,56.226
77.555,17.081,58.544
77.572,18.213,54.905
77.5902,18.186,54.987
77.6084,18.026,55.474
77.6265,18.869,52.996
77.6453,17.355,57.621
77.6627,18.424,54.276
77.6811,18.429,54.263
77.6995,18.185,54.99
77.7177,17.867,55.969
77.7356,17.012,58.784
77.7526,17.166,58.253
77.7698,17.535,57.028
77.7873,17.843,56.043
77.8051,17.709,56.469
77.8229,19.047,52.503
77.8419,19.021,52.573
77.8609,19.179,52.14
77.8801,18.536,53.951
77.8986,18.324,54.572
77.917,18.372,54.431
77.9353,17.905,55.852
77.9532,18.328,54.563
77.9716,19.014,52.593
77.9906,18.397,54.357
78.009,18.59,53.793
78.0276,16.17,61.844
78.0437,16.845,59.365
78.0606,17.47,57.242
78.078,17.601,56.814
78.0957,18.161,55.063
78.1138,18.15,55.095
78.132,18.022,55.488
78.15,16.002,62.494
78.166,18.574,53.837
78.1846,17.465,57.256
78.202,16.652,60.054
78.2187,18.901,52.906
78.2376,16.748,59.709
78.2543,17.587,56.861
78.2719,18.112,55.212
78.29,15.537,64.362
78.3056,17.221,58.069
78.3228,16.222,61.646
78.339,16.972,58.921
78.356,17.475,57.224
78.3735,16.637,60.107
78.3901,17.643,56.68
78.4077,15.218,65.711
78.423,17.223,58.062
78.4402,18.864,53.011
78.459,17.524,57.064
78.4766,16.69,59.917
78.4933,17.793,56.201
78.511,17.161,58.273
78.5282,17.115,58.429
78.5453,15.877,62.986
78.5612,16.376,61.064
78.5776,19.066,52.448
78.5966,16.735,59.756
78.6134,16.166,61.857
78.6295,18.687,53.513
78.6482,18.21,54.916
78.6664,17.812,56.143
78.6842,18.333,54.546
78.7026,17.508,57.116
78.7201,18.214,54.903
78.7383,16.866,59.292
78.7552,18.345,54.51
78.7735,18.101,55.246
78.7916,16.621,60.165
78.8082,17.429,57.375
78.8257,17.656,56.638
78.8433,16.683,59.941
78.86,18.684,53.523
78.8787,16.636,60.111
78.8953,17.742,56.365
78.9131,16.118,62.041
78.9292,16.945,59.014
78.9461,17.378,57.544
78.9635,18.004,55.544
78.9815,15.959,62.659
78.9975,16.397,60.988
79.0139,17.735,56.386
79.0316,17.046,58.666
79.0486,17.849,56.027
79.0665,16.728,59.779
79.0832,17.201,58.135
79.1004,19.921,50.198
79.1203,17.814,56.136
79.1382,17.376,57.551
79.1555,15.729,63.576
79.1713,17.02,58.755
79.1883,16.835,59.401
79.2051,15.343,65.178
79.2205,17.223,58.063
79.2377,17.053,58.642
79.2547,18.111,55.216
79.2728,17.431,57.37
79.2903,17.355,57.621
79.3076,18.985,52.672
79.3266,17.653,56.647
79.3443,17.005,58.807
79.3613,16.184,61.789
79.3775,17.182,58.199
79.3946,17.214,58.091
79.4119,18.846,53.062
79.4307,17.817,56.128
79.4485,19.687,50.796
79.4682,20.625,48.486
79.4888,18.731,53.387
79.5076,16.905,59.153
79.5245,19.833,50.421
79.5443,18.763,53.296
79.5631,17.108,58.451
79.5802,16.802,59.518
79.597,17.584,56.869
79.6146,17.699,56.501
79.6323,16.762,59.66
79.649,18.348,54.502
79.6674,18.25,54.795
79.6856,17.462,57.267
79.7031,17.055,58.632
79.7201,16.833,59.408
79.737,17.579,56.884
79.7545,17.814,56.136
79.7724,18.024,55.481
79.7904,16.655,60.041
79.807,16.172,61.834
79.8232,17.535,57.029
79.8407,16.862,59.305
79.8576,18.539,53.94
79.8761,19.897,50.259
79.896,16.387,61.024
79.9124,16.605,60.224
79.929,17.388,57.509
79.9464,18.395,54.362
79.9648,16.2,61.728
79.981,17.095,58.496
79.9981,15.815,63.23
80.0139,16.764,59.65
80.0307,16.753,59.69
80.0475,17.766,56.288
80.0652,18.617,53.715
80.0838,18.15,55.095
80.102,17.29,57.838
80.1193,17.943,55.731
80.1372,17.777,56.251
80.155,17.656,56.637
80.1726,18.154,55.086
80.1908,18.449,54.202
80.2093,16.639,60.1
80.2259,18.133,55.148
80.244,16.936,59.047
80.261,18.165,55.051
80.2791,16.605,60.223
80.2957,15.619,64.025
80.3113,18.034,55.451
80.3294,16.538,60.467
80.3459,16.676,59.967
80.3626,16.651,60.057
80.3792,20.123,49.695
80.3994,16.87,59.275
80.4162,17.746,56.352
80.434,17.593,56.84
80.4516,17.219,58.077
80.4688,17.716,56.446
80.4865,18.23,54.856
80.5047,16.331,61.235
80.5211,18.289,54.679
80.5394,17.003,58.812
80.5564,17.372,57.564
80.5737,17.483,57.199
80.5912,18.265,54.749
80.6095,17.726,56.416
80.6272,18.094,55.266
80.6453,15.793,63.318
80.6611,18.916,52.866
80.68,17.668,56.598
80.6977,17.879,55.931
80.7156,16.808,59.494
80.7324,18.682,53.528
80.7511,17.075,58.565
80.7681,16.934,59.053
80.7851,17.792,56.206
80.8029,19.845,50.39
80.8227,17.861,55.987
80.8406,17.971,55.645
80.8585,16.703,59.871
80.8752,18.465,54.155
80.8937,18.074,55.329
80.9118,17.588,56.856
80.9294,19.111,52.327
80.9485,18.466,54.154
80.9669,17.14,58.344
80.9841,17.695,56.513
81.0018,17.805,56.165
81.0196,17.249,57.975
81.0368,18.566,53.862
81.0554,18.206,54.927
81.0736,16.535,60.477
81.0901,18.271,54.733
81.1084,16.66,60.022
81.1251,18.322,54.579
81.1434,17.719,56.435
81.1611,16.338,61.209
81.1774,17.601,56.816
81.195,17.662,56.62
81.2127,18.227,54.864
81.2309,18.941,52.796
81.2499,19.118,52.308
81.269,15.764,63.437
81.2848,15.329,65.237
81.3001,17.635,56.705
81.3177,18.223,54.876
81.3359,19.029,52.55
81.355,17.024,58.739
81.372,15.872,63.002
81.3879,17.847,56.033
81.4057,18.419,54.293
81.4241,19.114,52.316
81.4432,18.373,54.429
81.4616,18.174,55.023
81.4798,18.842,53.073
81.4986,17.319,57.741
81.516,16.675,59.969
81.5326,16.52,60.534
81.5491,17.986,55.599
81.5671,16.445,60.81
81.5836,18.857,53.03
81.6024,17.508,57.116
81.6199,17.412,57.431
81.6374,17.965,55.662
81.6553,16.964,58.947
81.6723,18.364,54.455
81.6907,16.809,59.491
81.7075,19.279,51.87
81.7267,18.024,55.481
81.7448,17.704,56.485
81.7625,19.789,50.533
81.7823,17.9,55.867
81.8002,16.394,60.998
81.8165,18.732,53.384
81.8353,17.68,56.562
81.853,19.562,51.119
81.8725,19.438,51.445
81.892,19.227,52.009
81.9112,18.136,55.14
81.9293,18.503,54.044
81.9478,16.685,59.935
81.9645,18.058,55.377
81.9826,20.349,49.143
82.0029,16.529,60.498
82.0194,18.466,54.153
82.0379,16.319,61.279
82.0542,18.462,54.164
82.0727,17.942,55.736
82.0906,18.633,53.669
82.1093,17.358,57.612
82.1266,16.941,59.027
82.1436,17.059,58.62
82.1606,17.451,57.302
82.1781,20.257,49.364
82.1983,15.594,64.128
82.2139,17.118,58.417
82.2311,18.305,54.631
82.2494,16.879,59.247
82.2662,18.027,55.473
82.2843,19.378,51.605
82.3036,19.115,52.314
82.3228,18.405,54.332
82.3412,16.674,59.974
82.3578,17.427,57.383
82.3753,19.366,51.637
82.3946,16.541,60.457
82.4112,17.86,55.991
82.429,17.75,56.339
82.4468,17.674,56.579
82.4645,17.717,56.443
82.4822,18.23,54.853
82.5004,18.711,53.445
82.5191,19.539,51.181
82.5386,17.746,56.35
82.5564,17.218,58.078
82.5736,16.459,60.755
82.5901,18.497,54.061
82.6086,17.658,56.63
82.6262,17.86,55.992
82.6441,17.954,55.698
82.662,17.893,55.889
82.6799,17.997,55.564
82.6979,19.121,52.298
82.7171,17.446,57.321
82.7345,18.497,54.064
82.753,18.385,54.393
82.7714,19.65,50.889
82.791,17.74,56.371
82.8088,18.49,54.083
82.8273,16.529,60.5
82.8438,17.897,55.875
82.8617,18.052,55.394
82.8797,17.543,57.003
82.8973,18.903,52.903
82.9162,16.781,59.59
82.933,17.246,57.986
82.9502,17.83,56.086
82.968,17.708,56.471
82.9857,17.071,58.579
83.0028,17.234,58.023
83.0201,16.872,59.269
83.0369,18.059,55.375
83.055,19.084,52.399
83.0741,17.557,56.957
83.0916,18.133,55.149
83.1098,17.815,56.133
83.1276,16.924,59.089
83.1445,17.303,57.794
83.1618,17.898,55.872
83.1797,18.337,54.536
83.198,18.308,54.621
83.2163,17.966,55.66
83.2343,17.259,57.941
83.2516,19.739,50.662
83.2713,16.69,59.916
83.288,17.07,58.584
83.3051,18.777,53.257
83.3238,19.198,52.088
83.343,19.468,51.366
83.3625,17.412,57.432
83.3799,19.034,52.537
83.399,17.836,56.067
83.4168,18.271,54.732
83.4351,19.235,51.988
83.4543,19.274,51.882
83.4736,17.593,56.841
83.4912,17.15,58.31
83.5083,16.683,59.943
83.525,18.715,53.434
83.5437,16.864,59.298
83.5606,17.058,58.624
83.5776,17.467,57.252
83.5951,18.278,54.712
83.6134,17.209,58.109
83.6306,18.989,52.661
83.6496,18.345,54.51
83.6679,18.028,55.469
83.686,18.953,52.762
83.7049,18.796,53.204
83.7237,18.45,54.199
83.7421,19.758,50.613
83.7619,18.284,54.694
83.7802,17.362,57.596
83.7976,18.641,53.645
83.8162,18.615,53.719
83.8348,18.836,53.09
83.8536,18.943,52.791
83.8726,19.832,50.424
83.8924,19.705,50.747
83.9121,19.198,52.087
83.9313,18.195,54.961
83.9495,18.443,54.222
83.968,17.977,55.626
83.9859,18.762,53.3
84.0047,18.958,52.749
84.0237,18.828,53.111
84.0425,16.914,59.123
84.0594,17.969,55.651
84.0774,18.534,53.954
84.0959,20.119,49.704
84.116,18.635,53.664
84.1347,18.095,55.265
84.1528,17.952,55.706
84.1707,18.669,53.564
84.1894,17.113,58.433
84.2065,17.571,56.911
84.2241,18.265,54.751
84.2423,17.557,56.959
84.2599,18.332,54.548
84.2782,18.275,54.721
84.2965,19.395,51.56
84.3159,18.311,54.613
84.3342,17.791,56.208
84.352,19.254,51.937
84.3712,17.899,55.869
84.3891,18.354,54.484
84.4075,19.544,51.165
84.427,17.232,58.031
84.4443,18.421,54.286
84.4627,20.233,49.424
84.4829,17.827,56.094
84.5007,18.72,53.419
84.5195,17.911,55.83
84.5374,17.072,58.574
84.5545,19.636,50.928
84.5741,18.677,53.542
84.5928,18.986,52.671
84.6117,19.177,52.147
84.6309,20.357,49.122
84.6513,18.825,53.121
84.6701,19.778,50.561
84.6899,19.235,51.99
84.7091,17.187,58.185
84.7263,18.208,54.922
84.7445,17.961,55.675
84.7625,19.061,52.463
84.7815,19.795,50.517
84.8013,17.723,56.425
84.8191,18.941,52.795
84.838,18.049,55.403
84.856,19.025,52.563
84.8751,18.74,53.361
84.8938,16.621,60.165
84.9104,18.431,54.255
84.9289,18.653,53.611
84.9475,18.485,54.098
84.966,17.342,57.664
84.9833,19.48,51.335
85.0028,17.088,58.52
85.0199,17.969,55.651
85.0379,18.955,52.757
85.0568,18.858,53.029
85.0757,17.92,55.803
85.0936,19.382,51.594
85.113,20.647,48.434
85.1336,18.136,55.139
85.1518,18.937,52.806
85.1707,20.374,49.083
85.1911,19.225,52.016
85.2103,18.734,53.38
85.229,18.113,55.21
85.2472,18.31,54.615
85.2655,19.512,51.25
85.285,18.969,52.717
85.304,19.222,52.023
85.3232,18.741,53.359
85.3419,18.625,53.69
85.3605,18.928,52.831
85.3795,17.824,56.103
85.3973,18.358,54.472
85.4157,19.423,51.486
85.4351,19.222,52.023
85.4543,19.422,51.487
85.4737,19.22,52.028
85.4929,19.026,52.559
85.512,19.522,51.225
85.5315,18.37,54.435
85.5499,18.632,53.67
85.5685,18.899,52.913
85.5874,18.645,53.634
85.606,18.003,55.546
85.624,17.876,55.942
85.6419,18.17,55.036
85.6601,18.253,54.786
85.6783,18.497,54.062
85.6968,18.955,52.758
85.7158,19.527,51.21
85.7353,19.043,52.514
85.7544,19.561,51.122
85.7739,17.115,58.429
85.791,18.78,53.248
85.8098,19.658,50.871
85.8295,20.713,48.279
85.8502,19.315,51.773
85.8695,17.79,56.211
85.8873,17.956,55.691
85.9052,17.824,56.105
85.9231,17.827,56.095
85.9409,19.408,51.525
85.9603,58.431,17.114
86.0187,16.496,60.622
86.0352,20.117,49.71
86.0553,18.343,54.516
86.0737,18.32,54.586
86.092,19.398,51.553
86.1114,18.866,53.005
86.1303,19.437,51.448
86.1497,19.435,51.453
86.1691,20.927,47.785
86.1901,20.693,48.326
86.2108,20.057,49.858
86.2308,18.689,53.507
86.2495,19.069,52.442
86.2686,18.633,53.668
86.2872,18.995,52.644
86.3062,18.103,55.241
86.3243,18.655,53.604
86.343,18.516,54.008
86.3615,19.694,50.777
86.3812,18.589,53.796
86.3998,17.983,55.609
86.4177,20.562,48.634
86.4383,17.946,55.722
86.4563,18.242,54.82
86.4745,20.105,49.739
86.4946,17.992,55.58
86.5126,17.857,56.0
86.5305,18.997,52.64
86.5494,20.764,48.161
86.5702,20.878,47.897
86.5911,19.377,51.608
86.6105,18.586,53.803
86.6291,18.42,54.29
86.6475,18.015,55.509
86.6655,17.749,56.341
86.6832,19.943,50.143
86.7032,20.139,49.656
86.7233,18.564,53.868
86.7419,18.292,54.668
86.7602,19.851,50.376
86.78,21.287,46.976
86.8013,19.776,50.567
86.8211,20.294,49.276
86.8414,18.912,52.876
86.8603,19.836,50.412
86.8801,20.117,49.71
86.9002,19.766,50.591
86.92,18.969,52.719
86.939,19.261,51.917
86.9582,17.756,56.32
86.976,19.005,52.619
86.995,18.567,53.859
87.0136,19.575,51.086
87.0331,19.341,51.703
87.0525,19.18,52.137
87.0717,18.804,53.179
87.0905,19.042,52.516
87.1095,19.633,50.935
87.1291,20.203,49.498
87.1493,19.451,51.411
87.1688,20.324,49.204
87.1891,19.156,52.203
87.2083,19.628,50.948
87.2279,19.966,50.085
87.2479,19.243,51.968
87.2671,18.806,53.175
87.2859,19.884,50.293
87.3058,18.328,54.561
87.3241,20.754,48.185
87.3449,19.906,50.236
87.3648,21.381,46.77
87.3862,19.329,51.736
87.4055,20.807,48.06
87.4263,19.897,50.26
87.4462,19.011,52.602
87.4652,18.981,52.684
87.4842,19.414,51.51
87.5036,18.302,54.64
87.5219,19.174,52.153
87.5411,19.565,51.113
87.5607,17.743,56.361
87.5784,20.292,49.281
87.5987,18.983,52.68
87.6177,18.419,54.292
87.6361,21.257,47.044
87.6573,19.445,51.427
87.6768,17.939,55.744
87.6947,18.277,54.713
87.713,19.132,52.268
87.7321,18.076,55.321
87.7502,17.984,55.604
87.7682,20.44,48.923
87.7886,19.845,50.39
87.8085,18.62,53.705
87.8271,18.554,53.896
87.8457,19.482,51.33
87.8651,17.906,55.848
87.883,20.602,48.539
87.9037,18.744,53.351
87.9224,19.711,50.732
87.9421,17.598,56.826
87.9597,18.186,54.986
87.9779,20.478,48.834
87.9984,18.809,53.166
88.0172,19.417,51.502
88.0366,19.38,51.599
88.056,18.319,54.589
88.0743,17.597,56.827
88.0919,20.147,49.636
88.112,19.55,51.151
88.1316,19.701,50.758
88.1513,19.473,51.354
88.1708,19.326,51.745
88.1901,18.632,53.672
88.2087,19.595,51.035
88.2283,20.234,49.423
88.2485,19.754,50.623
88.2683,20.132,49.673
88.2884,20.348,49.144
88.3088,19.593,51.038
88.3284,19.689,50.791
88.3481,17.505,57.126
88.3656,17.594,56.836
88.3832,18.973,52.708
88.4021,18.894,52.927
88.421,19.506,51.265
88.4405,19.503,51.275
88.46,19.74,50.659
88.4798,18.586,53.804
88.4984,18.705,53.461
88.5171,20.008,49.981
88.5371,19.35,51.679
88.5564,19.327,51.741
88.5758,19.15,52.219
88.5949,20.02,49.95
88.6149,19.625,50.956
88.6345,20.274,49.324
88.6548,19.61,50.994
88.6744,20.314,49.226
88.6947,18.275,54.719
88.713,19.657,50.872
88.7327,20.153,49.62
88.7528,19.771,50.579
88.7726,20.404,49.011
88.793,19.999,50.001
88.813,19.43,51.466
88.8324,19.197,52.091
88.8516,18.041,55.429
88.8697,19.132,52.269
88.8888,17.987,55.597
88.9068,17.818,56.123
88.9246,19.482,51.33
88.9441,19.488,51.314
88.9636,19.442,51.434
88.983,19.939,50.152
89.003,20.179,49.556
89.0231,19.094,52.372
89.0422,19.829,50.432
89.0621,19.855,50.365
89.0819,20.856,47.947
89.1028,18.4,54.347
89.1212,20.464,48.866
89.1416,20.066,49.836
89.1617,17.687,56.538
89.1794,19.778,50.561
89.1992,18.894,52.926
89.2181,18.204,54.932
89.2363,19.793,50.522
89.2561,18.722,53.412
89.2748,19.049,52.497
89.2938,20.881,47.89
89.3147,19.178,52.144
89.3339,19.48,51.335
89.3534,19.778,50.562
89.3732,20.396,49.03
89.3935,18.997,52.641
89.4125,19.668,50.844
89.4322,20.364,49.107
89.4526,20.442,48.92
89.473,19.418,51.499
89.4924,17.55,56.98
89.51,19.783,50.548
89.5298,20.624,48.488
89.5504,20.175,49.565
89.5706,19.574,51.087
89.5901,18.473,54.132
89.6086,19.245,51.962
89.6279,18.979,52.691
89.6468,19.274,51.882
89.6661,17.29,57.838
89.6834,18.0,55.557
89.7014,19.502,51.277
89.7209,19.85,50.379
89.7408,18.621,53.702
89.7594,20.136,49.662
89.7795,18.738,53.369
89.7982,17.465,57.258
89.8157,19.178,52.143
89.8349,19.862,50.349
89.8548,19.949,50.127
89.8747,18.842,53.073
89.8935,21.208,47.153
89.9147,18.427,54.269
89.9332,20.319,49.214
89.9535,18.952,52.764
89.9724,19.109,52.331
89.9916,19.607,51.001
90.0112,20.079,49.804
90.0312,18.873,52.985
90.0501,20.654,48.417
90.0708,19.099,52.359
90.0899,18.83,53.106
90.1087,18.436,54.243
90.1271,20.395,49.031
90.1475,19.795,50.517
90.1673,18.349,54.5
90.1857,18.697,53.484
90.2044,20.245,49.394
90.2246,19.576,51.082
90.2442,18.277,54.714
90.2625,18.892,52.934
90.2814,18.221,54.883
90.2996,18.858,53.027
90.3184,18.051,55.398
90.3365,18.079,55.314
90.3546,18.637,53.656
90.3732,18.907,52.891
90.3921,19.671,50.837
90.4118,20.7,48.308
90.4325,20.064,49.84
90.4525,17.499,57.146
90.47,19.298,51.818
90.4893,18.313,54.605
90.5077,19.824,50.445
90.5275,19.03,52.548
90.5465,19.755,50.619
90.5663,18.726,53.402
90.585,22.665,44.121
90.6077,19.296,51.825
90.627,18.055,55.386
90.645,20.126,49.686
90.6651,17.982,55.612
90.6831,19.484,51.325
90.7026,20.132,49.672
90.7227,18.668,53.569
90.7414,19.589,51.048
90.761,19.23,52.003
90.7802,17.748,56.343
90.798,20.269,49.335
90.8182,19.639,50.92
90.8379,19.091,52.38
90.857,18.25,54.795
90.8752,17.596,56.832
90.8928,17.898,55.872
90.9107,19.143,52.237
90.9299,17.581,56.879
90.9474,19.283,51.86
90.9667,17.889,55.9
90.9846,19.092,52.378
91.0037,20.389,49.045
91.0241,19.264,51.91
91.0434,18.824,53.124
91.0622,18.006,55.536
91.0802,17.985,55.601
91.0982,18.093,55.271
91.1163,17.795,56.194
91.1341,19.748,50.638
91.1538,18.7,53.475
91.1725,18.901,52.906
91.1914,17.648,56.664
91.2091,19.3,51.814
91.2284,20.313,49.23
91.2487,18.496,54.067
91.2672,17.557,56.958
91.2847,18.567,53.858
91.3033,18.902,52.903
91.3222,19.364,51.643
91.3416,19.265,51.909
91.3608,19.177,52.146
91.38,19.189,52.114
91.3992,20.593,48.561
91.4198,21.014,47.588
91.4408,19.575,51.086
91.4604,19.177,52.146
91.4795,17.47,57.241
91.497,19.616,50.978
91.5166,18.487,54.093
91.5351,18.015,55.509
91.5531,18.812,53.157
91.5719,19.866,50.337
91.5918,18.946,52.78
91.6108,18.604,53.752
91.6294,18.24,54.826
91.6476,17.525,57.061
91.6651,19.19,52.111
91.6843,19.838,50.407
91.7042,20.263,49.35
91.7244,18.881,52.964
91.7433,19.67,50.838
91.763,18.414,54.306
91.7814,18.86,53.023
91.8002,18.473,54.134
91.8187,18.951,52.767
91.8377,19.381,51.596
91.857,20.285,49.298
91.8773,19.161,52.189
91.8965,20.17,49.577
91.9167,17.826,56.098
91.9345,18.43,54.26
91.9529,19.17,52.164
91.9721,18.071,55.338
91.9902,19.338,51.711
92.0095,18.567,53.858
92.0281,19.165,52.179
92.0472,19.4,51.546
92.0666,19.829,50.432
92.0865,17.86,55.99
92.1043,19.243,51.968
92.1236,17.985,55.603
92.1415,18.622,53.7
92.1602,20.293,49.278
92.1805,19.18,52.138
92.1996,17.659,56.629
92.2173,20.489,48.807
92.2378,19.031,52.546
92.2568,18.81,53.163
92.2756,18.322,54.578
92.294,18.845,53.064
92.3128,18.234,54.842
92.331,18.389,54.379
92.3494,18.044,55.421
92.3675,18.299,54.647
92.3858,18.62,53.706
92.4044,19.246,51.958
92.4236,18.473,54.132
92.4421,18.777,53.256
92.4609,18.368,54.443
92.4792,17.712,56.46
92.497,17.453,57.296
92.5144,18.358,54.473
92.5328,18.474,54.131
92.5512,17.603,56.807
92.5688,18.689,53.508
92.5875,18.137,55.136
92.6057,18.367,54.446
92.624,18.949,52.773
92.643,19.595,51.034
92.6626,18.875,52.98
92.6815,18.086,55.292
92.6995,18.032,55.457
92.7176,17.993,55.578
92.7356,17.733,56.394
92.7533,19.147,52.228
92.7724,18.768,53.283
92.7912,20.088,49.78
92.8113,19.12,52.3
92.8304,19.689,50.791
92.8501,16.976,58.906
92.8671,21.201,47.167
92.8883,18.715,53.432
92.907,17.791,56.207
92.9248,17.792,56.205
92.9426,18.502,54.048
92.9611,18.848,53.057
92.9799,20.148,49.633
93.0001,18.734,53.379
93.0188,18.339,54.53
93.0372,18.288,54.68
93.0554,17.663,56.615
93.0731,17.412,57.432
93.0905,18.157,55.075
93.1087,17.056,58.631
93.1257,17.451,57.304
93.1432,18.365,54.452
93.1616,18.344,54.515
93.1799,17.019,58.757
93.1969,18.704,53.464
93.2156,19.362,51.649
93.235,17.505,57.128
93.2525,18.902,52.905
93.2714,18.28,54.704
93.2897,17.029,58.723
93.3067,19.938,50.155
93.3266,17.177,58.216
93.3438,17.849,56.027
93.3617,17.167,58.25
93.3788,18.74,53.362
93.3976,17.861,55.988
93.4154,18.407,54.326
93.4338,19.529,51.206
93.4534,16.738,59.745
93.4701,18.798,53.197
93.4889,18.666,53.572
93.5076,17.127,58.388
93.5247,16.736,59.753
93.5414,18.047,55.411
93.5595,17.875,55.943
93.5774,18.427,54.267
93.5958,17.219,58.075
93.613,17.365,57.588
93.6304,18.812,53.159
93.6492,18.589,53.795
93.6678,18.831,53.103
93.6866,18.768,53.284
93.7054,17.398,57.478
93.7228,19.122,52.296
93.7419,16.531,60.493
93.7584,19.66,50.864
93.7781,18.124,55.175
93.7962,17.718,56.439
93.8139,18.078,55.317
93.832,19.074,52.428
93.8511,19.455,51.4
93.8705,18.115,55.203
93.8886,17.495,57.159
93.9061,18.539,53.941
93.9247,19.328,51.739
93.944,17.234,58.025
93.9612,17.61,56.787
93.9788,17.021,58.75
93.9959,18.939,52.802
94.0148,18.99,52.658
94.0338,18.07,55.341
94.0519,18.27,54.735
94.0701,17.904,55.853
94.088,17.134,58.364
94.1052,18.121,55.185
94.1233,17.427,57.382
94.1407,18.431,54.257
94.1591,19.348,51.684
94.1785,18.089,55.282
94.1966,17.63,56.72
94.2142,17.611,56.781
94.2318,18.169,55.038
94.25,18.249,54.796
94.2682,18.999,52.635
94.2872,17.818,56.122
94.3051,18.071,55.339
94.3231,18.707,53.455
94.3418,21.066,47.469
94.3629,18.699,53.48
94.3816,17.712,56.459
94.3993,18.541,53.935
94.4179,17.834,56.072
94.4357,18.261,54.762
94.454,16.596,60.255
94.4706,16.693,59.906
94.4872,16.314,61.296
94.5036,18.532,53.96
94.5221,17.304,57.791
94.5394,17.379,57.541
94.5568,18.192,54.97
94.575,16.818,59.461
94.5918,17.685,56.546
94.6095,17.696,56.511
94.6272,18.362,54.461
94.6455,17.216,58.085
94.6627,18.771,53.273
94.6815,17.25,57.971
94.6988,18.001,55.553
94.7168,17.424,57.392
94.7342,17.55,56.98
94.7517,18.264,54.753
94.77,17.887,55.908
94.7879,18.846,53.062
94.8067,19.375,51.612
94.8261,18.02,55.493
94.8441,16.047,62.318
94.8602,17.573,56.905
94.8777,18.654,53.607
94.8964,17.901,55.864
94.9143,17.336,57.684
94.9316,16.866,59.289
94.9485,16.303,61.337
94.9648,18.256,54.776
94.9831,17.271,57.901
95.0003,17.564,56.934
95.0179,15.956,62.672
95.0339,17.511,57.106
95.0514,17.7,56.497
95.0691,18.378,54.412
95.0874,18.488,54.09
95.1059,18.253,54.785
95.1242,17.17,58.242
95.1414,17.224,58.058
95.1586,17.617,56.763
95.1762,18.131,55.154
95.1943,19.111,52.325
95.2134,16.646,60.076
95.2301,16.868,59.282
95.247,18.156,55.079
95.2651,17.227,58.05
95.2823,17.773,56.264
95.3001,17.796,56.193
95.3179,17.8,56.181
95.3357,18.147,55.107
95.3539,17.928,55.78
95.3718,16.04,62.345
95.3878,17.337,57.681
95.4052,17.646,56.67
95.4228,16.324,61.26
95.4391,16.171,61.838
95.4553,17.481,57.206
95.4728,16.465,60.735
95.4892,18.101,55.246
95.5073,18.657,53.599
95.526,17.33,57.705
95.5433,16.816,59.467
95.5601,16.873,59.267
95.577,17.161,58.27
95.5942,16.848,59.355
95.611,16.798,59.532
95.6278,16.684,59.937
95.6445,17.503,57.135
95.662,17.016,58.769
95.679,18.326,54.566
95.6974,15.429,64.813
95.7128,17.717,56.444
95.7305,17.087,58.522
95.7476,48.733,20.52
95.7963,18.42,54.287
95.8147,18.675,53.547
95.8334,18.102,55.242
95.8515,16.129,62.0
95.8676,18.226,54.867
95.8859,18.135,55.143
95.904,18.465,54.156
95.9225,17.967,55.659
95.9404,16.499,60.609
95.9569,18.071,55.337
95.975,17.678,56.567
95.9927,16.932,59.059
96.0096,16.396,60.99
96.026,16.467,60.727
96.0425,16.826,59.432
96.0593,17.449,57.309
96.0768,17.454,57.295
96.0942,16.929,59.07
96.1111,17.402,57.463
96.1285,18.008,55.531
96.1466,17.858,55.997
96.1644,16.433,60.854
96.1808,15.818,63.219
96.1967,16.12,62.033
96.2128,18.338,54.531
96.2311,17.855,56.008
96.249,16.423,60.891
96.2654,18.198,54.952
96.2836,17.138,58.349
96.3007,20.53,48.71
96.3213,17.827,56.094
96.3391,18.321,54.583
96.3574,15.551,64.303
96.373,17.029,58.722
96.39,18.393,54.368
96.4084,16.059,62.272
96.4244,18.363,54.456
96.4428,17.371,57.568
96.4602,16.834,59.403
96.477,16.879,59.246
96.4939,17.768,56.28
96.5117,17.678,56.569
96.5293,17.591,56.848
96.5469,17.016,58.768
96.5639,18.524,53.985
96.5825,17.422,57.397
96.5999,17.359,57.607
96.6172,18.266,54.746
96.6355,17.293,57.826
96.6528,16.629,60.135
96.6694,17.414,57.426
96.6868,16.829,59.421
96.7037,16.39,61.011
96.7201,16.969,58.93
96.737,17.193,58.163
96.7542,17.36,57.602
96.7716,18.745,53.348
96.7903,17.489,57.179
96.8078,17.453,57.298
96.8253,17.622,56.746
96.8429,17.079,58.552
96.86,17.682,56.555
96.8777,17.367,57.581
96.895,16.397,60.985
96.9114,17.419,57.41
96.9288,17.251,57.966
96.9461,16.24,61.578
96.9623,17.088,58.521
96.9794,18.024,55.482
96.9974,16.532,60.49
97.014,17.153,58.298
97.0311,17.497,57.154
97.0486,16.696,59.895
97.0653,18.204,54.933
97.0835,17.71,56.465
97.1012,15.882,62.964
97.1171,15.983,62.566
97.1331,17.569,56.92
97.1507,16.652,60.054
97.1673,15.709,63.656
97.183,16.213,61.68
97.1992,16.207,61.702
97.2155,18.666,53.573
97.2341,17.751,56.334
97.2519,16.761,59.662
97.2686,16.571,60.345
97.2852,15.86,63.052
97.3011,16.371,61.084
97.3174,17.462,57.268
97.3349,17.414,57.427
97.3523,18.283,54.696
97.3706,17.478,57.214
97.3881,15.943,62.722
97.404,17.127,58.389
97.4211,15.801,63.286
97.4369,15.351,65.144
97.4523,16.618,60.176
97.4689,15.52,64.434
97.4844,16.901,59.167
97.5013,18.832,53.1
97.5202,16.393,61.002
97.5366,16.881,59.237
97.5534,16.882,59.234
97.5703,18.086,55.291
97.5884,15.053,66.43
97.6035,17.033,58.708
97.6205,17.74,56.37
97.6382,17.118,58.417
97.6554,18.081,55.305
97.6734,16.077,62.201
97.6895,16.833,59.407
97.7063,16.46,60.755
97.7228,16.581,60.312
97.7394,16.919,59.104
97.7563,17.155,58.292
97.7735,18.4,54.349
97.7919,17.201,58.135
97.8091,14.931,66.977
97.824,16.165,61.862
97.8402,16.932,59.061
97.8571,15.419,64.853
97.8725,17.125,58.394
97.8896,15.269,65.494
97.9049,16.14,61.959
97.921,17.24,58.005
97.9383,16.214,61.675
97.9545,16.558,60.392
97.971,18.22,54.886
97.9893,18.136,55.138
98.0074,17.574,56.902
98.025,17.774,56.262
98.0428,16.811,59.485
98.0596,16.572,60.344
98.0761,17.618,56.76
98.0938,15.963,62.644
98.1097,18.465,54.158
98.1282,17.656,56.637
98.1458,17.684,56.547
98.1635,15.517,64.446
98.179,15.74,63.534
98.1948,17.186,58.188
98.212,17.952,55.703
98.2299,15.903,62.88
98.2458,17.253,57.962
98.2631,16.311,61.31
98.2794,17.26,57.936
98.2966,17.262,57.93
98.3139,16.77,59.629
98.3307,18.384,54.394
98.3491,15.967,62.628
98.365,17.263,57.927
98.3823,19.367,51.635
98.4017,15.625,63.998
98.4173,18.911,52.879
98.4362,17.951,55.707
98.4541,16.664,60.009
98.4708,17.828,56.091
98.4886,16.849,59.35
98.5055,15.29,65.401
98.5208,18.736,53.372
98.5395,15.962,62.649
98.5555,15.798,63.299
98.5713,17.47,57.242
98.5887,17.769,56.279
98.6065,17.36,57.605
98.6239,15.978,62.586
98.6398,17.945,55.725
98.6578,17.591,56.848
98.6754,16.549,60.427
98.6919,17.176,58.22
98.7091,17.779,56.245
98.7269,16.841,59.379
98.7437,15.598,64.11
98.7593,16.97,58.928
98.7763,17.107,58.456
98.7934,18.023,55.486
98.8114,16.522,60.524
98.828,14.945,66.913
98.8429,17.748,56.344
98.8606,16.877,59.251
98.8775,17.41,57.437
98.8949,16.549,60.428
98.9115,15.823,63.199
98.9273,17.102,58.474
98.9444,15.516,64.448
98.9599,18.312,54.61
98.9782,16.394,60.996
98.9946,15.88,62.973
99.0105,14.95,66.888
99.0255,16.881,59.237
99.0423,16.131,61.992
99.0585,16.962,58.954
99.0754,17.321,57.733
99.0928,16.404,60.96
99.1092,18.204,54.934
99.1274,18.717,53.427
99.1461,16.769,59.633
99.1628,17.361,57.6
99.1802,17.029,58.723
99.1972,18.083,55.301
99.2153,17.785,56.227
99.2331,16.617,60.179
99.2497,17.649,56.66
99.2674,16.466,60.731
99.2838,17.669,56.596
99.3015,17.417,57.415
99.3189,16.261,61.498
99.3352,17.303,57.794
99.3525,15.993,62.527
99.3685,15.682,63.766
99.3842,17.405,57.455
99.4016,15.193,65.822
99.4168,16.926,59.082
99.4337,17.037,58.695
99.4507,17.685,56.546
99.4684,18.132,55.15
99.4865,17.351,57.632
99.5039,17.499,57.145
99.5214,17.021,58.752
99.5384,18.335,54.54
99.5567,17.543,57.004
99.5743,17.324,57.725
99.5916,16.983,58.881
99.6086,14.915,67.045
99.6235,16.769,59.635
99.6403,17.329,57.705
99.6576,17.192,58.167
99.6748,18.098,55.255
99.6929,18.082,55.303
99.711,17.456,57.286
99.7284,15.447,64.74
99.7439,15.954,62.681
99.7598,17.425,57.39
99.7773,17.862,55.986
99.7951,16.505,60.587
99.8116,16.678,59.961
99.8283,16.044,62.329
99.8444,17.647,56.666
99.862,17.881,55.925
99.8799,17.264,57.922
99.8971,15.961,62.655
99.9131,16.916,59.115
99.93,17.499,57.147
99.9475,17.472,57.235
99.965,18.653,53.611
99.9836,17.516,57.09
100.0012,16.958,58.968
100.0181,17.066,58.596
100.0352,19.115,52.314
100.0543,16.296,61.365
100.0706,17.428,57.379
100.088,15.253,65.561
100.1033,17.837,56.063
100.1211,17.536,57.024
100.1387,17.826,56.097
100.1565,17.151,58.307
100.1736,16.747,59.711
100.1904,16.013,62.449
100.2064,16.24,61.577
100.2226,15.707,63.667
100.2383,16.486,60.658
100.2548,17.591,56.846
100.2724,17.266,57.918
100.2897,19.35,51.681
100.309,16.311,61.309
100.3253,15.778,63.38
100.3411,16.211,61.686
100.3573,16.096,62.128
100.3734,15.304,65.344
100.3887,18.922,52.848
100.4076,17.74,56.371
100.4254,17.008,58.795
100.4424,17.642,56.681
100.46,17.411,57.435
100.4775,16.068,62.236
100.4935,16.396,60.989
100.5099,17.69,56.528
100.5276,16.919,59.106
100.5445,15.708,63.663
100.5602,17.296,57.818
100.5775,16.819,59.458
100.5943,17.828,56.093
100.6122,17.903,55.855
100.6301,17.141,58.338
100.6472,17.503,57.134
100.6647,16.64,60.094
100.6814,17.32,57.736
100.6987,17.365,57.588
100.716,16.801,59.519
100.7328,16.339,61.202
100.7492,17.141,58.34
100.7663,17.336,57.683
100.7837,17.8,56.181
100.8015,16.822,59.446
100.8183,17.406,57.453
100.8357,17.223,58.061
100.8529,17.508,57.115
100.8704,17.331,57.7
100.8878,17.104,58.465
100.9049,17.17,58.24
100.922,16.933,59.056
100.939,17.58,56.884
100.9565,15.994,62.524
100.9725,17.691,56.525
100.9902,16.618,60.176
101.0068,16.633,60.121
101.0235,17.514,57.097
101.041,17.015,58.772
101.058,16.563,60.375
101.0746,16.747,59.711
101.0913,16.33,61.235
101.1076,16.796,59.538
101.1244,18.0,55.556
101.1424,18.309,54.617
101.1608,17.312,57.762
101.1781,17.645,56.673
101.1957,17.644,56.677
101.2134,16.886,59.221
101.2302,17.448,57.313
101.2477,16.599,60.246
101.2643,17.061,58.612
101.2813,16.104,62.098
101.2975,18.163,55.056
101.3156,19.405,51.533
101.335,16.329,61.24
101.3513,16.967,58.939
101.3683,18.119,55.19
101.3864,17.949,55.715
101.4044,16.269,61.468
101.4207,17.855,56.006
101.4385,15.524,64.415
101.454,18.409,54.321
101.4724,17.083,58.538
101.4895,17.804,56.167
101.5073,18.762,53.3
101.5261,17.233,58.029
101.5433,17.637,56.699
101.561,16.584,60.298
101.5775,16.327,61.247
101.5939,16.458,60.763
101.6103,17.645,56.675
101.628,16.511,60.565
101.6445,18.661,53.588
101.6631,18.353,54.486
101.6815,18.825,53.12
101.7003,17.767,56.284
101.7181,44.22,22.614
101.7623,17.645,56.674
101.78,16.821,59.45
101.7968,17.08,58.547
101.8139,17.35,57.636
101.8312,17.322,57.729
101.8485,15.738,63.541
101.8643,16.153,61.907
101.8804,16.492,60.637
101.8969,16.756,59.682
101.9137,17.431,57.37
101.9311,16.502,60.598
101.9476,17.773,56.265
101.9654,14.955,66.869
101.9803,16.676,59.966
101.997,18.169,55.039
102.0152,18.541,53.935
102.0337,18.191,54.972
102.0519,17.332,57.695
102.0692,16.687,59.928
102.0859,19.123,52.293
102.105,16.764,59.653
102.1218,18.636,53.661
102.1404,15.266,65.503
102.1557,17.401,57.467
102.1731,15.318,65.281
102.1884,16.159,61.884
102.2046,17.473,57.23
102.2221,19.071,52.435
102.2411,18.103,55.239
102.2592,17.387,57.515
102.2766,17.646,56.669
102.2943,17.702,56.491
102.312,17.583,56.872
102.3296,17.741,56.367
102.3473,16.96,58.962
102.3643,17.012,58.782
102.3813,17.071,58.579
102.3983,16.676,59.965
102.415,17.707,56.475
102.4327,17.621,56.751
102.4503,16.749,59.704
102.4671,18.43,54.259
102.4855,17.206,58.119
102.5027,17.447,57.315
102.5202,14.509,68.925
102.5347,16.973,58.917
102.5517,17.858,55.996
102.5695,18.218,54.891
102.5877,17.053,58.641
102.6048,16.727,59.785
102.6215,15.686,63.749
102.6372,17.137,58.353
102.6543,18.501,54.051
102.6728,16.43,60.863
102.6893,16.438,60.836
102.7057,16.646,60.074
102.7224,18.935,52.811
102.7413,16.282,61.417
102.7576,15.904,62.879
102.7735,16.127,62.009
102.7896,18.567,53.86
102.8082,17.7,56.498
102.8259,17.702,56.49
102.8436,16.895,59.19
102.8605,17.195,58.157
102.8777,16.894,59.194
102.8946,18.396,54.36
102.913,16.942,59.024
102.9299,17.839,56.056
102.9477,18.594,53.78
102.9663,18.307,54.623
102.9846,18.352,54.491
103.003,18.715,53.433
103.0217,17.952,55.703
103.0397,18.049,55.404
103.0577,18.129,55.159
103.0758,16.775,59.613
103.0926,19.613,50.987
103.1122,18.192,54.97
103.1304,18.881,52.964
103.1493,17.281,57.867
103.1666,17.574,56.903
103.1841,18.839,53.081
103.203,16.686,59.931
103.2197,18.205,54.931
103.2379,16.748,59.707
103.2546,17.394,57.492
103.272,17.866,55.972
103.2899,16.548,60.431
103.3064,17.139,58.348
103.3236,17.512,57.103
103.3411,18.955,52.755
103.36,18.824,53.124
103.3789,15.265,65.507
103.3941,16.621,60.166
103.4107,17.766,56.288
103.4285,18.016,55.507
103.4465,17.5,57.144
103.464,15.886,62.95
103.4799,16.49,60.644
103.4964,17.436,57.353
103.5138,17.735,56.386
103.5316,17.176,58.222
103.5488,17.619,56.755
103.5664,17.163,58.264
103.5835,16.982,58.884
103.6005,18.29,54.673
103.6188,17.834,56.072
103.6366,17.137,58.354
103.6538,17.71,56.466
103.6715,18.456,54.183
103.6899,17.364,57.591
103.7073,17.105,58.463
103.7244,16.693,59.906
103.7411,17.427,57.383
103.7585,17.495,57.16
103.776,17.568,56.921
103.7936,17.224,58.06
103.8108,17.923,55.795
103.8287,16.634,60.119
103.8454,18.573,53.84
103.8639,18.163,55.058
103.8821,17.321,57.733
103.8994,16.547,60.436
103.916,16.329,61.241
103.9323,17.777,56.251
103.9501,16.984,58.879
103.9671,17.073,58.573
103.9841,17.322,57.729
104.0015,17.13,58.378
104.0186,16.252,61.53
104.0348,17.203,58.13
104.052,18.827,53.115
104.0709,16.975,58.911
104.0879,15.768,63.419
104.1036,16.55,60.423
104.1202,17.417,57.417
104.1376,17.122,58.403
104.1547,16.979,58.896
104.1717,16.899,59.176
104.1886,17.106,58.46
104.2057,17.333,57.692
104.223,18.994,52.647
104.242,15.809,63.254
104.2578,18.452,54.196
104.2763,17.062,58.61
104.2933,17.429,57.377
104.3108,17.784,56.231
104.3286,18.632,53.672
104.3472,18.638,53.654
104.3658,56.086,17.83
104.4219,17.093,58.503
104.439,17.291,57.834
104.4563,17.479,57.212
104.4738,17.482,57.2
104.4913,18.06,55.37
104.5093,17.907,55.845
104.5272,17.465,57.257
104.5447,16.9,59.173
104.5616,17.533,57.035
104.5791,16.202,61.721
104.5953,18.062,55.365
104.6134,18.214,54.903
104.6316,17.631,56.719
104.6492,16.479,60.683
104.6657,17.359,57.608
104.6831,16.637,60.105
104.6997,18.257,54.774
104.718,18.286,54.685
104.7362,18.82,53.136
104.7551,18.0,55.555
104.7731,16.801,59.519
104.7899,17.547,56.99
104.8074,18.449,54.202
104.8259,17.344,57.656
104.8432,17.796,56.191
104.861,17.655,56.64
104.8787,18.952,52.766
104.8976,16.991,58.855
104.9146,18.178,55.011
104.9328,19.121,52.3
104.9519,17.716,56.447
104.9696,18.406,54.329
104.988,16.183,61.793
105.0042,16.223,61.64
105.0204,17.439,57.342
105.0379,17.774,56.261
105.0556,16.607,60.214
105.0723,16.091,62.145
105.0883,18.008,55.532
105.1063,17.206,58.12
105.1236,17.23,58.037
105.1408,18.422,54.283
105.1592,18.477,54.12
105.1777,17.418,57.41
105.1951,18.555,53.894
105.2137,17.367,57.581
105.231,17.777,56.251
105.2488,16.78,59.594
105.2656,17.594,56.837
105.2832,19.513,51.249
105.3027,17.871,55.955
105.3206,18.6,53.762
105.3392,17.416,57.419
105.3566,18.081,55.306
105.3747,17.368,57.578
105.392,19.355,51.666
105.4114,17.821,56.114
105.4292,17.031,58.715
105.4462,17.725,56.417
105.464,17.368,57.576
105.4813,16.967,58.939
105.4983,17.828,56.092
105.5161,18.941,52.796
105.5351,17.409,57.441
105.5525,19.562,51.119
105.572,18.324,54.574
105.5904,16.961,58.96
105.6073,17.124,58.396
105.6244,17.221,58.068
105.6417,15.92,62.815
105.6576,16.741,59.732
105.6743,16.686,59.932
105.691,16.422,60.894
105.7074,16.701,59.877
105.7241,16.497,60.617
105.7406,18.545,53.922
105.7592,17.783,56.233
105.777,16.423,60.889
105.7934,18.522,53.989
105.8119,17.542,57.005
105.8294,16.58,60.313
105.846,16.404,60.959
105.8624,18.229,54.859
105.8807,18.138,55.133
105.8988,17.318,57.744
105.9161,16.737,59.749
105.9329,17.309,57.774
105.9502,18.562,53.873
105.9687,18.097,55.259
105.9868,16.645,60.078
106.0035,18.058,55.376
106.0215,18.35,54.496
106.0399,17.509,57.114
106.0574,16.323,61.263
106.0737,17.075,58.566
106.0908,17.279,57.875
106.1081,18.634,53.665
106.1267,18.326,54.568
106.145,18.327,54.564
106.1633,18.331,54.552
106.1817,17.321,57.735
106.199,16.415,60.921
106.2154,17.476,57.22
106.2329,15.768,63.42
106.2487,18.529,53.968
106.2672,16.333,61.225
106.2835,18.575,53.837
106.3021,18.094,55.266
106.3202,16.553,60.41
106.3367,17.739,56.373
106.3545,17.594,56.838
106.3721,17.739,56.374
106.3898,18.874,52.984
106.4087,16.196,61.744
106.4249,17.113,58.436
106.442,16.449,60.796
106.4584,16.3,61.349
106.4747,16.363,61.115
106.4911,17.938,55.748
106.509,18.022,55.489
106.5271,15.646,63.913
106.5427,17.265,57.92
106.56,17.544,56.998
106.5775,15.309,65.32
106.5928,18.357,54.474
106.6112,17.643,56.68
106.6288,18.243,54.815
106.6471,14.984,66.74
106.6621,15.94,62.736
106.678,17.293,57.828
106.6953,15.826,63.186
106.7111,17.885,55.911
106.729,17.095,58.495
106.7461,18.574,53.837
106.7647,16.774,59.615
106.7814,16.801,59.519
106.7982,18.016,55.508
106.8163,19.032,52.544
106.8353,17.903,55.858
106.8532,16.489,60.648
106.8697,17.536,57.026
106.8872,16.113,62.061
106.9033,18.144,55.114
106.9215,16.381,61.045
106.9379,18.284,54.691
106.9561,15.795,63.312
106.9719,16.747,59.712
106.9887,18.015,55.509
107.0067,16.862,59.304
107.0236,17.312,57.764
107.0409,18.268,54.741
107.0591,15.553,64.297
107.0747,15.875,62.99
107.0906,18.17,55.036
107.1087,18.422,54.282
107.1272,16.859,59.315
107.144,16.123,62.022
107.1601,18.007,55.533
107.1782,17.307,57.779
107.1955,18.074,55.329
107.2135,15.768,63.419
107.2293,17.665,56.609
107.247,17.656,56.637
107.2646,17.698,56.504
107.2823,16.144,61.942
107.2985,17.225,58.054
107.3157,18.874,52.984
107.3346,16.454,60.776
107.351,18.635,53.663
107.3697,15.37,65.06
107.385,15.18,65.876
107.4002,17.984,55.606
107.4182,16.77,59.63
107.435,17.968,55.654
107.4529,15.943,62.725
107.4689,17.541,57.009
107.4864,16.347,61.172
107.5028,16.008,62.469
107.5188,18.312,54.609
107.5371,16.397,60.988
107.5535,17.233,58.028
107.5707,17.769,56.277
107.5885,15.676,63.791
107.6042,16.707,59.856
107.6209,16.873,59.267
107.6377,17.211,58.103
107.6549,15.474,64.624
107.6704,17.092,58.506
107.6875,16.015,62.441
107.7035,19.345,51.694
107.7229,15.319,65.281
107.7382,16.834,59.404
107.755,18.269,54.737
107.7733,16.864,59.3
107.7902,16.706,59.858
107.8069,16.858,59.319
107.8237,18.334,54.543
107.8421,17.571,56.911
107.8596,17.151,58.304
107.8768,16.933,59.055
107.8937,16.552,60.417
107.9103,17.199,58.142
107.9275,18.978,52.691
107.9464,15.744,63.516
107.9622,15.499,64.519
107.9777,17.491,57.172
107.9952,16.527,60.507
108.0117,18.462,54.165
108.0302,16.537,60.471
108.0467,17.494,57.161
108.0642,17.386,57.517
108.0816,18.845,53.063
108.1004,17.215,58.09
108.1176,17.304,57.792
108.1349,17.376,57.552
108.1523,17.028,58.728
108.1693,15.439,64.773
108.1848,18.512,54.019
108.2033,16.392,61.004
108.2197,15.967,62.631
108.2357,17.628,56.728
108.2533,17.161,58.272
108.2704,17.656,56.637
108.2881,15.984,62.564
108.3041,17.051,58.647
108.3211,15.481,64.594
108.3366,17.405,57.456
108.354,16.103,62.098
108.3701,14.937,66.946
108.3851,18.291,54.671
108.4034,17.482,57.2
108.4208,18.042,55.426
108.4389,18.044,55.419
108.4569,16.319,61.278
108.4732,17.146,58.324
108.4904,16.073,62.216
108.5065,17.187,58.184
108.5236,16.76,59.664
108.5404,16.746,59.715
108.5572,16.24,61.577
108.5734,16.58,60.315
108.59,16.897,59.183
108.6069,16.37,61.087
108.6232,16.049,62.31
108.6393,16.873,59.268
108.6562,17.608,56.793
108.6738,17.739,56.372
108.6915,15.273,65.473
108.7068,16.747,59.71
108.7235,17.69,56.528
108.7412,15.146,66.024
108.7564,15.573,64.214
108.7719,16.737,59.747
108.7887,16.506,60.585
108.8052,17.292,57.832
108.8225,15.184,65.858
108.8377,16.024,62.407
108.8537,18.681,53.53
108.8724,17.598,56.824
108.89,16.537,60.471
108.9065,16.985,58.876
108.9235,15.889,62.935
108.9394,17.016,58.767
108.9564,16.126,62.012
108.9725,15.723,63.6
108.9882,16.805,59.507
109.005,16.632,60.125
109.0217,17.476,57.221
109.0391,16.15,61.921
109.0553,17.53,57.046
109.0728,16.38,61.05
109.0892,17.062,58.61
109.1063,16.894,59.194
109.1232,16.664,60.01
109.1398,15.372,65.052
109.1552,15.882,62.965
109.1711,18.8,53.192
109.1899,15.705,63.673
109.2056,17.754,56.326
109.2233,16.16,61.881
109.2395,15.947,62.706
109.2554,16.605,60.223
109.2721,16.558,60.393
109.2886,16.817,59.465
109.3054,17.864,55.98
109.3233,17.749,56.341
109.341,16.387,61.025
109.3574,16.372,61.078
109.3738,14.898,67.123
109.3887,16.502,60.599
109.4052,15.362,65.098
109.4206,16.299,61.355
109.4369,16.148,61.927
109.453,16.231,61.61
109.4692,15.629,63.982
109.4849,16.166,61.857
109.501,17.673,56.582
109.5187,16.461,60.75
109.5352,14.839,67.39
109.55,16.807,59.498
109.5668,15.315,65.297
109.5821,16.168,61.85
109.5983,15.019,66.581
109.6133,16.023,62.411
109.6293,16.708,59.851
109.646,14.861,67.291
109.6609,16.644,60.08
109.6776,15.424,64.833
109.693,18.013,55.515
109.711,17.247,57.981
109.7282,16.061,62.262
109.7443,15.681,63.773
109.76,17.261,57.936
109.7772,16.322,61.266
109.7936,17.446,57.32
109.811,15.279,65.45
109.8263,15.555,64.287
109.8418,16.068,62.236
109.8579,16.014,62.444
109.8739,17.001,58.819
109.8909,15.996,62.518
109.9069,17.024,58.742
109.9239,17.009,58.792
109.941,15.043,66.476
109.956,16.398,60.983
109.9724,15.478,64.608
109.9879,17.862,55.986
110.0057,16.976,58.906
110.0227,16.046,62.321
110.0388,15.777,63.382
110.0545,17.852,56.017
110.0724,15.958,62.664
110.0883,15.576,64.203
110.1039,17.437,57.348
110.1214,15.617,64.031
110.137,15.355,65.124
110.1523,16.514,60.554
110.1688,16.111,62.069
110.185,14.972,66.792
110.1999,16.293,61.377
110.2162,17.277,57.88
110.2335,15.897,62.904
110.2494,13.965,71.609
110.2634,15.804,63.274
110.2792,17.251,57.968
110.2964,16.535,60.479
110.3129,15.19,65.835
110.3281,17.933,55.762
110.3461,14.61,68.444
110.3607,15.974,62.601
110.3767,17.0,58.823
110.3937,17.007,58.8
110.4107,17.735,56.385
110.4284,14.647,68.273
110.443,14.062,71.112
110.4571,14.87,67.25
110.472,15.157,65.977
110.4871,16.161,61.877
110.5033,16.203,61.718
110.5195,15.709,63.657
110.5352,16.94,59.033
110.5521,15.908,62.863
110.5681,13.936,71.756
110.582,14.645,68.281
110.5966,17.006,58.804
110.6136,17.046,58.665
110.6307,16.926,59.08
110.6476,15.491,64.552
110.6631,16.059,62.269
110.6792,15.819,63.215
110.695,16.129,62.0
110.7111,15.963,62.643
110.7271,17.04,58.687
110.7441,15.466,64.657
110.7596,15.989,62.541
110.7756,16.031,62.38
110.7916,16.16,61.883
110.8078,15.527,64.402
110.8233,15.351,65.144
110.8386,15.815,63.233
110.8545,15.097,66.239
110.8696,15.248,65.582
110.8848,17.983,55.607
110.9028,17.78,56.242
110.9206,16.006,62.475
110.9366,15.381,65.016
110.952,15.347,65.158
110.9673,16.792,59.551
110.9841,16.138,61.964
111.0002,16.728,59.78
111.017,14.925,67.0
111.0319,16.033,62.371
111.0479,16.106,62.089
111.064,16.188,61.776
111.0802,15.032,66.525
111.0952,14.906,67.086
111.1101,16.775,59.613
111.1269,15.687,63.746
111.1426,15.918,62.822
111.1585,14.872,67.241
111.1734,13.97,71.583
111.1874,16.761,59.661
111.2041,16.097,62.122
111.2202,15.494,64.543
111.2357,14.367,69.606
111.2501,14.841,67.38
111.2649,15.707,63.668
111.2806,16.013,62.451
111.2966,15.266,65.507
111.3119,15.734,63.557
111.3276,16.948,59.004
111.3446,14.534,68.803
111.3591,14.722,67.926
111.3739,17.06,58.617
111.3909,16.156,61.898
111.4071,17.021,58.752
111.4241,14.704,68.011
111.4388,15.469,64.647
111.4543,15.623,64.01
111.4699,15.675,63.798
111.4856,17.149,58.312
111.5027,14.848,67.348
111.5176,15.495,64.536
111.533,15.929,62.78
111.549,14.513,68.903
111.5635,16.796,59.538
111.5803,14.824,67.456
111.5951,16.037,62.355
111.6111,16.215,61.671
111.6274,15.172,65.912
111.6425,16.925,59.085
111.6595,16.449,60.793
111.6759,14.972,66.793
111.6909,15.472,64.633
111.7064,16.197,61.738
111.7226,14.999,66.669
111.7375,14.729,67.895
111.7523,16.825,59.435
111.7691,15.505,64.496
111.7846,16.271,61.461
111.8009,14.787,67.629
111.8157,16.413,60.928
111.8321,13.887,72.009
111.846,16.273,61.452
111.8622,15.466,64.657
111.8777,15.679,63.779
111.8934,15.906,62.869
111.9093,16.904,59.157
111.9262,14.457,69.17
111.9407,15.821,63.207
111.9565,15.567,64.239
111.972,17.203,58.131
111.9892,15.553,64.297
112.0048,16.231,61.61
112.021,16.566,60.365
112.0376,15.796,63.308
112.0534,13.589,73.588
112.067,15.497,64.529
112.0825,15.738,63.541
112.0982,14.999,66.67
112.1132,15.923,62.804
112.1291,15.642,63.93
112.1448,14.139,70.726
112.1589,17.235,58.021
112.1761,15.588,64.153
112.1917,15.032,66.523
112.2068,16.143,61.945
112.2229,16.391,61.01
112.2393,15.617,64.032
112.2549,14.241,70.219
112.2692,17.481,57.205
112.2866,15.86,63.05
112.3025,15.944,62.72
112.3184,14.586,68.557
112.333,14.637,68.319
112.3477,15.657,63.868
112.3633,14.749,67.8
112.3781,14.878,67.213
112.393,15.869,63.014
112.4088,13.69,73.046
112.4225,14.71,67.98
112.4372,15.631,63.977
112.4529,16.118,62.041
112.469,15.364,65.089
112.4843,13.516,73.986
112.4979,16.388,61.019
112.5142,15.681,63.772
112.5299,15.488,64.566
112.5454,14.481,69.057
112.5599,13.455,74.321
112.5733,15.698,63.701
112.589,15.31,65.317
112.6044,16.616,60.183
112.621,15.016,66.596
112.636,15.317,65.286
112.6513,14.96,66.845
112.6663,15.853,63.078
112.6821,15.233,65.648
112.6974,16.085,62.169
112.7134,14.931,66.975
112.7284,15.496,64.531
112.7439,14.432,69.293
112.7583,16.44,60.827
112.7747,14.675,68.145
112.7894,14.875,67.226
112.8043,16.26,61.502
112.8205,16.899,59.176
112.8374,16.692,59.908
112.8541,15.28,65.447
112.8694,14.207,70.385
112.8836,15.717,63.626
112.8993,17.013,58.778
112.9164,15.428,64.817
112.9318,15.123,66.126
112.9469,13.5,74.076
112.9604,15.84,63.13
112.9762,14.703,68.015
112.9909,15.313,65.302
113.0063,17.347,57.648
113.0236,14.312,69.872
113.0379,12.644,79.087
113.0506,14.57,68.635
113.0651,14.035,71.252
113.0792,14.947,66.902
113.0941,13.847,72.219
113.108,15.328,65.241
113.1233,16.756,59.68
113.14,15.004,66.65
113.155,15.702,63.687
113.1707,14.599,68.499
113.1853,16.079,62.191
113.2014,16.703,59.868
113.2181,14.947,66.902
113.2331,13.898,71.955
113.247,15.992,62.532
113.263,15.24,65.619
113.2782,15.17,65.921
113.2934,14.142,70.711
113.3075,15.588,64.151
113.3231,14.633,68.341
113.3377,15.285,65.423
113.353,16.714,59.829
113.3697,15.076,66.332
113.3848,15.017,66.591
113.3998,14.115,70.846
113.4139,14.662,68.204
113.4286,14.755,67.771
113.4434,15.419,64.854
113.4588,14.903,67.101
113.4737,15.664,63.84
113.4894,14.998,66.674
113.5043,15.252,65.564
113.5196,15.259,65.534
113.5349,15.392,64.971
113.5503,15.175,65.896
113.5654,16.307,61.323
113.5817,16.603,60.231
113.5983,14.482,69.051
113.6128,14.84,67.384
113.6277,15.739,63.536
113.6434,14.127,70.788
113.6575,16.619,60.173
113.6741,14.976,66.773
113.6891,14.659,68.218
113.7038,14.619,68.405
113.7184,16.214,61.676
113.7346,14.957,66.858
113.7496,13.155,76.015
113.7627,13.897,71.956
113.7766,15.203,65.777
113.7918,16.311,61.31
113.8081,15.153,65.994
113.8233,15.938,62.742
113.8392,15.086,66.288
113.8543,15.953,62.683
113.8703,15.574,64.211
113.8858,15.189,65.836
113.901,15.272,65.479
113.9163,13.474,74.214
113.9298,14.941,66.928
113.9447,15.647,63.909
113.9604,15.411,64.889
113.9758,14.263,70.113
113.99,13.726,72.857
114.0038,15.039,66.495
114.0188,14.796,67.587
114.0336,14.639,68.31
114.0482,13.556,73.768
114.0618,16.236,61.591
114.078,13.455,74.319
114.0915,14.463,69.141
114.1059,15.069,66.362
114.121,15.176,65.894
114.1362,14.778,67.67
114.151,15.748,63.5
114.1667,14.501,68.963
114.1812,15.637,63.951
114.1969,14.853,67.326
114.2117,14.769,67.71
114.2265,13.057,76.587
114.2395,15.61,64.061
114.2551,15.335,65.209
114.2705,15.099,66.23
114.2856,15.697,63.707
114.3013,16.368,61.095
114.3176,16.194,61.75
114.3338,15.472,64.631
114.3493,15.622,64.01
114.3649,13.386,74.705
114.3783,14.655,68.235
114.393,15.996,62.517
114.409,14.863,67.281
114.4238,16.566,60.366
114.4404,15.257,65.542
114.4557,15.081,66.311
114.4707,15.12,66.137
114.4859,14.95,66.89
114.5008,15.006,66.641
114.5158,15.14,66.049
114.531,14.173,70.559
114.5451,15.276,65.46
114.5604,14.096,70.944
114.5745,15.124,66.118
114.5896,13.276,75.322
114.6029,15.059,66.406
114.618,14.366,69.608
114.6323,15.255,65.554
114.6476,14.503,68.953
114.6621,13.681,73.091
114.6758,15.036,66.509
114.6908,13.651,73.254
114.7044,13.528,73.921
114.718,16.144,61.943
114.7341,14.251,70.173
114.7484,15.904,62.877
114.7643,15.087,66.284
114.7794,14.233,70.259
114.7936,14.859,67.301
114.8085,12.903,77.503
114.8214,14.538,68.783
114.8359,13.374,74.771
114.8493,14.119,70.826
114.8634,15.895,62.912
114.8793,14.798,67.575
114.8941,14.956,66.863
114.909,14.949,66.894
114.924,14.239,70.229
114.9382,12.96,77.158
114.9512,15.2,65.791
114.9664,15.021,66.572
114.9814,14.617,68.414
114.996,15.615,64.041
115.0116,13.66,73.204
115.0253,14.653,68.244
115.04,15.961,62.654
115.0559,14.168,70.584
115.0701,14.937,66.947
115.085,16.893,59.197
115.1019,15.932,62.768
115.1178,15.13,66.092
115.133,15.259,65.537
115.1482,13.524,73.943
115.1618,14.883,67.19
115.1766,13.615,73.451
115.1903,14.264,70.104
115.2045,14.756,67.771
115.2193,14.664,68.195
115.2339,25.811,38.743
115.2597,15.221,65.7
115.275,15.063,66.386
115.29,15.9,62.895
115.3059,15.208,65.756
115.3211,15.593,64.13
115.3367,15.654,63.882
115.3524,14.527,68.839
115.3669,16.16,61.88
115.3831,15.612,64.054
115.3987,15.893,62.923
115.4146,16.408,60.945
115.431,13.955,71.659
115.4449,16.167,61.854
115.4611,14.427,69.315
115.4755,15.839,63.134
115.4914,15.125,66.118
115.5065,14.746,67.817
115.5212,14.252,70.167
115.5355,14.205,70.399
115.5497,14.655,68.238
115.5644,14.914,67.053
115.5793,13.506,74.039
115.5928,14.169,70.577
115.6069,13.259,75.421
115.6202,15.814,63.233
115.636,16.165,61.863
115.6522,16.215,61.672
115.6684,14.871,67.245
115.6833,16.483,60.67
115.6998,14.446,69.224
115.7142,14.062,71.116
115.7283,13.548,73.809
115.7418,12.953,77.205
115.7548,15.023,66.563
115.7698,14.71,67.982
115.7845,13.636,73.334
115.7981,15.848,63.1
115.814,15.68,63.775
115.8297,13.728,72.844
115.8434,13.801,72.456
115.8572,15.169,65.922
115.8724,16.126,62.01
115.8885,14.519,68.877
115.903,14.38,69.541
115.9174,12.871,77.692
115.9303,13.914,71.868
115.9442,14.785,67.634
115.959,14.121,70.814
115.9731,15.581,64.18
115.9887,14.182,70.51
116.0028,15.436,64.785
116.0183,15.285,65.424
116.0336,14.553,68.717
116.0481,15.46,64.683
116.0636,14.35,69.687
116.0779,14.722,67.924
116.0926,15.441,64.764
116.1081,14.116,70.84
116.1222,15.726,63.589
116.1379,15.284,65.427
116.1532,13.12,76.218
116.1663,15.042,66.481
116.1814,14.216,70.341
116.1956,14.418,69.359
116.21,14.076,71.042
116.2241,14.551,68.723
116.2386,15.364,65.087
116.254,16.134,61.981
116.2701,16.279,61.43
116.2864,14.044,71.205
116.3005,16.741,59.732
116.3172,15.148,66.016
116.3323,13.902,71.93
116.3462,15.127,66.108
116.3614,14.864,67.278
116.3762,14.487,69.028
116.3907,16.373,61.077
116.4071,14.034,71.257
116.4211,14.853,67.326
116.436,14.018,71.338
116.45,14.431,69.295
116.4644,15.317,65.289
116.4797,13.597,73.548
116.4933,14.658,68.22
116.508,15.225,65.681
116.5232,12.594,79.404
116.5358,13.676,73.12
116.5495,15.168,65.927
116.5647,14.18,70.521
116.5788,15.472,64.632
116.5943,15.871,63.008
116.6102,15.688,63.742
116.6259,15.012,66.612
116.6409,14.914,67.049
116.6558,14.564,68.663
116.6704,15.176,65.895
116.6855,15.524,64.416
116.7011,14.223,70.306
116.7153,14.192,70.463
116.7295,14.19,70.473
116.7437,15.42,64.85
116.7591,15.444,64.751
116.7745,15.553,64.296
116.7901,15.455,64.703
116.8055,15.362,65.094
116.8209,14.338,69.746
116.8352,14.841,67.382
116.8501,14.656,68.231
116.8647,14.429,69.304
116.8792,15.363,65.093
116.8945,15.199,65.796
116.9097,15.355,65.126
116.9251,14.703,68.016
116.9398,14.327,69.799
116.9541,14.931,66.974
116.969,13.866,72.119
116.9829,16.158,61.888
116.9991,15.228,65.67
117.0143,15.026,66.551
117.0293,14.879,67.207
117.0442,15.254,65.557
117.0595,14.01,71.378
117.0735,15.102,66.217
117.0886,14.132,70.759
117.1027,14.212,70.364
117.1169,15.318,65.282
117.1322,17.563,56.936
117.1498,14.723,67.919
117.1645,15.182,65.869
117.1797,13.643,73.298
117.1933,16.212,61.683
117.2096,14.873,67.238
117.2244,14.871,67.247
117.2393,14.743,67.829
117.254,13.697,73.006
117.2677,15.662,63.851
117.2834,14.314,69.864
117.2977,16.237,61.587
117.314,16.405,60.957
117.3304,15.534,64.374
117.3459,14.031,71.272
117.3599,15.808,63.259
117.3757,14.26,70.124
117.39,14.873,67.235
117.4049,15.932,62.767
117.4208,14.215,70.35
117.435,15.091,66.265
117.4501,16.097,62.124
117.4662,16.322,61.267
117.4825,15.264,65.512
117.4978,18.97,52.715
117.5168,16.169,61.848
117.5329,15.779,63.374
117.5487,15.298,65.37
117.564,15.301,65.355
117.5793,12.91,77.46
117.5922,12.818,78.017
117.605,15.252,65.567
117.6203,14.718,67.944
117.635,14.775,67.68
117.6498,16.057,62.279
117.6658,16.298,61.358
117.6821,14.35,69.685
117.6965,14.733,67.875
117.7112,16.089,62.154
117.7273,15.661,63.853
117.743,17.596,56.831
117.7606,15.597,64.114
117.7762,16.28,61.426
117.7924,14.45,69.205
117.8069,14.978,66.764
117.8219,14.36,69.638
117.8362,15.708,63.662
117.8519,16.911,59.133
117.8688,16.673,59.977
117.8855,15.237,65.628
117.9008,15.614,64.047
117.9164,16.368,61.094
117.9327,14.713,67.969
117.9474,15.374,65.044
117.9628,15.587,64.155
117.9784,14.857,67.306
117.9933,14.682,68.112
118.0079,15.187,65.846
118.0231,15.045,66.467
118.0382,14.854,67.32
118.053,16.756,59.68
118.0698,16.596,60.255
118.0864,15.208,65.757
118.1016,17.379,57.539
118.119,15.209,65.75
118.1342,14.927,66.991
118.1491,14.61,68.447
118.1637,15.617,64.034
118.1793,14.554,68.708
118.1939,15.507,64.487
118.2094,13.632,73.355
118.223,16.89,59.208
118.2399,15.699,63.699
118.2556,14.996,66.683
118.2706,15.079,66.319
118.2857,15.018,66.586
118.3007,15.904,62.877
118.3166,14.318,69.843
118.3309,16.08,62.19
118.347,13.845,72.23
118.3609,14.825,67.452
118.3757,13.841,72.251
118.3895,15.408,64.903
118.4049,17.924,55.79
118.4229,15.275,65.466
118.4381,16.164,61.867
118.4543,15.246,65.591
118.4695,15.242,65.609
118.4848,16.999,58.828
118.5018,15.059,66.406
118.5168,14.99,66.711
118.5318,15.981,62.576
118.5478,15.861,63.046
118.5637,15.799,63.294
118.5795,14.817,67.49
118.5943,14.923,67.009
118.6092,16.129,62.002
118.6253,17.202,58.131
118.6425,16.428,60.871
118.659,14.608,68.458
118.6736,15.807,63.261
118.6894,15.981,62.573
118.7054,17.763,56.297
118.7231,13.938,71.746
118.7371,15.034,66.515
118.7521,14.667,68.182
118.7668,16.294,61.372
118.7831,14.414,69.378
118.7975,15.449,64.728
118.8129,15.995,62.521
118.8289,15.707,63.665
118.8446,17.395,57.488
118.862,14.777,67.673
118.8768,15.07,66.355
118.8919,15.322,65.265
118.9072,15.34,65.19
118.9225,14.968,66.811
118.9375,14.031,71.271
118.9515,15.246,65.593
118.9668,16.497,60.618
118.9833,16.716,59.822
119.0,16.063,62.257
119.0161,15.619,64.025
119.0317,14.902,67.105
119.0466,15.512,64.466
119.0621,13.929,71.795
119.076,15.639,63.942
119.0917,16.592,60.269
119.1082,15.956,62.673
119.1242,15.79,63.332
119.14,16.668,59.995
119.1567,14.44,69.254
119.1711,16.052,62.299
119.1872,15.087,66.281
119.2022,45.66,21.901
119.2479,15.724,63.597
119.2636,15.907,62.864
119.2795,14.405,69.419
119.2939,15.916,62.83
119.3099,15.925,62.795
119.3258,16.627,60.142
119.3424,15.191,65.829
119.3576,16.548,60.429
119.3741,15.751,63.488
119.3899,16.333,61.224
119.4062,16.278,61.433
119.4225,16.384,61.036
119.4389,14.907,67.081
119.4538,17.04,58.687
119.4708,15.231,65.655
119.4861,15.981,62.574
119.502,14.363,69.624
119.5164,17.512,57.105
119.5339,15.345,65.167
119.5493,15.453,64.711
119.5647,15.376,65.037
119.5801,15.57,64.228
119.5957,14.46,69.155
119.6101,16.45,60.79
119.6266,15.739,63.536
119.6423,16.398,60.981
119.6587,16.387,61.024
119.6751,15.66,63.857
119.6908,15.289,65.405
119.7061,15.358,65.114
119.7214,14.331,69.78
119.7357,15.335,65.211
119.7511,14.317,69.848
119.7654,15.227,65.674
119.7806,16.356,61.139
119.797,16.21,61.689
119.8132,16.865,59.295
119.83,14.729,67.891
119.8448,15.971,62.612
119.8607,16.59,60.277
119.8773,16.17,61.845
119.8935,14.499,68.969
119.908,16.391,61.008
119.9244,15.221,65.7
119.9396,15.277,65.456
119.9549,15.218,65.71
119.9701,15.128,66.102
119.9852,13.957,71.65
119.9992,15.306,65.335
120.0145,17.005,58.807
120.0315,16.871,59.275
120.0484,42.442,23.562
120.0908,16.285,61.407
120.1071,15.863,63.04
120.123,17.282,57.863
120.1403,15.029,66.539
120.1553,14.545,68.754
120.1698,16.06,62.267
120.1859,17.26,57.937
120.2031,15.064,66.381
120.2182,16.86,59.313
120.2351,16.277,61.437
120.2513,15.604,64.088
120.267,16.387,61.024
120.2833,16.146,61.936
120.2995,15.455,64.706
120.3149,17.356,57.616
120.3323,15.574,64.211
120.3479,15.292,65.393
120.3632,14.244,70.205
120.3774,15.188,65.841
120.3926,14.636,68.324
120.4072,16.185,61.784
120.4234,16.014,62.444
120.4394,15.758,63.46
120.4552,17.001,58.821
120.4722,14.192,70.46
120.4864,15.641,63.936
120.502,14.91,67.071
120.5169,15.612,64.054
120.5325,17.105,58.461
120.5496,14.42,69.346
120.5641,45.188,22.13
120.6093,15.136,66.067
120.6244,16.667,59.999
120.6411,15.391,64.974
120.6564,16.305,61.33
120.6728,17.443,57.329
120.6902,15.882,62.966
120.7061,15.882,62.963
120.722,15.867,63.022
120.7378,16.188,61.775
120.754,15.982,62.57
120.77,18.149,55.099
120.7881,15.868,63.022
120.804,16.129,62.001
120.8201,14.941,66.932
120.8351,15.873,63.001
120.851,14.773,67.69
120.8657,14.934,66.963
120.8807,33.713,29.663
120.9144,14.57,68.634
120.9289,15.572,64.217
120.9445,15.04,66.49
120.9596,17.253,57.959
120.9768,14.85,67.34
120.9917,16.932,59.059
121.0086,15.926,62.789
121.0245,14.85,67.339
121.0394,15.611,64.056
121.055,16.981,58.889
121.072,17.313,57.76
121.0893,16.302,61.342
121.1056,17.765,56.289
121.1233,15.668,63.825
121.139,16.786,59.574
121.1558,16.553,60.413
121.1724,16.114,62.057
121.1885,16.499,60.611
121.205,16.867,59.289
121.2218,16.096,62.129
121.2379,14.828,67.441
121.2528,15.412,64.883
121.2682,16.834,59.402
121.285,17.316,57.751
121.3023,16.974,58.915
121.3193,14.382,69.532
121.3337,16.939,59.036
121.3506,16.319,61.278
121.3669,15.53,64.391
121.3825,16.521,60.529
121.399,16.682,59.947
121.4157,14.104,70.904
121.4298,17.157,58.286
121.4469,15.814,63.235
121.4627,16.646,60.076
121.4794,16.449,60.795
121.4958,15.544,64.335
121.5114,15.956,62.673
121.5273,17.338,57.675
121.5447,15.956,62.673
121.5606,17.285,57.853
121.5779,17.016,58.77
121.5949,16.902,59.166
121.6118,16.411,60.936
121.6282,16.755,59.685
121.645,16.588,60.285
121.6616,16.072,62.219
121.6777,16.705,59.862
121.6944,16.149,61.925
121.7105,15.471,64.636
121.726,16.812,59.482
121.7428,14.595,68.516
121.7574,18.768,53.282
121.7762,16.942,59.025
121.7931,15.019,66.584
121.8081,14.427,69.314
121.8225,15.511,64.47
121.8381,15.989,62.543
121.854,16.449,60.794
121.8705,17.133,58.367
121.8876,16.311,61.308
121.9039,16.622,60.163
121.9206,16.472,60.71
121.937,15.393,64.964
121.9524,16.4,60.977
121.9688,17.31,57.771
121.9861,17.524,57.064
122.0037,16.943,59.021
122.0206,17.316,57.749
122.0379,16.008,62.468
122.0539,17.972,55.643
122.0719,13.894,71.976
122.0858,16.12,62.036
122.1019,15.036,66.506
122.1169,17.096,58.492
122.134,16.173,61.832
122.1502,16.761,59.663
122.167,15.64,63.939
122.1826,15.773,63.398
122.1984,16.069,62.232
122.2145,15.518,64.443
122.23,15.683,63.762
122.2457,18.093,55.269
122.2637,17.255,57.955
122.281,16.728,59.781
122.2977,15.725,63.595
122.3135,16.345,61.179
122.3298,15.434,64.792
122.3452,16.057,62.276
122.3613,14.998,66.675
122.3763,16.976,58.908
122.3933,16.717,59.818
122.41,15.287,65.416
122.4253,14.905,67.092
122.4402,16.821,59.45
122.457,14.329,69.787
122.4713,17.075,58.565
122.4884,16.413,60.927
122.5048,17.003,58.812
122.5218,16.407,60.948
122.5382,15.767,63.424
122.554,16.452,60.784
122.5704,16.645,60.077
122.5871,15.341,65.187
122.6024,17.324,57.723
122.6198,15.764,63.436
122.6355,15.372,65.051
122.6509,14.882,67.196
122.6658,16.007,62.471
122.6818,16.606,60.218
122.6984,15.678,63.782
122.7141,17.072,58.575
122.7311,16.318,61.28
122.7475,16.882,59.235
122.7643,16.827,59.429
122.7812,15.68,63.776
122.7968,16.987,58.869
122.8138,16.439,60.83
122.8303,16.196,61.744
122.8465,16.359,61.129
122.8628,16.227,61.627
122.8791,16.094,62.137
122.8951,15.852,63.085
122.911,17.462,57.266
122.9285,15.93,62.773
122.9444,14.664,68.194
122.9591,27.647,36.17
122.9867,15.484,64.585
123.0022,17.32,57.738
123.0195,16.255,61.52
123.0358,16.574,60.335
123.0523,16.36,61.126
123.0687,16.335,61.22
123.085,17.82,56.116
123.1028,17.445,57.321
123.1203,16.215,61.673
123.1365,17.336,57.682
123.1538,17.937,55.75
123.1718,15.895,62.914
123.1877,17.385,57.522
123.2051,16.093,62.14
123.2212,15.521,64.427
123.2367,16.732,59.764
123.2534,16.827,59.428
123.2702,15.876,62.988
123.2861,13.938,71.747
123.3,17.107,58.456
123.3172,14.561,68.677
123.3317,17.181,58.205
123.3489,16.399,60.981
123.3653,16.197,61.74
123.3815,17.97,55.649
123.3995,17.869,55.963
123.4173,15.75,63.493
123.4331,16.96,58.962
123.45,15.334,65.217
123.4654,16.022,62.415
123.4814,15.046,66.463
123.4964,17.161,58.271
123.5136,15.822,63.204
123.5294,17.007,58.8
123.5464,17.11,58.445
123.5635,17.701,56.495
123.5812,16.33,61.238
123.5976,16.793,59.548
123.6144,16.192,61.758
123.6306,15.154,65.989
123.6457,14.892,67.149
123.6606,16.034,62.368
123.6766,16.742,59.729
123.6934,14.652,68.248
123.708,15.418,64.857
123.7235,15.3,65.361
123.7387,17.08,58.547
123.7558,17.965,55.665
123.7738,16.36,61.125
123.7902,16.425,60.884
123.8066,16.231,61.609
123.8228,15.592,64.134
123.8384,13.979,71.538
123.8524,15.441,64.762
123.8678,15.602,64.095
123.8834,16.173,61.833
123.8996,17.035,58.701
123.9166,17.188,58.18
123.9338,16.73,59.775
123.9506,15.83,63.173
123.9664,16.818,59.459
123.9832,15.683,63.764
123.9989,16.22,61.652
124.0151,16.643,60.087
124.0317,16.664,60.011
124.0484,16.327,61.25
124.0647,16.755,59.682
124.0815,16.117,62.046
124.0976,14.285,70.003
124.1119,15.079,66.318
124.127,15.791,63.327
124.1428,16.703,59.868
124.1595,16.731,59.771
124.1762,16.211,61.686
124.1924,16.116,62.052
124.2085,14.824,67.46
124.2233,16.79,59.558
124.2401,17.184,58.194
124.2573,16.164,61.865
124.2735,17.577,56.894
124.2911,14.56,68.684
124.3056,15.777,63.385
124.3214,16.225,61.634
124.3376,14.955,66.869
124.3526,14.666,68.183
124.3672,16.656,60.039
124.3839,16.926,59.081
124.4008,16.236,61.592
124.4171,16.861,59.31
124.4339,15.738,63.542
124.4497,16.927,59.076
124.4666,14.735,67.868
124.4813,15.695,63.713
124.497,14.704,68.007
124.5117,17.089,58.516
124.5288,15.982,62.572
124.5448,16.102,62.104
124.5609,15.835,63.15
124.5767,14.34,69.735
124.5911,14.979,66.762
124.606,15.113,66.167
124.6212,16.708,59.852
124.6379,16.296,61.366
124.6542,17.273,57.893
124.6714,17.135,58.361
124.6886,17.798,56.186
124.7064,15.53,64.39
124.7219,15.165,65.943
124.7371,16.028,62.39
124.7531,17.912,55.827
124.771,17.678,56.568
124.7887,17.301,57.8
124.806,16.282,61.418
124.8223,16.778,59.602
124.839,16.205,61.711
124.8552,17.55,56.981
124.8728,15.496,64.534
124.8883,17.483,57.198
124.9058,17.014,58.776
124.9228,15.291,65.4
124.9381,27.78,35.997
124.9659,14.857,67.31
124.9807,14.881,67.199
124.9956,15.981,62.574
125.0116,17.046,58.665
125.0286,16.515,60.55
125.0451,15.64,63.938
125.0608,16.135,61.976
125.0769,14.833,67.419
125.0918,16.422,60.892
125.1082,15.599,64.105
125.1238,15.429,64.812
125.1392,16.573,60.338
125.1558,15.73,63.572
125.1715,16.858,59.317
125.1884,15.644,63.923
125.204,17.094,58.501
125.2211,15.726,63.59
125.2368,15.32,65.276
125.2521,16.255,61.521
125.2684,17.141,58.341
125.2855,15.699,63.697
125.3012,15.675,63.796
125.3169,16.568,60.359
125.3335,17.096,58.492
125.3506,15.945,62.715
125.3665,17.62,56.752
125.3841,16.32,61.274
125.4005,15.464,64.668
125.4159,14.143,70.704
125.4301,15.185,65.853
125.4453,15.827,63.184
125.4611,16.439,60.829
125.4775,15.895,62.913
125.4934,15.777,63.382
125.5092,13.978,71.54
125.5232,17.091,58.509
125.5403,16.531,60.493
125.5568,16.975,58.909
125.5738,16.162,61.873
125.5899,14.672,68.156
125.6046,16.04,62.346
125.6206,14.286,69.997
125.6349,16.658,60.03
125.6516,15.517,64.446
125.6671,16.667,59.999
125.6838,17.384,57.525
125.7012,14.662,68.205
125.7158,15.978,62.587
125.7318,15.817,63.222
125.7476,15.972,62.609
125.7636,17.956,55.691
125.7815,16.227,61.627
125.7978,16.586,60.29
125.8144,30.695,32.579
125.8451,15.757,63.464
125.8608,15.182,65.868
125.876,17.099,58.484
125.8931,16.879,59.245
125.91,16.442,60.821
125.9264,16.874,59.263
125.9433,16.768,59.637
125.9601,16.741,59.732
125.9768,15.31,65.316
125.9921,15.586,64.159
126.0077,16.185,61.787
126.0239,17.335,57.685
126.0412,15.96,62.657
126.0572,15.31,65.318
126.0725,15.657,63.87
126.0881,16.914,59.124
126.105,17.123,58.4
126.1222,16.302,61.341
126.1385,15.969,62.62
126.1544,17.121,58.406
126.1716,16.636,60.112
126.1882,16.782,59.589
126.205,15.445,64.746
126.2204,16.024,62.405
126.2365,15.911,62.848
126.2524,16.327,61.249
126.2687,15.481,64.595
126.2842,17.058,58.624
126.3012,15.542,64.34
126.3168,15.627,63.994
126.3324,15.696,63.71
126.3481,17.259,57.941
126.3654,15.23,65.659
126.3806,15.587,64.155
126.3962,15.87,63.012
126.412,16.003,62.49
126.428,16.47,60.718
126.4445,16.755,59.685
126.4613,15.577,64.197
126.4768,15.768,63.42
126.4926,15.61,64.06
126.5082,15.928,62.782
126.5242,13.766,72.644
126.5379,15.655,63.877
126.5536,15.822,63.205
126.5694,16.311,61.31
126.5857,16.359,61.128
126.6021,14.426,69.321
126.6165,15.612,64.054
126.6321,16.502,60.597
126.6486,15.483,64.589
126.6641,15.343,65.177
126.6794,15.112,66.174
126.6945,17.382,57.53
126.7119,15.918,62.823
126.7278,16.067,62.24
126.7439,15.177,65.888
126.7591,16.457,60.765
126.7755,16.032,62.376
126.7916,15.646,63.914
126.8072,16.522,60.525
126.8237,16.63,60.132
126.8404,17.497,57.152
126.8579,14.47,69.109
126.8723,14.598,68.504
126.8869,16.77,59.629
126.9037,16.181,61.8
126.9199,15.026,66.55
126.9349,14.928,66.987
126.9498,15.217,65.718
126.9651,15.144,66.034
126.9802,15.388,64.984
126.9956,15.127,66.109
127.0107,15.708,63.661
127.0264,16.703,59.869
127.0431,15.407,64.906
127.0585,15.924,62.8
127.0745,14.559,68.687
127.089,15.48,64.601
127.1045,16.272,61.455
127.1208,14.642,68.296
127.1354,16.351,61.158
127.1518,15.555,64.287
127.1673,15.557,64.278
127.1829,15.957,62.669
127.1988,15.839,63.134
127.2147,14.118,70.832
127.2288,16.754,59.686
127.2455,15.967,62.629
127.2615,14.629,68.356
127.2761,15.911,62.85
127.2921,15.314,65.3
127.3074,15.365,65.084
127.3227,15.889,62.937
127.3386,16.797,59.535
127.3554,15.245,65.594
127.3707,16.608,60.213
127.3873,15.858,63.062
127.4031,17.558,56.953
127.4207,13.898,71.951
127.4346,16.265,61.483
127.4508,15.332,65.222
127.4662,15.17,65.921
127.4813,15.081,66.308
127.4964,15.825,63.192
127.5123,15.554,64.291
127.5278,16.576,60.328
127.5444,16.126,62.01
127.5605,14.689,68.077
127.5752,16.648,60.067
127.5918,16.002,62.491
127.6079,16.186,61.782
127.624,16.314,61.298
127.6404,15.566,64.243
127.6559,16.117,62.046
127.672,15.051,66.441
127.6871,14.823,67.465
127.7019,15.504,64.5
127.7174,16.543,60.449
127.734,16.254,61.522
127.7502,14.598,68.502
127.7648,14.71,67.982
127.7795,15.173,65.908
127.7947,15.293,65.389
127.81,15.448,64.734
127.8254,14.511,68.913
127.8399,14.462,69.149
127.8544,15.482,64.593
127.8699,15.698,63.703
127.8856,15.111,66.175
127.9007,14.069,71.077
127.9148,13.644,73.292
127.9284,16.737,59.749
127.9451,14.407,69.412
127.9596,16.025,62.401
127.9756,15.342,65.179
127.9909,17.037,58.697
128.008,14.888,67.166
128.0228,13.767,72.638
128.0366,14.247,70.19
128.0509,15.23,65.659
128.0661,15.118,66.145
128.0812,15.715,63.632
128.0969,15.798,63.301
128.1127,17.135,58.359
128.1299,14.184,70.5
128.144,16.648,60.067
128.1607,15.363,65.091
128.176,15.702,63.685
128.1918,15.838,63.138
128.2076,15.318,65.281
128.2229,14.57,68.634
128.2375,15.786,63.346
128.2533,15.826,63.188
128.2691,13.408,74.582
128.2825,16.137,61.971
128.2986,15.963,62.644
128.3146,14.283,70.014
128.3289,16.046,62.323
128.3449,16.069,62.23
128.361,17.009,58.791
128.378,14.865,67.274
128.3929,16.434,60.851
128.4093,15.065,66.38
128.4244,15.839,63.136
128.4402,15.77,63.412
128.456,14.599,68.496
128.4706,15.565,64.245
128.4861,14.494,68.995
128.5006,14.995,66.691
128.5156,16.807,59.499
128.5324,14.708,67.989
128.5471,14.526,68.84
128.5617,14.816,67.493
128.5765,14.971,66.795
128.5915,14.894,67.14
128.6064,17.034,58.707
128.6234,15.295,65.381
128.6387,15.905,62.872
128.6546,13.452,74.336
128.668,15.865,63.03
128.6839,15.885,62.952
128.6998,13.744,72.758
128.7135,15.621,64.015
128.7292,14.947,66.903
128.7441,16.67,59.989
128.7608,16.594,60.263
128.7774,15.16,65.961
128.7925,15.763,63.439
128.8083,15.749,63.495
128.824,15.513,64.462
128.8396,14.143,70.706
128.8537,16.471,60.713
128.8702,15.071,66.351
128.8852,14.51,68.918
128.8997,14.749,67.8
128.9145,15.151,66.003
128.9296,15.067,66.371
128.9447,15.838,63.139
128.9606,15.699,63.699
128.9763,14.753,67.781
128.991,15.516,64.448
129.0065,16.457,60.765
129.023,15.276,65.462
129.0383,14.976,66.775
129.0532,16.885,59.225
129.0701,14.968,66.809
129.0851,15.21,65.745
129.1003,16.166,61.859
129.1165,16.89,59.207
129.1333,14.79,67.612
129.1481,15.95,62.697
129.1641,15.813,63.24
129.1799,15.84,63.132
129.1957,15.786,63.349
129.2115,15.926,62.791
129.2275,16.12,62.033
129.2436,13.162,75.974
129.2567,16.773,59.619
129.2735,14.72,67.933
129.2882,14.959,66.851
129.3032,16.008,62.467
129.3192,16.898,59.18
129.3361,14.833,67.417
129.3509,15.576,64.201
129.3665,14.646,68.277
129.3811,14.368,69.598
129.3955,15.722,63.606
129.4112,14.806,67.538
129.426,15.898,62.902
129.4419,15.796,63.305
129.4577,16.095,62.132
129.4738,15.365,65.085
129.4892,16.246,61.555
129.5054,14.501,68.963
129.5199,16.704,59.866
129.5366,15.304,65.341
129.552,15.211,65.742
129.5672,13.91,71.889
129.5811,14.607,68.462
129.5957,15.177,65.89
129.6109,14.356,69.659
129.6252,15.961,62.653
129.6412,15.824,63.196
129.657,13.854,72.183
129.6709,15.757,63.463
129.6866,14.431,69.295
129.701,16.607,60.214
129.7176,14.748,67.808
129.7324,15.947,62.709
129.7483,15.334,65.213
129.7637,16.15,61.921
129.7798,14.632,68.343
129.7945,15.667,63.829
129.8101,16.266,61.479
129.8264,15.078,66.322
129.8415,14.174,70.551
129.8556,14.529,68.83
129.8702,14.267,70.093
129.8844,15.274,65.47
129.8997,14.53,68.822
129.9142,14.808,67.533
129.9291,15.319,65.278
129.9444,14.195,70.446
129.9586,15.775,63.393
129.9743,16.17,61.843
129.9905,15.278,65.456
130.0058,14.212,70.362
130.02,14.89,67.159
130.0349,14.054,71.154
130.0489,15.223,65.69
130.0642,15.432,64.798
130.0796,16.026,62.398
130.0956,15.904,62.878
130.1115,15.739,63.537
130.1273,16.904,59.159
130.1442,15.448,64.732
130.1596,15.061,66.397
130.1747,14.203,70.408
130.1889,15.763,63.438
130.2046,15.095,66.245
130.2197,16.73,59.772
130.2365,14.853,67.327
130.2513,16.29,61.386
130.2676,16.081,62.186
130.2837,12.924,77.377
130.2966,15.832,63.163
130.3125,14.924,67.008
130.3274,14.952,66.88
130.3423,15.77,63.411
130.3581,14.81,67.521
130.3729,15.876,62.989
130.3888,15.667,63.827
130.4045,14.838,67.392
130.4193,15.283,65.434
130.4346,15.415,64.872
130.45,15.056,66.42
130.465,15.739,63.537
130.4808,13.201,75.751
130.494,14.754,67.776
130.5087,16.51,60.571
130.5252,15.238,65.626
130.5405,16.304,61.335
130.5568,14.509,68.921
130.5713,16.26,61.501
130.5876,17.043,58.674
130.6046,15.731,63.569
130.6203,16.969,58.932
130.6373,14.801,67.562
130.6521,15.918,62.82
130.668,13.445,74.375
130.6815,14.617,68.413
130.6961,14.176,70.542
130.7103,13.438,74.414
130.7237,16.11,62.073
130.7398,14.245,70.201
130.7541,14.663,68.2
130.7687,16.219,61.655
130.7849,15.78,63.372
130.8007,14.482,69.051
130.8152,15.381,65.015
130.8306,15.426,64.827
130.846,15.96,62.658
130.862,14.437,69.264
130.8764,15.339,65.192
130.8917,15.052,66.436
130.9068,16.326,61.252
130.9231,14.701,68.022
130.9378,14.989,66.716
130.9528,15.039,66.492
130.9678,15.164,65.944
130.983,15.36,65.102
130.9984,16.47,60.717
131.0148,13.295,75.215
131.0281,15.807,63.265
131.0439,15.501,64.513
131.0594,15.959,62.659
131.0754,42.283,23.65
131.1177,15.603,64.091
131.1333,14.603,68.481
131.1479,17.104,58.467
131.165,14.758,67.758
131.1798,15.912,62.846
131.1957,17.153,58.299
131.2128,13.828,72.315
131.2266,14.765,67.727
131.2414,14.649,68.266
131.2561,14.959,66.851
131.271,15.114,66.165
131.2861,15.663,63.845
131.3018,15.241,65.612
131.317,15.196,65.808
131.3322,16.016,62.438
131.3482,16.032,62.374
131.3643,13.526,73.932
131.3778,14.457,69.172
131.3923,15.527,64.402
131.4078,15.67,63.818
131.4235,14.741,67.836
131.4382,15.24,65.616
131.4534,15.638,63.947
131.4691,14.202,70.413
131.4833,15.018,66.588
131.4983,16.009,62.463
131.5143,14.329,69.789
131.5286,16.222,61.643
131.5449,13.597,73.545
131.5585,14.635,68.331
131.5731,15.262,65.523
131.5884,14.679,68.122
131.603,15.156,65.981
131.6182,15.556,64.286
131.6337,14.086,70.991
131.6478,16.113,62.061
131.6639,16.206,61.707
131.6801,14.782,67.65
131.6949,14.933,66.968
131.7099,14.804,67.55
131.7247,15.615,64.041
131.7403,16.204,61.713
131.7565,16.774,59.615
131.7733,15.18,65.874
131.7884,15.532,64.385
131.804,14.775,67.681
131.8187,15.25,65.575
131.834,14.273,70.064
131.8483,15.543,64.336
131.8638,17.485,57.192
131.8813,15.139,66.054
131.8964,14.899,67.119
131.9113,15.886,62.949
131.9272,14.989,66.718
131.9422,16.414,60.923
131.9586,15.25,65.574
131.9739,14.185,70.497
131.9881,16.271,61.459
132.0043,14.563,68.665
132.0189,17.194,58.161
132.0361,16.117,62.046
132.0522,15.851,63.088
132.0681,14.687,68.09
132.0827,15.264,65.515
132.098,14.841,67.382
132.1128,14.381,69.534
132.1272,15.672,63.808
132.1429,16.104,62.096
132.159,14.28,70.03
132.1733,14.612,68.439
132.1879,15.579,64.188
132.2035,15.816,63.226
132.2193,16.425,60.885
132.2357,14.345,69.711
132.2501,15.689,63.738
132.2657,14.785,67.634
132.2805,14.639,68.311
132.2952,15.31,65.318
132.3105,15.31,65.316
132.3258,14.551,68.723
132.3403,13.855,72.176
132.3542,15.625,63.999
132.3698,14.026,71.294
132.3839,17.001,58.82
132.4009,16.19,61.768
132.417,14.824,67.458
132.4319,16.744,59.723
132.4486,16.531,60.491
132.4651,15.343,65.177
132.4805,15.083,66.301
132.4956,15.295,65.383
132.5109,15.269,65.493
132.5261,15.291,65.398
132.5414,13.707,72.955
132.5551,15.87,63.01
132.571,15.865,63.033
132.5869,16.637,60.106
132.6035,16.278,61.432
132.6198,13.131,76.157
132.6329,14.959,66.85
132.6479,15.628,63.989
132.6635,14.337,69.747
132.6778,15.798,63.3
132.6936,16.092,62.142
132.7097,16.311,61.309
132.726,16.528,60.505
132.7426,15.91,62.853
132.7585,14.947,66.903
132.7734,15.836,63.147
132.7893,14.311,69.878
132.8036,14.448,69.213
132.818,14.846,67.357
132.8329,16.729,59.777
132.8496,14.667,68.179
132.8643,15.226,65.676
132.8795,14.219,70.327
132.8937,15.171,65.915
132.9089,16.863,59.302
132.9257,16.792,59.554
132.9425,15.323,65.262
132.9579,14.081,71.02
132.9719,14.714,67.962
132.9866,14.655,68.234
133.0013,15.622,64.014
133.0169,16.298,61.357
133.0332,15.863,63.039
133.0491,15.994,62.523
133.0651,15.443,64.753
133.0805,16.898,59.179
133.0974,15.719,63.616
133.1131,16.102,62.104
133.1292,15.935,62.755
133.1452,16.077,62.202
133.1613,15.676,63.792
133.1769,17.44,57.339
133.1944,17.696,56.509
133.2121,14.805,67.545
133.2269,17.664,56.612
133.2445,15.387,64.99
133.2599,15.293,65.389
133.2752,15.418,64.86
133.2906,16.719,59.811
133.3074,16.17,61.842
133.3235,15.443,64.754
133.339,16.214,61.674
133.3552,15.139,66.055
133.3703,15.378,65.026
133.3857,17.511,57.108
133.4032,17.224,58.06
133.4204,15.424,64.835
133.4359,14.4,69.444
133.4503,15.198,65.799
133.4655,15.608,64.068
133.4811,14.533,68.811
133.4956,15.608,64.07
133.5112,16.346,61.178
133.5275,15.785,63.352
133.5433,16.22,61.654
133.5596,15.631,63.975
133.5752,16.26,61.501
133.5914,16.06,62.266
133.6075,15.123,66.126
133.6226,15.669,63.819
133.6383,15.041,66.484
133.6533,16.247,61.55
133.6696,15.411,64.887
133.685,15.716,63.63
133.7007,14.57,68.636
133.7153,15.993,62.526
133.7313,14.555,68.706
133.7458,17.12,58.412
133.7629,15.218,65.713
133.7782,15.693,63.723
133.7939,15.787,63.342
133.8096,13.772,72.613
133.8234,17.685,56.544
133.8411,15.974,62.6
133.8571,16.708,59.852
133.8738,15.662,63.849
133.8894,15.468,64.648
133.9049,13.967,71.599
133.9189,15.595,64.125
133.9345,14.888,67.17
133.9494,16.159,61.885
133.9655,14.47,69.11
133.98,14.74,67.845
133.9947,16.416,60.917
134.0111,15.811,63.248
134.027,15.847,63.104
134.0428,16.464,60.739
134.0593,15.492,64.549
134.0748,16.078,62.196
134.0908,15.829,63.175
134.1067,16.322,61.268
134.123,15.05,66.447
134.138,15.647,63.908
134.1537,18.042,55.425
134.1717,16.551,60.421
134.1883,16.126,62.012
134.2044,15.579,64.189
134.22,16.882,59.234
134.2369,16.025,62.402
134.2529,16.201,61.725
134.2691,16.685,59.935
134.2858,16.415,60.921
134.3022,15.584,64.168
134.3178,15.149,66.009
134.3329,16.372,61.08
134.3493,15.87,63.011
134.3652,15.411,64.887
134.3806,16.413,60.926
134.397,13.82,72.361
134.4108,16.086,62.166
134.4269,16.999,58.828
134.4439,16.001,62.498
134.4599,15.271,65.483
134.4752,15.672,63.81
134.4908,18.105,55.233
134.5089,14.344,69.716
134.5233,16.579,60.318
134.5399,16.028,62.39
134.5559,16.661,60.019
134.5726,17.243,57.996
134.5898,17.118,58.418
134.6069,16.033,62.371
134.623,15.044,66.471
134.638,15.3,65.358
134.6533,15.754,63.478
134.669,15.997,62.513
134.685,14.898,67.123
134.6999,17.001,58.819
134.7169,14.27,70.079
134.7312,17.188,58.182
134.7484,17.242,57.998
134.7656,15.298,65.37
134.7809,17.749,56.342
134.7987,16.33,61.237
134.815,15.371,65.056
134.8304,15.738,63.541
134.8461,16.018,62.431
134.8621,16.167,61.855
134.8783,15.005,66.645
134.8933,16.963,58.953
134.9103,17.398,57.477
134.9277,17.678,56.568
134.9454,15.553,64.294
134.9609,15.349,65.152
134.9763,16.342,61.19
134.9926,17.458,57.281
135.0101,16.414,60.923
135.0265,17.281,57.869
135.0438,15.398,64.945
135.0592,16.531,60.491
135.0757,15.607,64.072
135.0913,16.332,61.228
135.1076,17.151,58.306
135.1248,15.152,65.996
135.1399,16.493,60.631
135.1564,17.465,57.258
135.1739,16.829,59.421
135.1907,15.673,63.802
135.2064,15.139,66.055
135.2215,15.939,62.738
135.2375,16.218,61.659
135.2537,16.732,59.766
135.2704,15.625,64.002
135.286,16.021,62.418
135.3021,18.013,55.515
135.3201,17.205,58.122
135.3373,17.514,57.096
135.3548,17.643,56.68
135.3724,16.742,59.732
135.3892,15.342,65.18
135.4045,17.933,55.763
135.4225,14.65,68.257
135.4371,17.191,58.169
135.4543,16.971,58.925
135.4713,16.427,60.876
135.4877,17.177,58.217
135.5049,16.079,62.195
135.5209,17.573,56.907
135.5385,17.32,57.737
135.5558,15.017,66.59
135.5709,15.372,65.054
135.5862,15.658,63.864
135.6019,15.296,65.377
135.6172,18.27,54.733
135.6355,16.425,60.882
135.6519,16.683,59.941
135.6686,16.948,59.003
135.6855,16.239,61.582
135.7018,17.153,58.298
135.7189,16.909,59.14
135.7358,15.992,62.531
135.7518,15.911,62.848
135.7677,16.63,60.133
135.7843,15.802,63.285
135.8001,18.444,54.217
135.8186,15.882,62.963
135.8345,18.105,55.232
135.8526,16.187,61.778
135.8688,15.605,64.082
135.8844,16.428,60.873
135.9008,16.758,59.672
135.9176,17.084,58.535
135.9346,16.868,59.285
135.9515,16.822,59.445
135.9683,18.259,54.766
135.9866,15.771,63.407
136.0024,17.574,56.901
136.0199,16.089,62.155
136.036,16.323,61.265
136.0523,15.977,62.591
136.0683,17.905,55.85
136.0862,18.026,55.476
136.1043,16.906,59.151
136.1212,17.523,57.069
136.1387,16.563,60.377
136.1552,17.699,56.499
136.1729,18.163,55.058
136.1911,16.34,61.201
136.2074,16.208,61.699
136.2237,16.774,59.615
136.2404,17.894,55.885
136.2583,19.393,51.566
136.2777,16.882,59.236
136.2946,16.481,60.675
136.3111,16.591,60.275
136.3277,16.584,60.297
136.3443,18.557,53.889
136.3628,17.901,55.863
136.3807,15.489,64.562
136.3962,17.011,58.785
136.4132,17.712,56.458
136.4309,17.571,56.912
136.4485,17.416,57.418
136.4659,17.39,57.504
136.4833,16.978,58.9
136.5003,16.859,59.316
136.5171,16.784,59.581
136.5339,17.542,57.007
136.5515,16.427,60.875
136.5679,17.605,56.801
136.5855,17.581,56.879
136.6031,17.22,58.071
136.6203,16.282,61.417
136.6366,15.274,65.47
136.6519,16.244,61.56
136.6681,17.217,58.082
136.6853,18.658,53.597
136.704,15.925,62.796
136.7199,18.224,54.873
136.7381,17.897,55.876
136.756,16.139,61.96
136.7722,17.462,57.268
136.7896,16.258,61.509
136.8059,16.505,60.589
136.8224,15.402,64.926
136.8378,16.23,61.614
136.854,17.883,55.92
136.8719,18.767,53.286
136.8907,19.51,51.255
136.9102,17.177,58.217
136.9274,18.384,54.394
136.9457,16.791,59.557
136.9625,17.057,58.625
136.9796,16.986,58.872
136.9966,17.853,56.013
137.0144,16.561,60.383
137.031,18.001,55.553
137.049,18.351,54.494
137.0673,16.003,62.487
137.0833,19.11,52.329
137.1024,17.785,56.227
137.1202,18.102,55.243
137.1383,16.986,58.871
137.1553,16.646,60.073
137.172,17.042,58.678
137.189,16.363,61.113
137.2054,18.135,55.142
137.2235,16.802,59.517
137.2403,17.446,57.32
137.2578,18.172,55.031
137.2759,16.157,61.893
137.2921,16.316,61.289
137.3084,17.904,55.855
137.3263,18.039,55.435
137.3443,18.33,54.555
137.3627,17.147,58.318
137.3798,15.683,63.764
137.3955,18.249,54.798
137.4138,15.907,62.867
137.4297,18.313,54.605
137.448,15.613,64.049
137.4636,16.705,59.861
137.4803,17.351,57.635
137.4976,17.605,56.803
137.5152,17.66,56.624
137.5329,15.956,62.673
137.5489,17.808,56.154
137.5667,17.931,55.771
137.5846,17.101,58.477
137.6017,16.334,61.223
137.618,16.779,59.598
137.6348,17.543,57.004
137.6524,19.471,51.357
137.6718,16.764,59.651
137.6886,17.95,55.712
137.7065,15.252,65.565
137.7218,18.496,54.066
137.7403,17.574,56.901
137.7579,17.755,56.322
137.7756,17.146,58.322
137.7928,17.49,57.175
137.8103,18.456,54.184
137.8287,15.949,62.702
137.8447,18.573,53.842
137.8632,16.426,60.879
137.8797,16.368,61.094
137.896,16.609,60.209
137.9126,17.42,57.406
137.9301,17.178,58.215
137.9472,17.797,56.188
137.965,18.096,55.262
137.9831,18.375,54.421
138.0015,16.559,60.391
138.0181,17.202,58.132
138.0353,19.758,50.612
138.055,17.853,56.014
138.0729,17.504,57.131
138.0904,16.71,59.846
138.1071,17.379,57.541
138.1245,18.588,53.798
138.1431,16.47,60.716
138.1595,16.884,59.227
138.1764,16.597,60.251
138.193,17.047,58.661
138.2101,18.41,54.317
138.2285,17.923,55.793
138.2464,18.406,54.33
138.2648,17.304,57.789
138.2821,16.49,60.644
138.2986,17.716,56.445
138.3163,16.761,59.661
138.3331,17.672,56.587
138.3507,17.548,56.987
138.3683,16.972,58.922
138.3853,17.417,57.415
138.4027,16.974,58.915
138.4196,17.777,56.254
138.4374,17.58,56.883
138.455,18.019,55.496
138.473,19.121,52.298
138.4921,16.526,60.513
138.5087,18.603,53.756
138.5273,17.524,57.065
138.5448,18.897,52.918
138.5637,17.617,56.763
138.5813,19.127,52.281
138.6004,16.922,59.093
138.6174,17.572,56.909
138.6349,16.467,60.729
138.6514,15.828,63.178
138.6672,17.841,56.052
138.6851,17.138,58.349
138.7022,18.13,55.158
138.7203,17.155,58.291
138.7375,18.11,55.219
138.7556,16.965,58.946
138.7726,18.544,53.926
138.7911,18.219,54.889
138.8093,18.736,53.375
138.8281,18.253,54.784
138.8463,17.003,58.814
138.8633,17.578,56.89
138.8809,17.674,56.579
138.8986,19.321,51.757
138.9179,17.177,58.217
138.9351,18.674,53.549
138.9537,18.101,55.247
138.9718,17.549,56.983
138.9894,17.398,57.477
139.0068,16.703,59.871
139.0235,17.147,58.319
139.0406,18.379,54.409
139.059,18.263,54.756
139.0773,18.587,53.802
139.0959,19.082,52.405
139.115,17.389,57.507
139.1323,19.511,51.253
139.1519,17.695,56.514
139.1695,18.287,54.685
139.1878,17.68,56.563
139.2055,17.129,58.381
139.2226,18.648,53.625
139.2413,18.644,53.638
139.2599,17.907,55.843
139.2778,17.87,55.958
139.2957,17.193,58.162
139.3129,17.763,56.297
139.3307,19.435,51.452
139.3501,16.486,60.656
139.3666,18.063,55.362
139.3847,18.806,53.176
139.4035,16.807,59.497
139.4203,17.495,57.159
139.4378,19.099,52.358
139.4569,18.273,54.726
139.4751,17.174,58.229
139.4923,16.786,59.572
139.5091,18.041,55.429
139.5271,39.634,25.231
139.5668,18.493,54.075
139.5853,17.302,57.797
139.6026,16.152,61.911
139.6187,19.51,51.256
139.6382,18.353,54.488
139.6566,16.573,60.339
139.6732,18.913,52.874
139.6921,18.258,54.77
139.7103,17.855,56.007
139.7282,18.112,55.213
139.7463,18.663,53.582
139.765,16.909,59.141
139.7819,18.7,53.477
139.8006,18.622,53.701
139.8192,16.855,59.33
139.836,18.318,54.592
139.8544,18.628,53.683
139.873,17.032,58.713
139.89,18.709,53.45
139.9087,16.15,61.919
139.9249,18.917,52.864
139.9438,19.15,52.219
139.9629,17.489,57.178
139.9804,18.477,54.121
139.9989,17.562,56.943
140.0165,18.934,52.816
140.0354,17.236,58.019
140.0526,18.435,54.246
140.0711,18.557,53.888
140.0896,19.084,52.401
140.1087,17.343,57.66
140.1261,17.886,55.91
140.1439,17.388,57.51
140.1613,17.767,56.285
140.1791,19.633,50.935
140.1987,20.009,49.978
140.2187,19.336,51.717
140.2381,17.796,56.192
140.2559,17.432,57.366
140.2733,19.614,50.985
140.2929,18.752,53.327
140.3117,19.991,50.023
140.3317,19.027,52.556
140.3507,18.831,53.105
140.3695,17.804,56.167
140.3873,17.158,58.28
140.4045,17.557,56.956
140.422,18.256,54.777
140.4403,18.898,52.914
140.4592,17.163,58.265
140.4764,18.737,53.37
140.4951,17.652,56.65
140.5127,15.873,63.002
140.5286,15.989,62.544
140.5446,17.525,57.062
140.5621,19.669,50.842
140.5818,17.628,56.729
140.5994,18.961,52.739
140.6184,16.502,60.6
140.6349,18.521,53.993
140.6534,17.901,55.862
140.6713,17.077,58.559
140.6884,56.323,17.755
140.7447,19.227,52.009
140.7639,16.678,59.959
140.7806,17.751,56.335
140.7984,17.879,55.93
140.8162,18.128,55.164
140.8344,17.675,56.577
140.8521,18.636,53.661
140.8707,17.956,55.692
140.8886,18.149,55.101
140.9068,18.269,54.737
140.9251,18.502,54.048
140.9436,19.702,50.755
140.9633,17.225,58.056
140.9805,16.608,60.214
140.9971,19.265,51.907
141.0164,16.779,59.598
141.0331,18.334,54.543
141.0515,17.575,56.898
141.0691,18.228,54.859
141.0873,18.242,54.818
141.1055,18.111,55.215
141.1236,16.938,59.038
141.1406,17.018,58.763
141.1576,18.747,53.341
141.1763,18.804,53.18
141.1951,17.409,57.441
141.2125,18.491,54.081
141.231,19.339,51.71
141.2504,17.948,55.717
141.2683,16.51,60.568
141.2848,18.32,54.584
141.3032,17.319,57.741
141.3205,18.198,54.952
141.3387,19.114,52.317
141.3578,17.924,55.792
141.3757,18.458,54.177
141.3942,17.071,58.58
141.4112,15.571,64.222
141.4268,18.124,55.175
141.4449,18.213,54.907
141.4631,18.817,53.144
141.482,17.886,55.91
141.4999,19.645,50.904
141.5195,18.354,54.484
141.5378,18.678,53.537
141.5565,18.196,54.957
141.5747,18.097,55.259
141.5928,16.224,61.637
141.609,19.89,50.276
141.6289,18.426,54.272
141.6474,17.738,56.377
141.6651,15.887,62.943
141.681,19.107,52.336
141.7001,18.269,54.738
141.7184,19.507,51.264
141.7379,19.436,51.452
141.7573,20.371,49.089
141.7777,19.192,52.105
141.7969,17.84,56.053
141.8147,18.46,54.171
141.8332,17.651,56.655
141.8508,17.363,57.593
141.8682,17.625,56.738
141.8858,18.184,54.994
141.904,15.906,62.871
141.9199,17.028,58.727
141.9369,18.196,54.958
141.9551,17.569,56.918
141.9727,18.545,53.923
141.9912,19.04,52.52
142.0103,17.885,55.913
142.0282,17.062,58.608
142.0452,16.535,60.478
142.0618,17.983,55.61
142.0797,17.244,57.991
142.097,18.851,53.046
142.1158,19.083,52.402
142.1349,17.141,58.341
142.1521,18.379,54.41
142.1704,17.504,57.131
142.1879,17.23,58.038
142.2052,17.413,57.427
142.2226,18.647,53.629
142.2412,16.869,59.281
142.2581,18.551,53.905
142.2767,18.03,55.465
142.2947,18.81,53.165
142.3135,17.686,56.541
142.3312,17.512,57.104
142.3487,18.613,53.727
142.3673,16.576,60.327
142.3839,17.95,55.709
142.4018,19.065,52.453
142.4209,18.616,53.717
142.4395,17.986,55.598
142.4575,18.312,54.608
142.4758,19.505,51.27
142.4953,17.119,58.415
142.5124,18.714,53.436
142.5311,18.808,53.168
142.55,18.961,52.74
142.5689,19.522,51.224
142.5884,19.935,50.164
142.6084,16.202,61.719
142.6246,18.555,53.893
142.6431,18.741,53.36
142.6619,18.321,54.581
142.6802,19.162,52.187
142.6994,18.623,53.698
142.718,18.129,55.16
142.7361,16.836,59.396
142.7529,17.907,55.844
142.7708,17.629,56.726
142.7885,18.375,54.421
142.8069,18.188,54.982
142.825,16.379,61.056
142.8414,18.467,54.151
142.8599,48.362,20.677
142.9082,17.127,58.387
142.9254,19.13,52.273
142.9445,17.022,58.747
142.9615,17.94,55.741
142.9795,18.592,53.787
142.9981,18.264,54.752
143.0163,19.189,52.113
143.0355,17.099,58.482
143.0526,17.317,57.747
143.0699,17.884,55.916
143.0878,19.346,51.691
143.1072,18.471,54.138
143.1256,17.06,58.617
143.1427,17.599,56.822
143.1603,18.988,52.665
143.1793,18.632,53.671
143.1979,19.467,51.369
143.2174,17.866,55.973
143.2352,17.41,57.437
143.2526,17.781,56.24
143.2704,16.123,62.023
143.2866,17.267,57.914
143.3038,18.62,53.706
143.3224,18.557,53.887
143.341,18.502,54.047
143.3595,16.916,59.115
143.3764,17.996,55.568
143.3944,18.797,53.2
143.4132,17.519,57.082
143.4307,18.137,55.137
143.4489,17.587,56.86
143.4665,16.961,58.959
143.4834,18.357,54.475
143.5018,17.207,58.115
143.519,16.307,61.325
143.5353,16.731,59.768
143.552,19.641,50.914
143.5717,17.584,56.87
143.5892,17.403,57.463
143.6066,18.112,55.213
143.6248,17.833,56.075
143.6426,16.822,59.446
143.6594,18.565,53.864
143.678,18.199,54.948
143.6962,17.264,57.923
143.7134,17.338,57.676
143.7308,17.609,56.789
143.7484,18.018,55.499
143.7664,17.538,57.018
143.7839,18.663,53.582
143.8026,18.054,55.388
143.8207,17.414,57.426
143.8381,16.606,60.221
143.8547,19.231,51.999
143.8739,18.535,53.951
143.8924,17.538,57.018
143.91,18.165,55.052
143.9281,19.126,52.286
143.9473,19.303,51.805
143.9666,19.443,51.434
143.986,17.323,57.728
144.0033,19.604,51.011
144.0229,17.806,56.161
144.0408,17.792,56.205
144.0585,17.772,56.269
144.0763,17.791,56.207
144.0941,17.915,55.818
144.112,18.964,52.732
144.131,18.452,54.196
144.1494,16.548,60.431
144.166,17.063,58.605
144.183,16.705,59.862
144.1998,18.568,53.858
144.2183,16.024,62.406
144.2343,17.748,56.346
144.2521,18.916,52.866
144.271,18.301,54.642
144.2893,17.578,56.889
144.3069,19.012,52.597
144.3259,17.21,58.105
144.3431,18.174,55.025
144.3613,15.477,64.612
144.3768,17.245,57.987
144.394,18.174,55.025
144.4122,19.078,52.417
144.4313,17.94,55.741
144.4492,18.359,54.47
144.4676,18.195,54.96
144.4858,19.048,52.498
144.5048,18.62,53.704
144.5234,19.02,52.576
144.5424,17.53,57.046
144.56,16.928,59.073
144.5769,18.765,53.291
144.5957,17.979,55.622
144.6136,18.774,53.266
144.6324,18.72,53.418
144.6511,17.33,57.703
144.6685,18.563,53.869
144.687,18.12,55.187
144.7051,18.344,54.513
144.7235,18.427,54.267
144.7419,18.28,54.704
144.7602,18.513,54.015
144.7787,17.051,58.646
144.7958,18.564,53.869
144.8143,15.736,63.55
144.8301,39.934,25.041
144.87,15.457,64.694
144.8855,17.734,56.389
144.9032,16.868,59.283
144.9201,17.076,58.561
144.9371,16.897,59.183
144.954,16.987,58.869
144.971,18.484,54.1
144.9895,16.196,61.745
145.0057,18.569,53.854
145.0243,18.087,55.289
145.0424,19.119,52.305
145.0615,18.156,55.077
145.0796,16.601,60.237
145.0962,16.389,61.016
145.1126,17.813,56.139
145.1304,18.532,53.96
145.149,17.563,56.938
145.1665,17.977,55.628
145.1845,15.87,63.013
145.2004,17.203,58.128
145.2176,18.577,53.831
145.2362,17.074,58.568
145.2532,16.93,59.066
145.2702,17.27,57.904
145.2874,16.884,59.229
145.3043,17.374,57.556
145.3217,18.001,55.552
145.3397,16.782,59.589
145.3565,18.165,55.05
145.3746,19.803,50.498
145.3944,17.961,55.676
145.4124,17.231,58.035
145.4296,17.354,57.623
145.447,19.031,52.547
145.466,17.591,56.846
145.4836,15.846,63.107
145.4995,17.896,55.877
145.5173,16.814,59.473
145.5342,17.882,55.922
145.552,18.955,52.758
145.571,18.383,54.398
145.5894,18.33,54.557
145.6077,18.798,53.196
145.6265,18.197,54.953
145.6447,17.34,57.671
145.662,16.175,61.826
145.6782,17.426,57.387
145.6956,18.792,53.213
145.7144,17.813,56.139
145.7323,17.344,57.658
145.7496,18.608,53.741
145.7682,17.485,57.193
145.7857,16.927,59.077
145.8026,16.798,59.529
145.8194,18.292,54.667
145.8377,17.054,58.639
145.8548,17.67,56.593
145.8724,17.214,58.091
145.8896,18.016,55.505
145.9077,19.347,51.688
145.927,18.4,54.349
145.9454,16.622,60.159
145.962,18.833,53.098
145.9809,16.601,60.239
145.9975,17.787,56.221
146.0153,18.029,55.467
146.0333,17.601,56.816
146.0509,19.265,51.907
146.0701,18.814,53.152
146.089,18.451,54.198
146.1074,19.56,51.126
146.127,16.52,60.532
146.1435,19.023,52.569
146.1625,17.333,57.694
146.1798,15.54,64.35
146.1954,17.32,57.738
146.2127,18.002,55.551
146.2307,17.979,55.619
146.2487,18.345,54.509
146.267,17.59,56.851
146.2846,18.372,54.429
146.303,17.334,57.692
146.3203,16.047,62.317
146.3364,18.076,55.321
146.3545,16.854,59.335
146.3713,18.064,55.358
146.3894,16.268,61.471
146.4056,17.983,55.609
146.4236,19.101,52.353
146.4427,17.988,55.594
146.4607,20.044,49.891
146.4808,15.437,64.778
146.4962,17.896,55.877
146.5141,16.414,60.923
146.5305,16.557,60.397
146.5471,17.397,57.482
146.5645,16.417,60.913
146.5809,18.19,54.976
146.5991,17.64,56.689
146.6167,16.415,60.919
146.6331,18.053,55.393
146.6512,16.067,62.241
146.6672,16.612,60.196
146.6838,18.598,53.768
146.7024,17.515,57.095
146.72,16.599,60.246
146.7366,16.409,60.944
146.753,18.219,54.887
146.7712,16.23,61.615
146.7874,18.014,55.514
146.8054,17.288,57.845
146.8227,16.743,59.728
146.8395,17.734,56.39
146.8572,19.093,52.375
146.8763,18.521,53.993
146.8948,17.265,57.921
146.9121,18.301,54.643
146.9304,16.535,60.477
146.9469,17.791,56.208
146.9647,16.566,60.364
146.9813,17.427,57.384
146.9987,17.535,57.03
147.0162,16.281,61.422
147.0325,18.289,54.676
147.0508,18.101,55.247
147.0689,17.908,55.842
147.0868,17.786,56.223
147.1046,16.429,60.869
147.121,18.802,53.187
147.1398,16.949,59.001
147.1568,16.259,61.504
147.173,16.682,59.945
147.1897,17.648,56.665
147.2074,16.52,60.534
147.2239,17.712,56.458
147.2416,18.85,53.049
147.2604,18.753,53.326
147.2792,16.446,60.806
147.2956,17.532,57.038
147.3132,18.08,55.31
147.3313,17.186,58.186
147.3484,16.757,59.676
147.3652,18.346,54.508
147.3835,17.648,56.665
147.4012,16.936,59.045
147.4181,16.845,59.365
147.435,18.159,55.068
147.4531,18.398,54.355
147.4715,16.763,59.655
147.4883,15.66,63.859
147.504,17.408,57.444
147.5214,17.76,56.307
147.5391,16.454,60.776
147.5556,15.994,62.523
147.5716,17.544,57.001
147.5891,16.734,59.757
147.6058,15.42,64.85
147.6213,18.993,52.65
147.6403,17.771,56.271
147.658,17.81,56.15
147.6758,18.223,54.877
147.6941,16.283,61.412
147.7103,17.611,56.784
147.728,18.054,55.391
147.746,18.067,55.351
147.7641,16.286,61.401
147.7804,17.782,56.238
147.7981,17.842,56.046
147.816,17.458,57.282
147.8334,15.653,63.886
147.8491,17.194,58.16
147.8663,18.032,55.457
147.8843,17.676,56.574
147.902,18.954,52.76
147.921,16.595,60.26
147.9375,18.229,54.859
147.9558,17.382,57.532
147.9732,16.822,59.445
147.99,18.756,53.315
148.0087,18.177,55.015
148.0269,18.014,55.512
148.0449,16.469,60.72
148.0614,17.795,56.195
148.0792,16.873,59.267
148.0961,17.339,57.674
148.1134,15.784,63.356
148.1292,18.071,55.337
148.1473,18.71,53.449
148.166,17.081,58.546
148.183,17.269,57.906
148.2003,16.357,61.135
148.2167,17.538,57.019
148.2342,15.692,63.727
148.2499,17.5,57.142
148.2674,16.431,60.86
148.2838,15.434,64.792
148.2993,14.898,67.124
148.3142,18.393,54.368
148.3326,17.679,56.563
148.3502,16.691,59.912
148.3669,18.382,54.401
148.3853,19.396,51.556
148.4047,16.544,60.446
148.4213,16.933,59.057
148.4382,16.643,60.086
148.4548,17.077,58.557
148.4719,18.229,54.857
148.4901,16.729,59.776
148.5069,16.47,60.718
148.5233,18.613,53.725
148.5419,17.658,56.632
148.5596,18.349,54.499
148.578,17.629,56.724
148.5956,18.104,55.236
148.6137,18.068,55.348
148.6318,18.22,54.885
148.65,18.378,54.414
148.6684,19.057,52.473
148.6874,16.676,59.965
148.7041,17.784,56.229
148.7219,16.455,60.773
148.7383,19.255,51.935
148.7576,17.946,55.724
148.7755,16.401,60.972
148.7919,15.855,63.071
148.8078,18.727,53.399
148.8265,17.622,56.746
148.8441,17.243,57.996
148.8614,19.281,51.864
148.8807,16.573,60.337
148.8972,17.23,58.038
148.9145,18.044,55.419
148.9325,18.297,54.653
148.9508,18.825,53.121
148.9696,17.274,57.892
148.9869,16.733,59.762
149.0036,19.577,51.08
149.0232,16.508,60.578
149.0397,17.883,55.919
149.0576,17.707,56.476
149.0753,18.22,54.883
149.0935,17.666,56.607
149.1112,19.535,51.189
149.1307,17.488,57.181
149.1482,18.115,55.203
149.1663,18.39,54.379
149.1847,18.069,55.344
149.2028,17.26,57.939
149.22,17.875,55.943
149.2379,17.797,56.19
149.2557,17.745,56.352
149.2735,15.598,64.11
149.2891,17.311,57.766
149.3064,18.312,54.608
149.3247,16.36,61.125
149.341,17.625,56.737
149.3587,17.704,56.485
149.3764,16.105,62.091
149.3925,18.802,53.186
149.4113,18.181,55.004
149.4295,17.762,56.301
149.4472,16.544,60.446
149.4638,19.763,50.6
149.4835,18.505,54.039
149.502,18.767,53.286
149.5208,18.456,54.183
149.5393,15.189,65.836
149.5545,17.351,57.633
149.5718,17.728,56.409
149.5895,16.332,61.229
149.6059,17.861,55.987
149.6237,16.761,59.661
149.6405,16.47,60.716
149.657,18.724,53.408
149.6757,17.152,58.302
149.6928,17.013,58.778
149.7098,17.109,58.449
149.727,18.398,54.353
149.7454,18.35,54.495
149.7637,18.22,54.884
149.7819,16.513,60.558
149.7984,17.089,58.517
149.8155,18.53,53.967
149.8341,17.741,56.366
149.8518,16.653,60.051
149.8684,16.719,59.811
149.8852,17.134,58.362
149.9023,17.672,56.587
149.92,17.892,55.892
149.9379,17.093,58.502
149.955,17.211,58.101
149.9722,17.551,56.978
149.9897,17.494,57.164
150.0072,16.223,61.642
150.0234,17.435,57.356
150.0409,17.471,57.238
150.0583,19.321,51.757
150.0777,16.92,59.101
150.0946,16.853,59.338
150.1114,17.805,56.163
150.1292,17.108,58.451
150.1463,19.45,51.414
150.1658,17.597,56.829
150.1834,17.436,57.353
150.2008,17.972,55.641
150.2188,17.836,56.068
150.2366,18.079,55.313
150.2547,16.566,60.365
150.2713,16.88,59.241
150.2882,19.264,51.911
150.3074,16.951,58.994
150.3244,18.591,53.789
150.343,18.909,52.884
150.3619,18.462,54.164
150.3803,19.481,51.333
150.3998,17.662,56.617
150.4175,18.913,52.874
150.4364,17.07,58.581
150.4535,18.609,53.739
150.4721,18.283,54.695
150.4904,18.205,54.928
150.5086,16.9,59.171
150.5255,18.612,53.729
150.5441,17.678,56.567
150.5618,18.704,53.464
150.5805,18.123,55.179
150.5986,18.426,54.272
150.617,17.249,57.975
150.6343,19.238,51.981
150.6535,17.674,56.58
150.6712,18.89,52.939
150.6901,18.966,52.726
150.709,18.448,54.207
150.7275,18.065,55.357
150.7455,18.629,53.679
150.7642,19.214,52.046
150.7834,17.295,57.819
150.8007,17.613,56.777
150.8183,16.298,61.358
150.8346,19.129,52.277
150.8537,17.222,58.066
150.8709,17.859,55.993
150.8888,17.597,56.829
150.9064,18.229,54.857
150.9246,17.006,58.803
150.9416,19.809,50.483
150.9614,17.969,55.65
150.9794,47.335,21.126
151.0267,17.602,56.813
151.0443,18.057,55.382
151.0624,17.457,57.285
151.0799,17.246,57.984
151.0971,16.225,61.633
151.1133,18.75,53.335
151.1321,17.035,58.704
151.1491,17.702,56.49
151.1668,16.865,59.293
151.1837,17.746,56.352
151.2014,18.122,55.182
151.2195,18.212,54.909
151.2378,18.003,55.547
151.2558,56.558,17.681
151.3123,17.463,57.262
151.3298,19.019,52.58
151.3488,19.075,52.426
151.3679,19.322,51.754
151.3872,17.95,55.71
151.4051,18.782,53.242
151.4239,17.402,57.466
151.4413,17.494,57.163
151.4588,18.876,52.977
151.4777,17.644,56.676
151.4953,17.544,57.001
151.5129,18.224,54.872
151.5311,18.26,54.763
151.5494,16.965,58.946
151.5663,18.335,54.54
151.5847,17.642,56.684
151.6023,18.989,52.661
151.6213,19.795,50.518
151.6411,17.222,58.065
151.6583,18.52,53.995
151.6768,19.531,51.202
151.6964,18.32,54.586
151.7147,18.78,53.248
151.7335,19.518,51.236
151.753,18.262,54.759
151.7713,18.308,54.622
151.7896,29.538,33.854
151.8191,19.36,51.653
151.8385,17.872,55.954
151.8563,17.154,58.294
151.8735,15.736,63.547
151.8892,18.935,52.812
151.9082,18.774,53.266
151.9269,16.235,61.597
151.9432,17.572,56.909
151.9607,17.885,55.913
151.9786,18.524,53.985
151.9971,17.972,55.643
152.0151,18.944,52.788
152.0341,17.645,56.675
152.0517,18.794,53.209
152.0705,17.03,58.72
152.0875,18.179,55.01
152.1057,19.593,51.038
152.1253,20.069,49.828
152.1454,17.54,57.014
152.1629,17.009,58.792
152.1799,17.547,56.989
152.1975,19.114,52.318
152.2166,19.882,50.296
152.2365,17.182,58.201
152.2536,19.293,51.833
152.2729,17.046,58.664
152.29,19.632,50.938
152.3096,18.141,55.122
152.3278,18.923,52.845
152.3467,17.675,56.576
152.3644,17.249,57.975
152.3816,18.967,52.722
152.4006,18.616,53.718
152.4192,18.471,54.14
152.4377,18.866,53.006
152.4565,16.971,58.924
152.4735,20.942,47.751
152.4944,17.302,57.796
152.5117,20.973,47.681
152.5327,17.854,56.011
152.5506,19.778,50.562
152.5703,19.764,50.596
152.5901,17.314,57.758
152.6074,17.287,57.847
152.6247,18.786,53.23
152.6435,17.142,58.337
152.6606,18.782,53.242
152.6794,18.433,54.251
152.6978,19.084,52.4
152.7169,18.604,53.753
152.7355,19.245,51.963
152.7548,18.071,55.336
152.7729,18.619,53.708
152.7915,17.43,57.371
152.8089,18.918,52.86
152.8278,19.672,50.833
152.8475,18.614,53.723
152.8661,19.572,51.092
152.8857,18.919,52.858
152.9046,18.67,53.562
152.9233,18.956,52.754
152.9422,18.397,54.357
152.9606,18.749,53.336
152.9794,19.096,52.367
152.9985,17.237,58.016
153.0157,16.948,59.004
153.0326,17.875,55.944
153.0505,18.433,54.249
153.069,18.625,53.691
153.0876,19.825,50.441
153.1074,18.525,53.981
153.1259,18.693,53.496
153.1446,18.716,53.431
153.1633,18.241,54.82
153.1816,18.77,53.276
153.2004,18.926,52.837
153.2193,17.592,56.844
153.2369,19.4,51.545
153.2563,19.171,52.163
153.2754,17.273,57.892
153.2927,19.329,51.735
153.312,20.196,49.516
153.3322,18.798,53.198
153.351,18.347,54.506
153.3694,19.667,50.846
153.3891,19.096,52.366
153.4081,19.585,51.058
153.4277,20.236,49.416
153.448,19.449,51.415
153.4674,20.441,48.922
153.4879,18.717,53.427
153.5066,17.593,56.842
153.5242,18.635,53.662
153.5428,18.887,52.947
153.5617,19.358,51.659
153.5811,21.036,47.537
153.6021,16.782,59.587
153.6189,17.368,57.579
153.6362,18.063,55.361
153.6543,17.127,58.388
153.6714,18.971,52.711
153.6904,19.812,50.475
153.7102,17.926,55.784
153.7281,18.783,53.24
153.7469,20.069,49.828
153.767,19.671,50.836
153.7867,19.814,50.469
153.8065,18.852,53.044
153.8253,20.073,49.817
153.8454,17.105,58.461
153.8625,52.214,19.152
153.9147,18.917,52.864
153.9336,20.619,48.499
153.9543,18.277,54.712
153.9725,19.1,52.357
153.9916,19.163,52.185
154.0108,17.277,57.88
154.0281,18.856,53.034
154.0469,17.542,57.005
154.0645,18.356,54.477
154.0828,18.554,53.896
154.1014,20.216,49.466
154.1216,18.35,54.495
154.1399,17.329,57.706
154.1573,17.683,56.552
154.175,18.924,52.842
154.1939,20.534,48.701
154.2144,18.992,52.654
154.2334,18.87,52.995
154.2523,19.537,51.185
154.2718,18.891,52.936
154.2907,19.711,50.734
154.3104,17.937,55.752
154.3284,16.987,58.868
154.3453,17.504,57.131
154.3628,19.654,50.88
154.3825,18.786,53.232
154.4013,18.698,53.483
154.42,20.044,49.891
154.44,18.191,54.971
154.4582,18.88,52.965
154.4771,19.1,52.357
154.4962,20.287,49.292
154.5165,20.577,48.598
154.5371,18.287,54.683
154.5553,20.748,48.196
154.5761,17.987,55.597
154.5941,17.197,58.151
154.6113,19.655,50.878
154.6309,18.517,54.004
154.6495,18.788,53.226
154.6682,19.512,51.251
154.6878,19.644,50.907
154.7074,19.195,52.096
154.7266,19.329,51.737
154.7459,29.708,33.661
154.7756,18.163,55.057
154.7938,18.028,55.471
154.8118,18.659,53.593
154.8305,18.093,55.271
154.8486,18.117,55.197
154.8667,17.725,56.418
154.8844,18.647,53.629
154.9031,20.917,47.807
154.924,17.926,55.784
154.9419,18.696,53.487
154.9606,19.749,50.635
154.9803,18.202,54.939
154.9985,17.789,56.214
155.0163,19.21,52.055
155.0355,18.745,53.349
155.0543,18.693,53.495
155.073,20.036,49.909
155.093,19.382,51.595
155.1124,19.873,50.32
155.1323,19.165,52.18
155.1514,18.813,53.155
155.1703,20.031,49.923
155.1903,20.669,48.381
155.211,18.43,54.26
155.2294,19.042,52.516
155.2484,18.644,53.638
155.2671,19.499,51.286
155.2866,19.905,50.238
155.3065,19.722,50.705
155.3262,19.482,51.33
155.3457,19.888,50.281
155.3656,19.547,51.16
155.3851,19.49,51.308
155.4046,20.996,47.629
155.4256,18.281,54.703
155.4439,18.717,53.427
155.4626,18.558,53.886
155.4812,19.292,51.834
155.5004,19.668,50.843
155.5201,20.09,49.776
155.5402,18.105,55.232
155.5583,20.961,47.707
155.5793,22.379,44.685
155.6016,20.133,49.67
155.6218,20.806,48.063
155.6426,20.009,49.977
155.6626,19.272,51.888
155.6819,19.893,50.269
155.7018,19.233,51.993
155.721,18.895,52.923
155.7399,18.738,53.368
155.7586,21.37,46.795
155.78,19.367,51.635
155.7994,19.571,51.095
155.8189,17.972,55.643
155.8369,19.613,50.987
155.8565,19.43,51.468
155.876,20.127,49.684
155.8961,20.016,49.96
155.9161,19.509,51.258
155.9356,19.688,50.793
155.9553,20.165,49.592
155.9755,18.677,53.543
155.9941,18.657,53.6
156.0128,20.692,48.327
156.0335,20.145,49.64
156.0536,18.831,53.105
156.0725,20.69,48.334
156.0931,20.026,49.934
156.1132,18.943,52.791
156.1321,19.082,52.406
156.1512,20.584,48.582
156.1718,19.386,51.583
156.1912,19.666,50.848
156.2108,19.448,51.419
156.2303,19.849,50.381
156.2501,20.207,49.487
156.2703,19.0,52.63
156.2893,20.618,48.502
156.31,18.803,53.184
156.3288,20.366,49.102
156.3491,18.012,55.519
156.3671,18.504,54.042
156.3856,17.716,56.447
156.4034,21.227,47.109
156.4246,19.864,50.343
156.4444,19.668,50.844
156.4641,19.082,52.406
156.4832,19.521,51.226
156.5027,20.441,48.92
156.5232,20.029,49.928
156.5432,18.407,54.327
156.5616,19.31,51.785
156.5809,17.274,57.891
156.5982,19.155,52.206
156.6173,20.177,49.562
156.6375,19.314,51.775
156.6568,18.017,55.504
156.6748,18.203,54.936
156.693,19.895,50.263
156.7129,19.704,50.751
156.7326,18.598,53.769
156.7512,18.209,54.919
156.7695,19.662,50.86
156.7891,19.367,51.634
156.8085,18.144,55.114
156.8266,19.712,50.729
156.8463,20.779,48.126
156.8671,19.279,51.87
156.8864,18.931,52.823
156.9053,20.174,49.569
156.9255,19.16,52.193
156.9447,20.696,48.319
156.9654,19.016,52.588
156.9844,19.492,51.303
157.0039,20.008,49.981
157.0239,20.785,48.112
157.0447,19.657,50.874
157.0643,20.476,48.838
157.0848,20.095,49.763
157.1049,18.718,53.424
157.1236,18.642,53.642
157.1422,19.264,51.912
157.1615,18.976,52.698
157.1805,19.017,52.585
157.1995,19.985,50.037
157.2195,18.583,53.813
157.2381,18.884,52.954
157.257,19.371,51.624
157.2763,20.285,49.297
157.2966,19.575,51.086
157.3162,18.81,53.162
157.335,20.282,49.305
157.3553,17.607,56.797
157.3729,20.42,48.972
157.3933,19.457,51.397
157.4128,18.455,54.187
157.4312,18.461,54.168
157.4497,18.313,54.605
157.468,18.659,53.594
157.4866,20.51,48.757
157.5072,18.821,53.133
157.526,20.582,48.585
157.5466,17.662,56.617
157.5642,18.308,54.622
157.5825,18.949,52.774
157.6015,20.323,49.207
157.6218,19.935,50.163
157.6417,18.157,55.076
157.6599,19.334,51.722
157.6792,17.948,55.717
157.6972,19.665,50.852
157.7168,19.884,50.291
157.7367,20.009,49.977
157.7567,20.226,49.442
157.777,19.755,50.621
157.7967,20.329,49.191
157.817,19.963,50.093
157.837,20.812,48.05
157.8578,19.367,51.634
157.8772,20.559,48.64
157.8977,19.872,50.322
157.9176,18.48,54.114
157.9361,19.015,52.59
157.9551,18.073,55.332
157.9732,19.709,50.739
157.9929,19.898,50.255
158.0128,21.07,47.462
158.0339,19.792,50.525
158.0537,18.324,54.575
158.072,18.814,53.152
158.0908,18.103,55.239
158.1089,19.293,51.833
158.1282,18.5,54.055
158.1467,20.398,49.025
158.1671,19.569,51.102
158.1867,18.296,54.656
158.2049,17.608,56.791
158.2226,19.633,50.934
158.2422,20.72,48.262
158.2629,18.947,52.778
158.2819,20.702,48.304
158.3026,18.296,54.656
158.3209,19.326,51.744
158.3402,19.246,51.959
158.3594,18.452,54.193
158.3779,19.121,52.298
158.397,17.881,55.926
158.4149,18.372,54.431
158.4333,20.823,48.023
158.4541,19.921,50.197
158.474,18.94,52.799
158.4929,19.935,50.163
158.5129,20.019,49.952
158.5329,19.757,50.614
158.5526,19.22,52.03
158.5719,18.46,54.172
158.5903,18.626,53.69
158.609,19.267,51.901
158.6282,17.98,55.617
158.6462,19.496,51.292
158.6657,18.317,54.594
158.684,19.897,50.259
158.7039,19.225,52.015
158.7231,18.014,55.512
158.7412,19.064,52.455
158.7602,19.025,52.562
158.7792,18.735,53.375
158.798,19.208,52.062
158.8172,17.872,55.952
158.8351,19.373,51.618
158.8544,18.69,53.505
158.8731,18.181,55.002
158.8913,18.997,52.639
158.9103,18.341,54.523
158.9286,19.369,51.629
158.948,20.553,48.655
158.9686,21.733,46.012
158.9903,19.248,51.952
159.0095,17.983,55.607
159.0275,20.228,49.436
159.0478,19.594,51.036
159.0673,20.302,49.257
159.0876,19.637,50.925
159.1073,20.514,48.747
159.1278,20.066,49.837
159.1479,19.875,50.315
159.1677,17.278,57.876
159.185,18.343,54.516
159.2034,20.801,48.075
159.2242,19.826,50.438
159.244,19.18,52.139
159.2632,20.014,49.966
159.2832,18.943,52.789
159.3021,17.854,56.009
159.32,18.436,54.241
159.3384,17.948,55.716
159.3564,19.406,51.53
159.3758,18.576,53.833
159.3943,19.073,52.429
159.4134,19.775,50.57
159.4332,18.826,53.119
159.452,19.343,51.698
159.4714,19.418,51.498
159.4908,19.114,52.319
159.5099,19.266,51.904
159.5292,20.608,48.525
159.5498,19.099,52.36
159.5689,18.346,54.508
159.5872,19.45,51.413
159.6067,18.197,54.955
159.6249,20.429,48.951
159.6453,18.833,53.098
159.6641,19.557,51.133
159.6837,18.909,52.884
159.7026,20.85,47.961
159.7234,19.214,52.045
159.7427,18.076,55.322
159.7607,18.93,52.827
159.7797,18.582,53.815
159.7982,19.476,51.346
159.8177,21.032,47.546
159.8387,18.882,52.962
159.8576,18.575,53.837
159.8762,19.756,50.618
159.896,18.63,53.677
159.9146,20.068,49.831
159.9347,18.086,55.291
159.9527,19.514,51.246
159.9723,19.098,52.361
159.9914,17.956,55.692
160.0093,19.461,51.384
160.0288,19.83,50.428
160.0486,20.229,49.433
160.0688,20.268,49.338
160.0891,18.962,52.738
160.1081,19.191,52.109
160.1273,18.07,55.341
160.1453,19.151,52.218
160.1645,18.165,55.051
160.1826,20.707,48.293
160.2033,16.969,58.93
160.2203,17.816,56.13
160.2381,18.542,53.932
160.2567,19.28,51.866
160.276,17.165,58.259
160.2931,16.819,59.455
160.3099,18.437,54.237
160.3284,19.192,52.106
160.3476,18.606,53.747
160.3662,19.113,52.321
160.3853,18.299,54.649
160.4036,17.838,56.061
160.4214,19.262,51.915
160.4407,18.215,54.901
160.4589,18.382,54.4
160.4773,18.455,54.187
160.4957,18.297,54.655
160.514,18.479,54.115
160.5325,18.573,53.843
160.5511,18.504,54.044
160.5696,18.263,54.755
160.5879,18.2,54.946
160.6061,18.503,54.046
160.6246,17.942,55.734
160.6425,18.914,52.872
160.6614,18.071,55.336
160.6795,19.397,51.553
160.6989,17.151,58.306
160.716,19.058,52.471
160.7351,19.877,50.31
160.755,17.316,57.749
160.7723,19.583,51.064
160.7919,19.989,50.028
160.8119,18.791,53.216
160.8306,18.357,54.477
160.849,18.613,53.726
160.8676,18.721,53.416
160.8863,18.018,55.5
160.9044,17.145,58.325
160.9215,19.347,51.686
160.9408,19.32,51.759
160.9602,17.928,55.779
160.9781,17.474,57.227
160.9956,16.348,61.171
161.0119,18.692,53.498
161.0306,19.262,51.915
161.0499,17.855,56.006
161.0677,18.854,53.039
161.0866,19.344,51.694
161.1059,18.859,53.025
161.1248,17.071,58.58
161.1419,18.241,54.821
161.1601,17.665,56.608
161.1778,18.361,54.463
161.1961,18.28,54.706
161.2144,19.21,52.056
161.2336,17.918,55.809
161.2515,17.803,56.169
161.2693,19.504,51.271
161.2888,19.08,52.41
161.3079,18.954,52.758
161.3269,19.247,51.957
161.3461,44.81,22.316
161.3909,18.728,53.396
161.4097,18.271,54.733
161.4279,18.088,55.285
161.446,16.683,59.942
161.4627,39.399,25.382
161.5021,19.66,50.865
161.5218,18.363,54.457
161.5401,18.655,53.604
161.5588,18.853,53.042
161.5776,18.861,53.02
161.5965,18.101,55.246
161.6146,19.518,51.236
161.6341,18.497,54.061
161.6526,17.378,57.543
161.67,18.07,55.341
161.6881,17.219,58.075
161.7053,18.723,53.409
161.724,18.907,52.891
161.7429,17.954,55.697
161.7609,17.088,58.522
161.7779,18.253,54.787
161.7962,17.021,58.751
161.8132,18.71,53.446
161.8319,17.782,56.237
161.8497,20.113,49.72
161.8698,17.328,57.709
161.8872,17.523,57.069
161.9047,19.217,52.038
161.9239,17.043,58.677
161.9409,19.365,51.639
161.9603,19.235,51.987
161.9795,19.066,52.448
161.9986,18.398,54.354
162.017,18.226,54.866
162.0352,18.833,53.099
162.0541,17.403,57.461
162.0715,18.657,53.599
162.0901,18.87,52.994
162.109,18.711,53.444
162.1277,17.455,57.29
162.1452,19.551,51.148
162.1647,18.721,53.416
162.1834,18.321,54.581
162.2017,17.237,58.016
162.219,18.436,54.243
162.2374,17.373,57.561
162.2548,19.613,50.987
162.2744,17.217,58.083
162.2916,18.421,54.287
162.31,18.322,54.579
162.3284,17.508,57.118
162.3459,18.347,54.506
162.3642,17.204,58.127
162.3814,18.579,53.825
162.4,18.201,54.941
162.4182,18.755,53.319
162.437,17.764,56.294
162.4547,18.74,53.361
162.4735,18.873,52.986
162.4923,17.961,55.675
162.5103,18.012,55.52
162.5283,16.929,59.069
162.5452,16.301,61.346
162.5615,15.475,64.621
162.577,19.21,52.056
162.5962,17.848,56.028
162.6141,16.291,61.384
162.6304,20.102,49.746
162.6505,18.32,54.586
162.6688,17.872,55.953
162.6867,17.873,55.949
162.7045,16.319,61.278
162.7208,19.566,51.109
162.7404,17.735,56.385
162.7581,17.889,55.9
162.776,16.683,59.941
162.7927,19.437,51.449
162.8122,18.317,54.594
162.8305,17.916,55.818
162.8484,17.386,57.517
162.8658,17.006,58.801
162.8828,18.101,55.247
162.9009,17.94,55.741
162.9188,16.992,58.853
162.9358,18.541,53.934
162.9544,18.581,53.817
162.9729,18.353,54.486
162.9913,17.65,56.656
163.0089,16.941,59.029
163.0259,15.426,64.824
163.0413,17.75,56.339
163.0591,15.555,64.29
163.0746,18.321,54.581
163.0929,18.415,54.303
163.1114,17.501,57.139
163.1289,19.102,52.352
163.148,18.08,55.309
163.166,16.817,59.464
163.1829,18.027,55.472
163.2009,17.591,56.846
163.2185,17.655,56.642
163.2361,16.721,59.803
163.2528,16.948,59.003
163.2698,17.864,55.978
163.2877,17.851,56.021
163.3055,16.036,62.358
163.3215,18.275,54.719
163.3398,16.737,59.747
163.3566,17.108,58.454
163.3737,18.142,55.12
163.3918,16.653,60.048
163.4085,19.115,52.314
163.4276,16.859,59.315
163.4444,16.126,62.01
163.4606,17.803,56.171
163.4784,16.767,59.642
163.4951,18.29,54.676
163.5134,19.03,52.55
163.5324,16.645,60.077
163.5491,16.694,59.902
163.5658,18.918,52.858
163.5847,18.892,52.931
163.6036,18.377,54.415
163.622,16.77,59.632
163.6387,17.846,56.036
163.6566,17.003,58.813
163.6736,16.831,59.414
163.6904,17.09,58.513
163.7075,17.503,57.132
163.725,18.161,55.062
163.7432,17.017,58.764
163.7602,18.1,55.248
163.7783,16.683,59.94
163.795,16.649,60.064
163.8116,17.76,56.306
163.8294,18.251,54.792
163.8476,17.725,56.418
163.8654,16.654,60.044
163.882,18.389,54.381
163.9004,17.454,57.292
163.9179,17.925,55.789
163.9358,17.485,57.192
163.9533,16.333,61.227
163.9696,16.952,58.991
163.9866,17.798,56.187
164.0044,16.469,60.719
164.0208,29.551,33.84
164.0504,16.357,61.135
164.0667,17.959,55.683
164.0847,17.797,56.19
164.1025,17.668,56.599
164.1202,17.309,57.774
164.1375,17.99,55.587
164.1555,16.938,59.04
164.1724,18.69,53.504
164.1911,15.815,63.232
164.2069,17.709,56.469
164.2246,18.51,54.025
164.2431,18.402,54.343
164.2615,17.889,55.902
164.2794,16.419,60.906
164.2958,16.17,61.844
164.312,17.5,57.143
164.3295,17.126,58.39
164.3466,19.517,51.238
164.3661,16.81,59.489
164.3829,18.836,53.089
164.4018,16.098,62.119
164.4179,19.006,52.616
164.4369,17.305,57.787
164.4542,16.83,59.417
164.471,19.853,50.371
164.4909,15.574,64.211
164.5064,16.123,62.025
164.5226,17.23,58.037
164.5398,17.596,56.832
164.5574,16.909,59.139
164.5743,18.228,54.861
164.5925,17.593,56.84
164.6101,16.387,61.022
164.6265,18.576,53.834
164.6451,18.048,55.407
164.6631,18.189,54.978
164.6813,16.717,59.82
164.698,17.347,57.648
164.7154,17.11,58.447
164.7325,18.155,55.08
164.7507,16.961,58.96
164.7676,16.864,59.299
164.7845,16.467,60.726
164.8009,14.871,67.246
164.8158,17.216,58.087
164.833,17.019,58.757
164.8501,15.047,66.46
164.8651,17.337,57.681
164.8824,15.449,64.727
164.8979,17.843,56.044
164.9157,17.826,56.098
164.9336,16.932,59.059
164.9505,18.267,54.743
164.9688,17.032,58.713
164.9858,17.861,55.988
165.0036,16.127,62.007
165.0198,14.92,67.026
165.0347,17.049,58.654
165.0517,18.515,54.01
165.0703,17.107,58.457
165.0874,16.57,60.351
165.1039,16.674,59.973
165.1206,17.767,56.286
165.1384,17.275,57.887
165.1557,16.25,61.538
165.1719,18.514,54.014
165.1904,19.866,50.336
165.2103,17.026,58.733
165.2273,16.239,61.579
165.2435,16.253,61.526
165.2598,17.672,56.587
165.2775,18.478,54.119
165.296,15.894,62.916
165.3118,15.087,66.281
165.3269,16.701,59.877
165.3436,17.165,58.257
165.3608,15.361,65.101
165.3762,16.074,62.213
165.3922,18.854,53.038
165.4111,16.671,59.984
165.4278,16.668,59.994
165.4444,16.593,60.267
165.461,16.805,59.505
165.4778,17.476,57.223
165.4953,17.924,55.792
165.5132,18.149,55.1
165.5314,17.351,57.633
165.5487,18.373,54.426
165.5671,16.926,59.082
165.584,18.551,53.906
165.6026,17.341,57.665
165.6199,18.071,55.339
165.638,16.395,60.993
165.6544,16.638,60.102
165.671,15.944,62.721
165.687,18.115,55.202
165.7051,16.757,59.678
165.7218,17.971,55.645
165.7398,17.886,55.911
165.7577,16.242,61.569
165.7739,17.676,56.573
165.7916,16.765,59.649
165.8084,16.696,59.895
165.8251,16.785,59.577
165.8419,16.631,60.128
165.8585,15.192,65.823
165.8737,17.469,57.244
165.8911,18.01,55.525
165.9092,18.238,54.831
165.9274,16.067,62.239
165.9435,17.31,57.77
165.9608,19.13,52.274
165.9799,15.636,63.954
165.9955,17.012,58.784
166.0126,17.954,55.698
166.0305,17.246,57.986
166.0478,16.633,60.123
166.0644,15.84,63.133
166.0802,17.365,57.589
166.0976,16.434,60.848
166.114,17.395,57.488
166.1314,18.841,53.075
166.1503,16.79,59.559
166.167,18.149,55.099
166.1852,16.551,60.42
166.2017,17.566,56.929
166.2193,17.287,57.845
166.2366,16.69,59.915
166.2533,17.568,56.921
166.2709,17.792,56.206
166.2887,17.316,57.748
166.306,16.669,59.991
166.3226,16.203,61.716
166.3388,17.345,57.653
166.3562,18.121,55.184
166.3743,15.682,63.767
166.39,17.615,56.769
166.4076,17.587,56.86
166.4252,16.983,58.883
166.4422,17.849,56.025
166.46,15.361,65.099
166.4754,17.414,57.427
166.4928,16.874,59.264
166.5097,17.374,57.556
166.527,16.798,59.53
166.5438,16.259,61.505
166.5601,18.898,52.916
166.579,17.84,56.052
166.5968,18.766,53.289
166.6156,18.439,54.232
166.634,15.735,63.551
166.6498,17.15,58.309
166.6669,17.327,57.715
166.6843,17.42,57.405
166.7017,18.285,54.69
166.72,16.387,61.022
166.7364,16.745,59.718
166.7531,19.219,52.033
166.7723,16.673,59.978
166.789,16.811,59.484
166.8058,34.287,29.166
166.8401,17.756,56.318
166.8578,16.834,59.403
166.8747,17.519,57.081
166.8922,16.58,60.313
166.9088,15.037,66.501
166.9238,17.201,58.136
166.941,16.062,62.26
166.9571,16.71,59.846
166.9738,17.2,58.138
166.991,17.856,56.004
167.0088,17.608,56.793
167.0264,19.284,51.857
167.0457,18.168,55.041
167.0639,15.405,64.912
167.0793,17.04,58.686
167.0963,17.922,55.797
167.1143,17.045,58.669
167.1313,19.326,51.743
167.1506,17.611,56.783
167.1682,17.634,56.708
167.1859,17.406,57.451
167.2033,16.044,62.328
167.2193,19.199,52.085
167.2385,16.709,59.847
167.2552,17.32,57.737
167.2726,16.666,60.004
167.2892,17.896,55.878
167.3071,17.88,55.928
167.325,18.267,54.744
167.3433,17.781,56.24
167.3611,17.797,56.188
167.3789,17.323,57.728
167.3962,16.482,60.673
167.4127,18.088,55.285
167.4307,17.254,57.959
167.448,18.073,55.33
167.4661,16.33,61.236
167.4824,17.501,57.14
167.4999,15.11,66.181
167.515,18.247,54.803
167.5333,16.338,61.206
167.5496,17.416,57.42
167.567,17.371,57.567
167.5844,16.858,59.319
167.6012,15.934,62.761
167.6172,16.08,62.188
167.6333,16.198,61.736
167.6495,17.393,57.494
167.6668,17.889,55.899
167.6847,19.493,51.301
167.7042,15.4,64.935
167.7196,18.742,53.357
167.7384,17.114,58.431
167.7555,17.13,58.378
167.7726,17.441,57.335
167.7901,16.46,60.752
167.8065,16.236,61.592
167.8228,18.131,55.154
167.8409,17.028,58.725
167.8579,17.989,55.589
167.8759,18.21,54.915
167.8941,18.37,54.436
167.9125,17.502,57.135
167.93,17.353,57.626
167.9473,17.032,58.713
167.9644,17.511,57.106
167.9819,17.082,58.541
167.999,16.258,61.509
168.0152,17.044,58.673
168.0323,17.055,58.635
168.0493,17.41,57.439
168.0667,16.747,59.711
168.0835,18.147,55.106
168.1016,15.749,63.496
168.1174,16.164,61.865
168.1335,16.311,61.307
168.1498,16.016,62.437
168.1659,17.24,58.004
168.1831,16.005,62.48
168.1991,18.227,54.862
168.2173,18.389,54.381
168.2357,15.066,66.374
168.2508,17.715,56.449
168.2685,18.607,53.744
168.2871,16.764,59.653
168.3039,17.566,56.927
168.3214,16.767,59.641
168.3382,16.829,59.421
168.355,16.285,61.405
168.3713,17.004,58.809
168.3883,16.305,61.331
168.4046,16.737,59.746
168.4214,16.708,59.85
168.4381,17.067,58.591
168.4551,18.315,54.601
168.4735,17.033,58.711
168.4905,16.409,60.941
168.5069,18.224,54.872
168.5251,17.393,57.496
168.5425,18.333,54.546
168.5609,18.337,54.535
168.5792,16.394,60.998
168.5956,17.911,55.832
168.6135,18.265,54.75
168.6318,17.96,55.678
168.6497,15.973,62.604
168.6657,17.889,55.901
168.6836,18.229,54.858
168.7018,18.652,53.613
168.7205,17.929,55.776
168.7384,16.583,60.304
168.755,17.846,56.034
168.7728,17.935,55.757
168.7908,16.731,59.769
168.8075,17.134,58.363
168.8246,17.738,56.375
168.8424,17.14,58.345
168.8595,18.24,54.826
168.8777,17.428,57.377
168.8952,18.685,53.52
168.9138,16.422,60.893
168.9303,17.848,56.028
168.9481,17.299,57.807
168.9654,17.543,57.001
168.983,17.849,56.026
169.0008,17.158,58.282
169.018,15.679,63.78
169.0336,17.931,55.77
169.0516,18.247,54.803
169.0698,18.215,54.899
169.088,16.667,59.999
169.1047,18.178,55.013
169.1229,16.222,61.646
169.1391,17.827,56.096
169.1569,17.028,58.728
169.174,15.982,62.571
169.1899,16.524,60.519
169.2065,16.717,59.819
169.2232,16.694,59.903
169.2399,18.179,55.01
169.2581,18.336,54.537
169.2764,15.155,65.986
169.2915,16.864,59.299
169.3084,17.599,56.821
169.326,17.726,56.414
169.3437,16.558,60.394
169.3603,16.244,61.561
169.3765,18.183,54.996
169.3947,16.456,60.769
169.4112,18.279,54.708
169.4295,16.721,59.804
169.4462,16.383,61.039
169.4626,18.174,55.023
169.4807,15.884,62.958
169.4966,17.749,56.342
169.5144,18.995,52.644
169.5334,17.403,57.463
169.5508,17.828,56.093
169.5686,16.886,59.219
169.5855,18.505,54.039
169.604,17.206,58.12
169.6212,16.547,60.434
169.6377,17.922,55.797
169.6557,17.005,58.806
169.6727,17.396,57.483
169.6901,18.984,52.676
169.709,17.855,56.007
169.7269,16.955,58.979
169.7439,18.037,55.442
169.7619,18.585,53.808
169.7805,16.831,59.415
169.7973,18.289,54.679
169.8156,17.173,58.232
169.8328,16.55,60.425
169.8493,17.161,58.271
169.8665,17.016,58.768
169.8835,16.848,59.355
169.9003,17.115,58.428
169.9175,17.224,58.059
169.9347,16.451,60.786
169.9511,17.03,58.721
169.9682,18.627,53.685
169.9868,17.782,56.238
170.0046,16.444,60.812
170.021,17.561,56.943
170.0386,16.359,61.129
170.0549,19.712,50.731
170.0746,17.514,57.096
170.0922,16.383,61.04
170.1085,18.417,54.297
170.127,18.086,55.29
170.145,18.527,53.976
170.1636,17.556,56.959
170.1811,17.262,57.929
170.1984,15.614,64.043
170.214,18.115,55.202
170.2321,19.079,52.413
170.2512,17.713,56.456
170.2689,18.972,52.71
170.2879,17.917,55.814
170.3058,16.116,62.05
170.3219,16.982,58.887
170.3389,17.792,56.206
170.3567,17.231,58.035
170.3739,17.284,57.857
170.3912,18.292,54.669
170.4095,16.93,59.068
170.4264,17.636,56.701
170.4441,18.62,53.707
170.4627,17.766,56.286
170.4805,17.392,57.497
170.4978,17.06,58.615
170.5149,18.326,54.567
170.5332,18.593,53.782
170.5518,17.382,57.532
170.5692,16.934,59.052
170.5861,17.392,57.499
170.6035,18.555,53.895
170.6221,17.099,58.482
170.6392,16.899,59.176
170.6561,18.811,53.159
170.6749,16.824,59.438
170.6917,17.71,56.465
170.7094,18.763,53.296
170.7282,16.271,61.46
170.7445,18.605,53.749
170.7631,16.199,61.731
170.7793,15.878,62.98
170.7951,17.997,55.566
170.8131,17.05,58.651
170.8302,18.183,54.996
170.8484,17.138,58.35
170.8655,18.925,52.84
170.8844,16.576,60.329
170.901,17.514,57.099
170.9185,17.486,57.188
170.936,18.834,53.095
170.9548,17.703,56.486
170.9726,18.834,53.096
170.9914,17.648,56.664
171.009,16.967,58.937
171.026,16.769,59.633
171.0428,17.883,55.919
171.0607,15.709,63.657
171.0764,17.599,56.82
171.094,18.225,54.869
171.1122,17.047,58.661
171.1292,17.888,55.903
171.1471,18.635,53.661
171.1658,15.377,65.031
171.1811,18.152,55.09
171.1993,18.132,55.15
171.2174,17.88,55.929
171.2353,17.529,57.049
171.2528,17.867,55.971
171.2707,18.354,54.483
171.289,17.858,55.997
171.3069,17.875,55.944
171.3248,18.281,54.703
171.3431,18.353,54.488
171.3614,17.799,56.184
171.3792,18.451,54.197
171.3977,18.253,54.787
171.4159,18.057,55.381
171.434,16.48,60.68
171.4505,17.504,57.129
171.468,17.468,57.246
171.4854,17.813,56.137
171.5032,19.214,52.044
171.5225,17.109,58.448
171.5396,17.947,55.719
171.5575,17.773,56.264
171.5753,17.602,56.813
171.5929,17.568,56.923
171.6105,16.444,60.814
171.6269,17.324,57.724
171.6442,18.033,55.453
171.6623,17.926,55.784
171.6802,16.418,60.908
171.6966,16.817,59.464
171.7134,16.835,59.4
171.7303,18.567,53.859
171.7488,18.876,52.978
171.7677,18.777,53.256
171.7865,18.171,55.033
171.8046,17.748,56.343
171.8224,17.93,55.773
171.8403,17.626,56.735
171.8579,17.199,58.143
171.8751,18.486,54.094
171.8936,17.467,57.25
171.9111,17.95,55.711
171.929,17.379,57.54
171.9464,18.156,55.079
171.9646,16.706,59.86
171.9813,18.89,52.938
172.0002,18.388,54.382
172.0186,16.328,61.243
172.0349,18.172,55.028
172.0531,17.259,57.941
172.0703,16.78,59.596
172.0871,17.016,58.768
172.1041,18.807,53.172
172.1229,17.746,56.352
172.1407,17.842,56.047
172.1585,19.179,52.139
172.1777,17.301,57.801
172.195,17.048,58.659
172.212,17.574,56.902
172.2296,17.639,56.691
172.2473,17.368,57.578
172.2646,18.088,55.286
172.2827,16.556,60.403
172.2993,16.555,60.403
172.3158,16.868,59.284
172.3327,17.222,58.066
172.3499,18.069,55.342
172.368,18.679,53.535
172.3867,17.59,56.85
172.4043,15.965,62.639
172.4202,16.985,58.875
172.4372,19.193,52.102
172.4564,16.435,60.846
172.4728,18.823,53.128
172.4917,18.098,55.254
172.5098,16.368,61.094
172.5261,18.29,54.675
172.5444,19.581,51.071
172.564,18.582,53.816
172.5826,16.896,59.185
172.5995,15.54,64.352
172.615,17.15,58.308
172.6322,16.663,60.012
172.6488,17.092,58.507
172.6659,18.994,52.648
172.6849,19.843,50.397
172.7048,18.702,53.471
172.7235,17.033,58.709
172.7405,17.848,56.029
172.7583,18.293,54.666
172.7766,17.238,58.01
172.7939,18.037,55.443
172.8119,17.174,58.228
172.8291,17.327,57.713
172.8464,19.944,50.14
172.8663,19.535,51.191
172.8859,17.602,56.812
172.9035,18.626,53.689
172.9221,17.549,56.984
172.9397,17.276,57.884
172.9569,17.923,55.795
172.9749,16.896,59.187
172.9918,18.119,55.189
173.0099,17.949,55.714
173.0278,15.549,64.315
173.0434,17.835,56.069
173.0612,16.905,59.155
173.0781,17.425,57.388
173.0955,19.35,51.679
173.1149,18.389,54.38
173.1333,17.953,55.7
173.1512,17.498,57.149
173.1687,18.169,55.038
173.1869,18.632,53.672
173.2055,16.837,59.393
173.2224,19.184,52.126
173.2415,16.114,62.059
173.2577,18.998,52.637
173.2767,18.662,53.584
173.2953,16.345,61.181
173.3117,18.751,53.33
173.3304,18.547,53.916
173.349,16.931,59.064
173.3659,17.975,55.631
173.3839,17.578,56.89
173.4014,18.321,54.581
173.4198,19.927,50.183
173.4397,17.454,57.292
173.4572,19.227,52.011
173.4764,16.894,59.192
173.4933,17.106,58.458
173.5104,18.45,54.2
173.5288,16.97,58.927
173.5458,18.241,54.823
173.564,18.724,53.408
173.5828,17.455,57.291
173.6002,16.385,61.031
173.6166,16.098,62.121
173.6327,17.833,56.077
173.6505,18.531,53.964
173.6691,17.32,57.738
173.6864,14.473,69.096
173.7009,16.273,61.453
173.7171,18.205,54.928
173.7353,17.842,56.049
173.7532,18.744,53.352
173.7719,18.838,53.085
173.7908,16.084,62.172
173.8068,17.91,55.835
173.8248,15.691,63.73
173.8404,17.264,57.923
173.8577,19.778,50.561
173.8775,18.535,53.951
173.896,17.172,58.235
173.9132,17.388,57.512
173.9306,17.246,57.983
173.9478,18.458,54.176
173.9663,18.228,54.86
173.9845,15.356,65.122
173.9999,18.968,52.72
174.0188,18.134,55.146
174.037,19.186,52.12
174.0562,16.927,59.079
174.0731,17.526,57.057
174.0906,16.925,59.083
174.1075,18.453,54.191
174.126,17.701,56.492
174.1437,17.574,56.901
174.1613,17.909,55.837
174.1792,17.324,57.724
174.1965,16.639,60.101
174.2131,17.758,56.313
174.2309,17.051,58.649
174.2479,17.727,56.413
174.2657,17.164,58.261
174.2828,17.859,55.994
174.3007,19.238,51.981
174.3199,16.407,60.949
174.3363,17.858,55.999
174.3542,17.139,58.345
174.3713,17.107,58.457
174.3884,17.699,56.501
174.4061,17.607,56.797
174.4237,16.983,58.881
174.4407,18.048,55.408
174.4588,16.629,60.136
174.4754,17.537,57.023
174.4929,15.659,63.862
174.5086,18.197,54.953
174.5268,16.056,62.281
174.5429,16.335,61.219
174.5592,16.024,62.408
174.5752,19.18,52.139
174.5944,16.763,59.654
174.6112,15.35,65.147
174.6265,18.493,54.076
174.645,17.564,56.933
174.6626,17.529,57.049
174.6801,17.81,56.147
174.6979,17.255,57.953
174.7152,17.671,56.591
174.7328,17.249,57.975
174.7501,16.088,62.159
174.7662,18.344,54.513
174.7845,17.468,57.249
174.802,19.345,51.694
174.8213,18.517,54.005
174.8398,16.871,59.273
174.8567,17.716,56.446
174.8744,18.531,53.964
174.893,17.001,58.819
174.91,18.894,52.927
174.9289,18.308,54.62
174.9472,16.961,58.959
174.9641,18.264,54.753
174.9824,17.611,56.783
175.0,15.562,64.26
175.0156,18.636,53.661
175.0342,17.8,56.178
175.052,19.386,51.583
175.0714,18.475,54.127
175.0899,17.373,57.56
175.1072,16.916,59.116
175.1241,16.561,60.384
175.1407,25.583,39.088
175.1663,16.613,60.195
175.1829,16.242,61.567
175.1991,17.854,56.01
175.217,18.125,55.172
175.2351,17.145,58.326
175.2523,16.412,60.932
175.2687,16.12,62.036
175.2848,17.813,56.138
175.3026,16.935,59.048
175.3195,17.301,57.802
175.3368,15.537,64.363
175.3524,14.697,68.04
175.3671,17.145,58.328
175.3842,16.08,62.19
175.4003,17.32,57.738
175.4176,18.423,54.279
175.4361,17.027,58.731
175.4531,18.216,54.895
175.4713,18.348,54.502
175.4896,17.556,56.96
175.5072,17.417,57.414
175.5246,16.642,60.09
175.5413,16.903,59.163
175.5582,15.944,62.72
175.5741,18.088,55.287
175.5922,18.421,54.287
175.6106,18.097,55.258
175.6287,16.506,60.585
175.6452,19.345,51.694
175.6646,16.559,60.39
175.6811,17.372,57.564
175.6985,16.768,59.638
175.7153,16.894,59.192
175.7322,16.391,61.011
175.7485,16.617,60.179
175.7652,17.191,58.17
175.7824,17.635,56.706
175.8,15.937,62.748
175.8159,18.573,53.84
175.8345,17.582,56.877
175.8521,19.176,52.149
175.8713,18.903,52.903
175.8902,16.973,58.917
175.9071,16.541,60.457
175.9237,17.139,58.345
175.9408,15.604,64.087
175.9564,16.004,62.485
175.9724,17.307,57.78
175.9897,15.282,65.435
176.005,16.168,61.85
176.0212,18.24,54.824
176.0394,17.652,56.65
176.0571,18.154,55.083
176.0752,17.294,57.823
176.0925,16.728,59.779
176.1092,16.671,59.983
176.1259,18.069,55.345
176.144,17.424,57.391
176.1614,17.403,57.462
176.1788,17.131,58.374
176.1959,16.547,60.433
176.2125,17.154,58.295
176.2296,18.788,53.226
176.2484,17.198,58.146
176.2656,16.065,62.245
176.2817,15.251,65.569
176.2969,17.212,58.099
176.3142,19.347,51.688
176.3335,17.159,58.278
176.3507,17.12,58.412
176.3678,17.513,57.099
176.3853,15.508,64.482
176.4008,17.581,56.88
176.4184,17.325,57.722
176.4357,17.042,58.678
176.4528,17.748,56.344
176.4705,15.995,62.518
176.4865,14.537,68.79
176.501,16.641,60.092
176.5177,16.159,61.886
176.5338,17.754,56.324
176.5516,18.02,55.495
176.5696,17.208,58.112
176.5868,17.345,57.653
176.6042,16.801,59.521
176.621,16.507,60.58
176.6375,16.71,59.844
176.6542,15.396,64.953
176.6696,36.028,27.757
176.7056,16.811,59.484
176.7224,16.32,61.276
176.7387,17.456,57.286
176.7562,17.292,57.831
176.7735,15.0,66.666
176.7885,16.636,60.111
176.8051,16.566,60.364
176.8217,16.551,60.419
176.8382,16.567,60.36
176.8548,18.87,52.994
176.8737,15.931,62.77
176.8896,17.651,56.655
176.9073,16.796,59.537
176.924,17.426,57.387
176.9415,15.058,66.409
176.9565,17.886,55.909
176.9744,16.474,60.702
176.9909,16.864,59.299
177.0078,15.463,64.671
177.0232,17.498,57.15
177.0407,18.594,53.782
177.0593,15.57,64.226
177.0749,16.267,61.474
177.0911,16.27,61.461
177.1074,18.256,54.777
177.1257,15.421,64.846
177.1411,16.828,59.426
177.1579,16.761,59.663
177.1747,17.504,57.129
177.1922,18.316,54.596
177.2105,16.507,60.581
177.227,16.594,60.263
177.2436,17.159,58.279
177.2608,16.478,60.687
177.2772,17.424,57.391
177.2947,17.373,57.561
177.312,15.491,64.555
177.3275,16.156,61.898
177.3437,16.352,61.156
177.36,15.263,65.518
177.3753,17.923,55.793
177.3932,15.591,64.138
177.4088,16.778,59.602
177.4256,16.882,59.235
177.4425,17.214,58.094
177.4597,17.242,57.998
177.4769,17.257,57.947
177.4942,16.746,59.717
177.5109,16.29,61.389
177.5272,16.331,61.232
177.5436,17.705,56.481
177.5613,17.089,58.517
177.5783,15.758,63.461
177.5941,15.393,64.964
177.6095,14.834,67.41
177.6243,15.542,64.341
177.6399,16.198,61.738
177.6561,16.775,59.611
177.6728,15.545,64.328
177.6884,15.436,64.784
177.7038,15.335,65.212
177.7192,15.607,64.075
177.7348,16.657,60.033
177.7514,15.649,63.901
177.7671,16.666,60.004
177.7837,15.146,66.024
177.7989,16.492,60.635
177.8154,18.121,55.186
177.8335,15.927,62.788
177.8494,16.708,59.85
177.8661,15.829,63.173
177.882,17.395,57.488
177.8994,15.728,63.58
177.9151,16.154,61.904
177.9312,15.164,65.944
177.9464,14.649,68.266
177.9611,16.23,61.614
177.9773,16.781,59.59
177.9941,16.583,60.302
178.0107,17.216,58.084
178.0279,15.7,63.694
178.0436,17.514,57.097
178.0611,14.998,66.674
178.0761,16.727,59.783
178.0928,17.02,58.753
178.1098,16.076,62.203
178.1259,15.411,64.891
178.1413,14.567,68.649
178.1559,15.134,66.077
178.171,17.612,56.778
178.1886,15.058,66.41
178.2037,17.754,56.325
178.2214,16.754,59.686
178.2382,16.632,60.125
178.2548,16.12,62.037
178.2709,17.889,55.901
178.2888,15.042,66.479
178.3039,16.396,60.989
178.3203,14.91,67.069
178.3352,15.603,64.09
178.3508,16.449,60.793
178.3672,16.781,59.591
178.384,15.03,66.532
178.399,15.173,65.907
178.4142,16.257,61.513
178.4305,15.2,65.789
178.4457,17.817,56.126
178.4635,17.329,57.707
178.4808,16.113,62.062
178.4969,16.166,61.86
178.5131,16.927,59.078
178.53,17.511,57.108
178.5475,16.921,59.099
178.5645,38.131,26.225
178.6026,18.047,55.411
178.6206,16.915,59.12
178.6376,17.067,58.593
178.6546,16.835,59.4
178.6715,17.819,56.119
178.6893,15.814,63.236
178.7051,16.156,61.895
178.7212,15.538,64.356
178.7368,17.031,58.718
178.7538,15.981,62.575
178.7698,16.466,60.732
178.7863,17.703,56.489
178.804,17.29,57.835
178.8213,16.069,62.232
178.8373,16.398,60.984
178.8537,16.969,58.93
178.8707,15.892,62.923
178.8866,14.933,66.964
178.9015,15.54,64.352
178.9171,15.849,63.096
178.9329,17.678,56.566
178.9506,14.91,67.069
178.9655,16.403,60.966
178.9819,14.908,67.076
178.9968,15.68,63.775
179.0125,15.943,62.722
179.0284,15.334,65.213
179.0438,15.876,62.99
179.0596,15.304,65.343
179.0749,15.846,63.108
179.0908,17.498,57.148
179.1083,15.238,65.627
179.1235,15.617,64.032
179.1391,13.791,72.51
179.1529,17.877,55.939
179.1708,15.141,66.044
179.1859,14.735,67.867
179.2007,16.536,60.474
179.2172,16.56,60.386
179.2338,15.748,63.499
179.2495,15.089,66.274
179.2646,14.921,67.021
179.2795,14.518,68.879
179.2941,15.428,64.819
179.3095,14.896,67.132
179.3244,14.619,68.403
179.339,14.978,66.762
179.354,15.526,64.407
179.3695,14.946,66.908
179.3844,15.492,64.547
179.3999,17.358,57.612
179.4173,15.269,65.492
179.4326,15.822,63.201
179.4484,16.267,61.473
179.4647,15.575,64.206
179.4802,16.473,60.707
179.4967,16.665,60.005
179.5134,16.47,60.716
179.5298,15.532,64.384
179.5454,15.716,63.628
179.5611,16.206,61.706
179.5773,14.623,68.387
179.5919,15.251,65.568
179.6072,15.398,64.942
179.6226,17.392,57.499
179.64,15.898,62.9
179.6559,16.127,62.008
179.672,15.182,65.867
179.6872,15.742,63.524
179.7029,16.56,60.386
179.7195,17.426,57.385
179.7369,14.159,70.627
179.7511,15.811,63.248
179.7669,15.37,65.063
179.7822,16.82,59.451
179.7991,14.682,68.112
179.8137,15.215,65.723
179.8289,16.333,61.227
179.8453,15.599,64.109
179.8609,15.263,65.518
179.8761,14.397,69.458
179.8905,16.036,62.361
179.9066,14.834,67.411
179.9214,14.874,67.231
179.9363,15.619,64.026
179.9519,16.074,62.212
179.968,13.74,72.782
179.9817,16.541,60.455
179.9983,16.024,62.408
180.0143,14.812,67.511
180.0291,15.587,64.156
180.0447,14.248,70.185
180.0589,15.038,66.5
180.074,15.509,64.48
180.0895,17.349,57.642
180.1068,14.921,67.02
180.1217,16.616,60.183
180.1384,15.528,64.4
180.1539,15.367,65.074
180.1693,15.996,62.514
180.1853,16.076,62.205
180.2013,15.777,63.382
180.2171,16.139,61.96
180.2332,15.296,65.376
180.2485,15.351,65.142
180.2639,15.799,63.294
180.2797,16.172,61.834
180.2959,15.999,62.503
180.3119,15.626,63.994
180.3275,15.479,64.602
180.343,17.814,56.134
180.3608,16.569,60.354
180.3774,15.566,64.241
180.3929,14.811,67.516
180.4077,16.309,61.318
180.424,15.132,66.086
180.4392,15.2,65.788
180.4544,15.829,63.176
180.4702,15.116,66.157
180.4853,15.569,64.231
180.5009,18.634,53.665
180.5195,15.945,62.717
180.5355,16.192,61.76
180.5517,15.573,64.212
180.5672,16.071,62.222
180.5833,15.629,63.982
180.5989,15.994,62.522
180.6149,14.558,68.689
180.6295,14.734,67.868
180.6442,14.133,70.755
180.6583,16.001,62.496
180.6744,15.167,65.934
180.6895,15.201,65.787
180.7047,14.501,68.959
180.7192,15.7,63.695
180.7349,15.211,65.743
180.7501,15.382,65.013
180.7655,16.365,61.104
180.7819,14.953,66.875
180.7968,15.761,63.448
180.8126,15.524,64.416
180.8281,14.965,66.821
180.8431,15.687,63.746
180.8588,15.182,65.866
180.8739,16.718,59.817
180.8907,15.217,65.717
180.9059,13.88,72.045
180.9198,14.264,70.108
180.934,16.38,61.051
180.9504,14.043,71.211
180.9645,16.958,58.969
180.9814,16.628,60.14
180.998,14.084,71.002
181.0121,13.672,73.142
181.0258,14.858,67.304
181.0407,15.739,63.535
181.0564,14.406,69.416
181.0708,15.869,63.016
181.0867,14.631,68.347
181.1013,13.632,73.356
181.1149,15.473,64.63
181.1304,12.523,79.85
181.1429,13.683,73.085
181.1566,16.64,60.096
181.1732,14.667,68.181
181.1879,15.736,63.549
181.2036,14.755,67.773
181.2184,15.52,64.435
181.2339,16.144,61.941
181.2501,16.574,60.334
181.2666,14.292,69.971
181.2809,14.645,68.28
181.2956,16.351,61.16
181.3119,15.036,66.509
181.327,15.757,63.464
181.3427,15.11,66.183
181.3578,15.532,64.381
181.3734,15.375,65.041
181.3887,13.638,73.324
181.4024,15.038,66.497
181.4174,16.574,60.335
181.434,13.095,76.363
181.4471,14.425,69.323
181.4615,14.337,69.752
181.4758,15.534,64.374
181.4914,13.905,71.915
181.5053,15.166,65.935
181.5205,12.638,79.125
181.5331,14.392,69.483
181.5475,15.354,65.13
181.5628,16.344,61.185
181.5792,13.981,71.526
181.5932,16.173,61.832
181.6093,15.463,64.671
181.6248,14.305,69.907
181.6391,14.496,68.983
181.6536,15.073,66.346
181.6687,14.683,68.104
181.6834,16.461,60.75
181.6998,14.773,67.689
181.7146,15.456,64.7
181.73,15.741,63.527
181.7458,13.09,76.396
181.7589,15.552,64.299
181.7744,16.296,61.366
181.7907,15.738,63.539
181.8065,14.754,67.78
181.8212,16.493,60.632
181.8377,14.737,67.855
181.8524,17.597,56.829
181.87,14.935,66.957
181.885,14.434,69.282
181.8994,14.959,66.849
181.9144,14.983,66.741
181.9294,13.685,73.074
181.943,15.48,64.601
181.9585,13.853,72.188
181.9724,15.405,64.914
181.9878,16.558,60.395
182.0043,13.862,72.138
182.0182,15.267,65.5
182.0335,13.602,73.521
182.0471,15.667,63.83
182.0627,15.238,65.624
182.078,14.21,70.375
182.0922,14.309,69.884
182.1065,16.451,60.787
182.1229,15.15,66.006
182.1381,16.055,62.286
182.1541,15.278,65.455
182.1694,14.894,67.143
182.1843,15.201,65.787
182.1995,15.375,65.043
182.2149,13.303,75.17
182.2282,15.15,66.007
182.2433,13.744,72.757
182.2571,16.808,59.495
182.2739,16.619,60.174
182.2905,14.633,68.337
182.3051,15.333,65.219
182.3205,15.329,65.235
182.3358,15.333,65.218
182.3511,13.681,73.097
182.3648,13.329,75.023
182.3782,14.884,67.186
182.393,15.31,65.317
182.4083,16.1,62.112
182.4244,16.241,61.574
182.4407,16.098,62.121
182.4568,13.788,72.525
182.4706,15.202,65.783
182.4858,14.617,68.414
182.5004,14.674,68.147
182.5151,16.816,59.466
182.5319,16.022,62.414
182.5479,14.02,71.324
182.5619,15.972,62.609
182.5779,13.739,72.784
182.5916,14.947,66.901
182.6066,13.544,73.834
182.6201,14.445,69.227
182.6346,13.779,72.572
182.6484,15.941,62.733
182.6643,15.106,66.199
182.6794,14.107,70.888
182.6935,13.682,73.088
182.7072,14.849,67.343
182.722,16.097,62.123
182.7381,15.387,64.989
182.7535,13.03,76.747
182.7666,16.368,61.094
182.7829,15.502,64.507
182.7984,13.968,71.591
182.8124,15.898,62.902
182.8283,15.784,63.356
182.8441,14.313,69.866
182.8584,14.327,69.799
182.8727,16.048,62.312
182.8888,15.105,66.204
182.9039,14.84,67.385
182.9187,15.254,65.555
182.934,15.47,64.64
182.9494,15.675,63.796
182.9651,13.982,71.521
182.9791,15.761,63.448
182.9948,16.478,60.688
183.0113,15.967,62.628
183.0273,15.913,62.842
183.0432,15.17,65.918
183.0584,13.646,73.28
183.072,13.157,76.004
183.0852,15.606,64.08
183.1008,14.949,66.893
183.1157,15.17,65.918
183.1309,14.945,66.913
183.1459,14.426,69.321
183.1603,13.588,73.593
183.1739,13.624,73.398
183.1875,15.063,66.39
183.2026,15.473,64.628
183.218,14.947,66.903
183.233,14.643,68.294
183.2476,15.868,63.02
183.2635,14.006,71.397
183.2775,14.593,68.526
183.2921,15.273,65.475
183.3074,15.047,66.456
183.3224,14.746,67.816
183.3371,14.88,67.203
183.352,16.11,62.072
183.3681,13.713,72.921
183.3819,16.344,61.183
183.3982,16.011,62.458
183.4142,15.256,65.546
183.4295,14.108,70.882
183.4436,16.54,60.459
183.4601,14.006,71.4
183.4741,14.811,67.517
183.4889,15.09,66.269
183.504,15.111,66.179
183.5191,14.939,66.938
183.5341,14.946,66.908
183.549,35.913,27.845
183.5849,14.348,69.696
183.5993,15.389,64.983
183.6147,16.445,60.808
183.6311,14.152,70.663
183.6453,15.232,65.652
183.6605,15.688,63.744
183.6762,15.033,66.519
183.6912,15.208,65.753
183.7064,14.049,71.177
183.7205,16.512,60.562
183.737,15.859,63.056
183.7528,14.624,68.38
183.7675,15.359,65.107
183.7828,16.317,61.287
183.7991,14.954,66.874
183.8141,16.282,61.418
183.8304,15.475,64.621
183.8459,14.186,70.493
183.86,15.232,65.649
183.8753,16.702,59.873
183.892,14.626,68.373
183.9066,14.086,70.991
183.9207,13.599,73.532
183.9343,15.61,64.061
183.9499,15.162,65.954
183.9651,15.013,66.609
183.9801,15.417,64.865
183.9955,15.215,65.727
184.0107,15.984,62.562
184.0267,14.409,69.402
184.0411,15.399,64.939
184.0565,16.563,60.374
184.0731,13.321,75.068
184.0864,46.01,21.735
184.1324,14.021,71.322
184.1464,16.519,60.538
184.1629,14.718,67.945
184.1776,14.832,67.421
184.1925,15.472,64.633
184.2079,14.731,67.884
184.2227,14.481,69.058
184.2372,14.171,70.568
184.2513,14.735,67.864
184.2661,15.252,65.567
184.2813,14.651,68.254
184.296,14.32,69.833
184.3103,15.039,66.494
184.3253,15.726,63.587
184.3411,15.856,63.069
184.3569,14.748,67.804
184.3717,15.925,62.794
184.3876,14.313,69.865
184.4019,15.823,63.2
184.4177,15.365,65.081
184.4331,14.715,67.958
184.4478,15.459,64.686
184.4633,14.366,69.607
184.4776,16.537,60.472
184.4942,14.634,68.335
184.5088,13.761,72.668
184.5226,15.015,66.602
184.5376,14.569,68.64
184.5521,14.854,67.324
184.567,15.843,63.12
184.5828,14.23,70.275
184.5971,15.508,64.481
184.6126,16.227,61.624
184.6288,16.266,61.477
184.6451,14.034,71.254
184.6591,15.423,64.84
184.6745,16.245,61.557
184.6908,15.392,64.969
184.7062,16.038,62.351
184.7222,16.341,61.197
184.7385,13.891,71.989
184.7524,15.725,63.595
184.7682,14.02,71.325
184.7822,15.428,64.819
184.7976,14.795,67.589
184.8124,14.804,67.549
184.8272,13.996,71.447
184.8412,15.636,63.955
184.8568,15.247,65.589
184.8721,14.499,68.97
184.8866,16.211,61.688
184.9028,15.177,65.888
184.918,14.507,68.933
184.9325,14.326,69.802
184.9468,15.437,64.781
184.9622,15.049,66.451
184.9773,15.004,66.649
184.9923,15.522,64.425
185.0078,15.841,63.129
185.0237,13.79,72.518
185.0374,15.686,63.753
185.0531,13.552,73.79
185.0667,13.061,76.567
185.0797,15.662,63.85
185.0954,17.138,58.349
185.1125,13.052,76.614
185.1256,16.421,60.899
185.142,14.05,71.172
185.1561,15.808,63.261
185.1719,15.978,62.587
185.1879,14.06,71.122
185.2019,16.75,59.703
185.2187,14.841,67.381
185.2335,16.203,61.717
185.2497,13.36,74.849
185.2631,15.314,65.302
185.2784,14.05,71.176
185.2924,15.172,65.91
185.3076,15.81,63.252
185.3234,16.062,62.26
185.3395,15.546,64.324
185.355,15.594,64.128
185.3706,15.553,64.298
185.3862,13.458,74.305
185.3996,15.975,62.597
185.4156,15.54,64.351
185.4311,14.814,67.505
185.446,15.443,64.753
185.4614,13.506,74.041
185.4749,14.506,68.939
185.4894,15.873,62.999
185.5053,16.643,60.085
185.5219,14.906,67.086
185.5368,15.625,64.0
185.5525,15.649,63.902
185.5681,14.559,68.687
185.5827,14.372,69.579
185.597,14.92,67.022
185.612,14.276,70.049
185.6262,16.292,61.378
185.6425,14.787,67.628
185.6573,15.418,64.857
185.6727,15.191,65.827
185.6879,12.717,78.633
185.7006,15.748,63.501
185.7164,14.142,70.709
185.7305,15.073,66.344
185.7456,14.321,69.826
185.7599,15.355,65.127
185.7753,16.622,60.163
185.7919,15.874,62.994
185.8078,15.894,62.916
185.8237,15.345,65.168
185.839,14.127,70.786
185.8531,15.646,63.912
185.8688,15.377,65.031
185.8842,16.444,60.811
185.9006,15.758,63.459
185.9164,15.16,65.962
185.9315,16.386,61.026
185.9479,16.069,62.233
185.964,15.277,65.456
185.9793,14.731,67.886
185.994,12.931,77.331
186.0069,15.293,65.39
186.0222,15.59,64.143
186.0378,16.114,62.057
186.0539,15.433,64.795
186.0694,16.885,59.224
186.0862,15.916,62.83
186.1022,14.086,70.992
186.1162,15.268,65.495
186.1315,16.77,59.63
186.1483,15.364,65.089
186.1636,15.888,62.941
186.1795,14.651,68.256
186.1942,15.037,66.504
186.2092,16.553,60.412
186.2258,17.296,57.818
186.2431,14.736,67.862
186.2578,15.515,64.453
186.2733,15.223,65.692
186.2885,17.093,58.502
186.3056,15.847,63.103
186.3215,14.595,68.516
186.3361,16.042,62.337
186.3521,16.24,61.575
186.3684,14.731,67.886
186.3831,14.885,67.183
186.398,14.779,67.665
186.4127,14.702,68.017
186.4275,15.083,66.301
186.4425,16.004,62.483
186.4585,15.414,64.874
186.474,16.0,62.5
186.49,15.261,65.525
186.5052,14.979,66.759
186.5202,16.477,60.69
186.5367,16.339,61.203
186.553,14.32,69.832
186.5673,14.276,70.047
186.5816,16.698,59.886
186.5983,16.083,62.178
186.6144,16.689,59.921
186.6311,15.696,63.709
186.6468,16.696,59.893
186.6635,15.735,63.552
186.6792,14.303,69.915
186.6935,16.735,59.754
186.7102,15.213,65.734
186.7255,15.593,64.13
186.741,14.266,70.097
186.7553,13.708,72.948
186.769,14.764,67.733
186.7838,16.801,59.52
186.8006,15.837,63.144
186.8164,15.72,63.614
186.8321,16.133,61.984
186.8483,15.184,65.858
186.8635,14.029,71.281
186.8775,15.406,64.909
186.8929,15.247,65.586
186.9081,15.57,64.227
186.9237,14.96,66.843
186.9387,16.035,62.364
186.9547,14.209,70.377
186.9689,16.348,61.169
186.9853,14.42,69.348
186.9997,16.479,60.684
187.0162,16.078,62.195
187.0322,14.94,66.936
187.0472,14.746,67.816
187.0619,15.607,64.074
187.0775,15.724,63.596
187.0933,15.535,64.369
187.1088,14.764,67.731
187.1236,15.502,64.508
187.1391,16.141,61.955
187.1552,15.835,63.15
187.171,16.511,60.567
187.1875,15.305,65.336
187.2029,15.726,63.588
187.2186,14.274,70.057
187.2329,16.366,61.103
187.2492,14.883,67.19
187.2641,17.517,57.087
187.2816,15.111,66.179
187.2967,14.497,68.98
187.3112,14.771,67.699
187.326,15.812,63.243
187.3418,15.644,63.923
187.3575,17.716,56.447
187.3752,15.399,64.939
187.3906,16.24,61.577
187.4068,14.426,69.321
187.4212,16.112,62.067
187.4373,15.748,63.5
187.4531,14.905,67.093
187.468,15.119,66.142
187.4831,14.958,66.854
187.4981,17.291,57.834
187.5154,17.072,58.574
187.5324,17.15,58.309
187.5496,14.426,69.321
187.564,16.123,62.024
187.5801,15.11,66.182
187.5952,15.294,65.386
187.6105,14.865,67.274
187.6254,14.919,67.029
187.6403,16.498,60.613
187.6568,16.475,60.698
187.6733,16.585,60.294
187.6899,16.391,61.011
187.7063,14.095,70.947
187.7204,16.368,61.096
187.7367,16.882,59.236
187.7536,15.513,64.463
187.7691,14.933,66.966
187.7841,16.278,61.432
187.8003,15.69,63.735
187.816,15.64,63.94
187.8317,14.166,70.593
187.8458,16.742,59.731
187.8626,15.849,63.096
187.8784,15.626,63.995
187.8941,16.295,61.369
187.9104,39.366,25.403
187.9497,16.851,59.345
187.9666,15.798,63.299
187.9824,17.13,58.375
187.9995,16.165,61.86
188.0157,15.582,64.178
188.0312,17.788,56.216
188.049,14.7,68.025
188.0637,16.733,59.764
188.0805,15.313,65.304
188.0958,14.518,68.878
188.1103,14.447,69.217
188.1247,16.176,61.821
188.1409,15.472,64.632
188.1564,16.724,59.795
188.1731,16.337,61.209
188.1895,14.167,70.588
188.2036,16.956,58.976
188.2206,14.936,66.952
188.2355,16.257,61.512
188.2518,15.456,64.698
188.2672,16.858,59.32
188.2841,17.268,57.912
188.3014,15.632,63.97
188.317,16.228,61.624
188.3332,14.412,69.388
188.3476,16.085,62.171
188.3637,15.505,64.495
188.3792,14.333,69.771
188.3935,15.708,63.661
188.4093,16.428,60.872
188.4257,14.645,68.283
188.4403,14.876,67.222
188.4552,15.813,63.237
188.471,16.333,61.225
188.4873,14.285,70.006
188.5016,16.382,61.043
188.518,15.234,65.641
188.5332,15.823,63.201
188.5491,15.199,65.794
188.5643,16.738,59.746
188.581,16.138,61.965
188.5971,14.945,66.912
188.6121,14.408,69.404
188.6265,16.001,62.496
188.6425,14.598,68.503
188.6571,16.31,61.312
188.6734,15.787,63.344
188.6892,17.005,58.805
188.7062,15.612,64.055
188.7218,16.976,58.906
188.7388,15.279,65.448
188.7541,16.751,59.696
188.7708,17.09,58.512
188.7879,17.158,58.282
188.8051,17.399,57.473
188.8225,15.848,63.1
188.8383,15.68,63.774
188.854,15.819,63.217
188.8698,16.56,60.385
188.8864,16.35,61.16
188.9027,16.276,61.439
188.919,15.226,65.677
188.9342,16.721,59.804
188.9509,17.214,58.091
188.9682,17.986,55.599
188.9861,16.983,58.882
189.0031,17.322,57.731
189.0205,16.976,58.907
189.0374,17.291,57.835
189.0547,16.106,62.087
189.0708,16.545,60.44
189.0874,16.675,59.97
189.104,16.351,61.159
189.1204,15.945,62.717
189.1363,16.769,59.633
189.1531,17.18,58.207
189.1703,16.844,59.369
189.1871,14.972,66.793
189.2021,17.579,56.887
189.2197,16.599,60.243
189.2363,16.534,60.481
189.2528,17.518,57.083
189.2703,15.368,65.069
189.2857,16.264,61.485
189.302,16.124,62.02
189.3181,15.095,66.245
189.3332,16.445,60.807
189.3496,15.389,64.98
189.365,18.102,55.243
189.3831,16.067,62.241
189.3992,16.165,61.861
189.4154,15.829,63.174
189.4312,17.856,56.003
189.449,14.939,66.938
189.464,15.6,64.103
189.4796,16.871,59.274
189.4965,16.211,61.685
189.5127,16.399,60.98
189.5291,16.81,59.49
189.5459,15.545,64.328
189.5614,15.149,66.01
189.5766,16.87,59.278
189.5934,13.51,74.019
189.6069,16.579,60.318
189.6235,15.746,63.509
189.6393,15.355,65.126
189.6546,17.134,58.364
189.6718,17.068,58.588
189.6888,15.492,64.548
189.7043,17.402,57.463
189.7217,16.09,62.151
189.7378,15.893,62.92
189.7537,16.261,61.495
189.77,15.987,62.55
189.786,15.556,64.284
189.8015,16.481,60.677
189.818,17.044,58.671
189.835,15.616,64.038
189.8507,15.919,62.816
189.8666,17.307,57.779
189.8839,15.019,66.581
189.8989,15.337,65.202
189.9142,16.355,61.143
189.9306,16.488,60.651
189.9471,16.678,59.96
189.9638,16.108,62.082
189.9799,17.709,56.469
189.9976,18.384,54.396
190.016,17.032,58.714
190.033,15.688,63.743
190.0487,14.434,69.283
190.0631,16.73,59.773
190.0798,16.532,60.489
190.0964,16.436,60.842
190.1128,14.728,67.897
190.1275,15.605,64.081
190.1431,15.813,63.238
190.159,16.159,61.884
190.1751,16.914,59.124
190.192,15.985,62.56
190.208,15.554,64.291
190.2236,15.494,64.543
190.2391,16.9,59.17
190.256,16.138,61.967
190.2721,16.878,59.248
190.289,14.487,69.026
190.3035,16.039,62.346
190.3195,15.943,62.724
190.3354,17.968,55.656
190.3534,16.254,61.523
190.3697,16.39,61.013
190.3861,16.365,61.108
190.4024,16.167,61.855
190.4186,16.419,60.904
190.435,15.149,66.012
190.4502,17.14,58.343
190.4673,16.105,62.093
190.4834,16.604,60.226
190.5,16.715,59.825
190.5167,15.639,63.942
190.5324,15.377,65.033
190.5477,16.332,61.231
190.5641,16.33,61.238
190.5804,17.507,57.121
190.5979,18.017,55.503
190.6159,16.311,61.309
190.6322,16.029,62.387
190.6483,15.81,63.249
190.6641,17.086,58.529
190.6812,16.221,61.648
190.6974,17.221,58.07
190.7146,15.867,63.026
190.7305,16.222,61.646
190.7467,15.752,63.482
190.7624,17.287,57.846
190.7797,17.475,57.223
190.7972,18.022,55.487
190.8152,16.714,59.829
190.8319,14.683,68.105
190.8466,16.396,60.992
190.863,16.476,60.696
190.8795,16.574,60.336
190.8961,15.056,66.42
190.9111,14.419,69.355
190.9255,15.969,62.621
190.9415,16.295,61.367
190.9578,15.695,63.713
190.9735,15.891,62.927
190.9894,16.187,61.78
191.0056,15.245,65.595
191.0208,16.562,60.379
191.0374,16.64,60.095
191.054,15.611,64.059
191.0696,15.848,63.099
191.0855,16.732,59.765
191.1022,16.137,61.969
191.1184,16.233,61.603
191.1346,16.393,61.003
191.151,16.494,60.627
191.1675,15.844,63.115
191.1833,16.797,59.535
191.2001,15.269,65.493
191.2154,15.574,64.211
191.231,16.015,62.44
191.247,16.868,59.285
191.2638,15.492,64.548
191.2793,15.803,63.278
191.2951,16.754,59.686
191.3119,17.46,57.274
191.3294,16.376,61.066
191.3457,17.259,57.94
191.363,16.873,59.267
191.3799,15.497,64.529
191.3954,15.571,64.222
191.4109,16.273,61.45
191.4272,15.664,63.839
191.4429,16.41,60.939
191.4593,17.455,57.291
191.4767,17.076,58.563
191.4938,17.601,56.815
191.5114,15.727,63.587
191.5271,17.064,58.602
191.5442,15.91,62.854
191.5601,16.214,61.676
191.5763,16.464,60.738
191.5928,16.914,59.121
191.6097,15.549,64.312
191.6252,14.479,69.066
191.6397,16.564,60.374
191.6563,14.799,67.573
191.6711,15.222,65.695
191.6863,15.48,64.601
191.7018,16.48,60.68
191.7183,48.76,20.509
191.767,15.896,62.91
191.7829,13.351,74.902
191.7963,16.128,62.003
191.8124,15.441,64.762
191.8278,16.667,59.998
191.8445,16.325,61.258
191.8608,15.896,62.907
191.8767,15.335,65.209
191.8921,17.623,56.744
191.9097,16.758,59.672
191.9265,16.223,61.642
191.9427,14.625,68.374
191.9573,14.753,67.781
191.9721,49.007,20.405
192.0211,18.439,54.233
192.0395,16.304,61.334
192.0558,17.77,56.276
192.0736,15.638,63.948
192.0892,15.472,64.633
192.1047,16.81,59.489
192.1215,17.031,58.716
192.1385,16.245,61.558
192.1548,16.265,61.483
192.171,15.958,62.664
192.187,17.954,55.697
192.2049,16.366,61.102
192.2213,15.689,63.739
192.237,17.036,58.7
192.254,17.642,56.681
192.2717,15.417,64.865
192.2871,15.875,62.992
192.303,16.023,62.41
192.319,14.537,68.789
192.3335,16.713,59.832
192.3502,15.806,63.265
192.3661,15.477,64.613
192.3815,16.274,61.448
192.3978,15.387,64.99
192.4132,16.614,60.19
192.4298,16.056,62.284
192.4459,15.19,65.831
192.461,15.249,65.578
192.4763,16.637,60.105
192.4929,14.676,68.137
192.5076,16.017,62.433
192.5236,16.427,60.877
192.5401,15.977,62.588
192.556,16.57,60.349
192.5726,15.218,65.712
192.5878,15.821,63.206
192.6036,16.781,59.591
192.6204,41.477,24.11
192.6619,17.506,57.122
192.6794,15.772,63.405
192.6952,15.325,65.254
192.7105,15.223,65.692
192.7257,15.504,64.497
192.7412,17.762,56.299
192.759,15.391,64.974
192.7744,16.391,61.007
192.7908,15.591,64.141
192.8064,14.822,67.467
192.8212,16.641,60.091
192.8378,17.098,58.487
192.8549,17.319,57.74
192.8722,14.639,68.311
192.8869,13.82,72.357
192.9007,16.415,60.919
192.9171,16.598,60.249
192.9337,17.109,58.449
192.9508,14.406,69.416
192.9652,16.402,60.969
192.9816,17.12,58.413
192.9988,15.656,63.874
193.0144,16.531,60.493
193.0309,15.806,63.266
193.0467,16.653,60.05
193.0634,16.838,59.388
193.0802,16.869,59.28
193.0971,17.158,58.283
193.1143,15.551,64.306
193.1298,16.131,61.991
193.1459,15.266,65.504
193.1612,15.11,66.179
193.1763,14.264,70.108
193.1906,15.093,66.256
193.2057,15.201,65.785
193.2209,15.72,63.614
193.2366,16.263,61.49
193.2529,16.434,60.851
193.2693,15.128,66.101
193.2844,15.627,63.992
193.3001,15.24,65.616
193.3153,15.209,65.749
193.3305,16.494,60.629
193.347,16.491,60.638
193.3635,16.468,60.723
193.38,17.431,57.368
193.3974,17.079,58.553
193.4145,16.064,62.252
193.4305,15.851,63.086
193.4464,17.068,58.588
193.4634,16.949,59.001
193.4804,15.362,65.097
193.4958,14.514,68.899
193.5103,17.604,56.806
193.5279,16.182,61.799
193.5441,14.717,67.95
193.5588,15.265,65.51
193.574,14.348,69.695
193.5884,14.437,69.265
193.6028,16.096,62.126
193.6189,15.742,63.525
193.6347,14.863,67.28
193.6495,14.853,67.325
193.6644,14.26,70.124
193.6786,14.912,67.06
193.6936,16.102,62.103
193.7097,15.523,64.419
193.7252,15.28,65.445
193.7405,16.085,62.17
193.7565,16.324,61.258
193.7729,15.224,65.688
193.7881,13.84,72.256
193.8019,16.153,61.908
193.8181,16.239,61.581
193.8343,13.925,71.814
193.8482,16.025,62.402
193.8643,16.537,60.47
193.8808,16.303,61.337
193.8971,15.814,63.234
193.9129,15.529,64.396
193.9285,16.384,61.037
193.9448,15.783,63.358
193.9606,16.856,59.327
193.9775,15.417,64.862
193.9929,16.734,59.757
194.0096,14.917,67.037
194.0245,16.733,59.762
194.0413,12.648,79.061
194.0539,15.136,66.068
194.0691,15.238,65.627
194.0843,15.881,62.967
194.1002,15.617,64.032
194.1158,15.55,64.309
194.1314,16.748,59.707
194.1481,16.793,59.55
194.1649,14.484,69.041
194.1794,17.891,55.894
194.1973,17.215,58.089
194.2145,16.099,62.115
194.2306,15.636,63.956
194.2462,17.292,57.831
194.2635,15.384,65.001
194.2789,16.661,60.02
194.2956,16.132,61.99
194.3117,15.328,65.239
194.327,15.13,66.095
194.3421,15.959,62.66
194.3581,15.451,64.719
194.3736,14.603,68.481
194.3882,16.536,60.472
194.4047,15.487,64.571
194.4202,16.462,60.748
194.4366,16.343,61.189
194.453,15.921,62.812
194.4689,15.407,64.903
194.4843,15.837,63.144
194.5001,15.101,66.221
194.5153,16.741,59.732
194.532,14.695,68.05
194.5467,16.818,59.459
194.5635,15.448,64.732
194.579,16.453,60.78
194.5954,15.928,62.784
194.6113,14.899,67.12
194.6262,17.618,56.759
194.6439,16.796,59.539
194.6606,16.227,61.625
194.6769,16.179,61.809
194.6931,16.966,58.942
194.71,15.984,62.562
194.726,15.424,64.834
194.7414,15.511,64.47
194.7569,15.422,64.843
194.7724,15.933,62.763
194.7883,15.539,64.355
194.8038,15.454,64.709
194.8193,13.887,72.009
194.8332,16.377,61.06
194.8496,14.727,67.901
194.8643,15.316,65.29
194.8796,16.564,60.373
194.8962,15.338,65.199
194.9115,14.487,69.026
194.926,15.894,62.917
194.9419,15.017,66.593
194.9569,16.652,60.054
194.9735,15.769,63.418
194.9893,16.05,62.305
195.0054,15.529,64.398
195.0209,14.813,67.51
195.0357,14.581,68.581
195.0503,15.46,64.681
195.0657,15.136,66.07
195.0809,17.012,58.782
195.0979,15.644,63.921
195.1135,16.077,62.201
195.1296,15.859,63.054
195.1455,15.669,63.82
195.1611,16.531,60.494
195.1777,16.98,58.893
195.1947,14.636,68.323
195.2093,15.568,64.236
195.2249,15.686,63.752
195.2405,17.089,58.516
195.2576,15.671,63.814
195.2733,16.204,61.714
195.2895,15.305,65.337
195.3048,17.055,58.633
195.3219,16.554,60.407
195.3384,15.071,66.354
195.3535,16.036,62.358
195.3695,16.963,58.95
195.3865,14.408,69.407
195.4009,13.792,72.508
195.4147,15.914,62.836
195.4306,16.439,60.832
195.447,15.857,63.063
195.4629,24.463,40.878
195.4874,16.844,59.369
195.5042,13.865,72.122
195.5181,15.876,62.989
195.534,15.177,65.89
195.5491,14.52,68.869
195.5636,15.912,62.844
195.5796,15.734,63.557
195.5953,15.144,66.032
195.6104,15.424,64.833
195.6259,15.194,65.814
195.6411,13.27,75.357
195.6543,15.602,64.096
195.6699,16.004,62.483
195.6859,16.109,62.075
195.702,14.897,67.127
195.7169,16.567,60.359
195.7335,15.501,64.511
195.749,14.484,69.043
195.7635,16.072,62.22
195.7796,13.522,73.952
195.7931,15.444,64.749
195.8085,15.973,62.607
195.8245,14.91,67.068
195.8394,15.483,64.588
195.8549,17.029,58.723
195.8719,16.197,61.74
195.8881,15.321,65.272
195.9034,15.828,63.181
195.9193,23.682,42.225
195.943,15.074,66.34
195.958,15.557,64.28
195.9736,15.901,62.89
195.9895,15.687,63.747
196.0052,16.025,62.401
196.0212,15.457,64.697
196.0367,16.736,59.753
196.0534,16.077,62.2
196.0695,15.524,64.414
196.085,13.221,75.635
196.0982,15.198,65.796
196.1134,15.753,63.478
196.1292,15.065,66.378
196.1442,16.224,61.638
196.1605,15.819,63.216
196.1763,13.247,75.489
196.1895,14.214,70.355
196.2037,16.493,60.633
196.2202,15.706,63.67
196.2359,15.779,63.374
196.2517,15.84,63.13
196.2676,15.456,64.699
196.283,14.446,69.224
196.2975,15.328,65.239
196.3128,14.988,66.722
196.3278,15.596,64.12
196.3434,16.022,62.415
196.3594,14.241,70.222
196.3736,15.412,64.885
196.389,13.934,71.769
196.403,14.155,70.648
196.4171,14.639,68.31
196.4318,14.394,69.472
196.4462,14.976,66.776
196.4611,15.752,63.485
196.4769,14.324,69.812
196.4912,16.06,62.267
196.5073,16.197,61.741
196.5235,16.427,60.875
196.5399,15.187,65.845
196.5551,12.873,77.682
196.568,16.452,60.782
196.5844,16.534,60.482
196.6009,14.025,71.303
196.615,15.081,66.311
196.63,15.688,63.743
196.6457,14.9,67.116
196.6606,15.537,64.363
196.6762,14.798,67.578
196.691,16.311,61.308
196.7073,15.121,66.132
196.7224,15.498,64.524
196.7379,15.594,64.126
196.7535,15.359,65.109
196.7689,14.614,68.425
196.7835,17.212,58.099
196.8007,14.237,70.241
196.8149,14.727,67.903
196.8296,14.829,67.437
196.8445,15.483,64.585
196.86,14.358,69.649
196.8743,14.21,70.371
196.8885,15.271,65.482
196.9038,16.106,62.087
196.9199,14.574,68.614
196.9345,14.271,70.072
196.9487,15.614,64.047
196.9644,16.136,61.973
196.9805,14.037,71.241
196.9945,14.499,68.972
197.009,14.1,70.924
197.0231,15.593,64.13
197.0387,15.118,66.145
197.0538,14.768,67.714
197.0686,15.48,64.598
197.0841,15.306,65.335
197.0994,14.507,68.931
197.1139,17.021,58.752
197.1309,15.216,65.722
197.1461,15.727,63.583
197.1619,15.179,65.882
197.177,14.579,68.593
197.1916,14.866,67.266
197.2065,13.573,73.677
197.2201,15.926,62.789
197.236,16.744,59.721
197.2527,15.242,65.609
197.268,15.358,65.111
197.2833,15.022,66.567
197.2984,15.561,64.264
197.3139,15.098,66.234
197.329,15.464,64.668
197.3445,15.377,65.034
197.3599,16.037,62.355
197.3759,14.92,67.025
197.3908,13.784,72.547
197.4046,14.165,70.598
197.4188,14.506,68.938
197.4333,15.583,64.172
197.4489,14.727,67.903
197.4636,15.823,63.199
197.4794,13.296,75.212
197.4927,15.501,64.514
197.5082,16.998,58.831
197.5252,13.559,73.754
197.5388,15.57,64.225
197.5543,13.964,71.614
197.5683,15.733,63.562
197.584,14.973,66.785
197.599,13.095,76.363
197.6121,14.214,70.352
197.6263,16.616,60.182
197.6429,15.14,66.049
197.6581,15.68,63.776
197.6737,14.356,69.657
197.6881,15.712,63.648
197.7038,15.414,64.875
197.7192,14.797,67.583
197.734,14.809,67.526
197.7488,14.13,70.771
197.763,14.243,70.211
197.7772,15.445,64.744
197.7926,15.116,66.153
197.8078,15.546,64.324
197.8233,16.474,60.703
197.8398,15.191,65.827
197.855,14.96,66.844
197.8699,16.211,61.687
197.8861,16.996,58.836
197.9031,14.569,68.638
197.9177,14.932,66.969
197.9326,14.906,67.089
197.9475,13.908,71.9
197.9615,16.217,61.664
197.9777,14.227,70.29
197.9919,13.422,74.502
198.0053,15.679,63.779
198.021,16.847,59.359
198.0378,16.305,61.333
198.0542,14.361,69.634
198.0685,15.244,65.6
198.0838,15.77,63.411
198.0995,13.983,71.518
198.1135,14.269,70.084
198.1278,14.455,69.182
198.1422,15.307,65.33
198.1575,15.114,66.163
198.1727,15.285,65.424
198.1879,15.503,64.502
198.2034,15.407,64.904
198.2188,16.499,60.609
198.2353,14.518,68.879
198.2499,16.531,60.492
198.2664,13.625,73.395
198.28,15.284,65.428
198.2953,14.624,68.383
198.3099,15.186,65.851
198.3251,16.705,59.863
198.3418,14.446,69.224
198.3563,15.126,66.112
198.3714,14.81,67.522
198.3862,15.152,65.996
198.4014,14.5,68.964
198.4159,14.209,70.378
198.4301,15.684,63.758
198.4457,15.888,62.939
198.4616,15.62,64.02
198.4773,13.784,72.545
198.491,15.972,62.611
198.507,15.182,65.868
198.5222,15.258,65.539
198.5375,15.495,64.535
198.5529,14.821,67.473
198.5678,16.184,61.791
198.584,14.725,67.91
198.5987,15.386,64.996
198.6141,17.281,57.867
198.6313,14.964,66.829
198.6463,15.017,66.591
198.6613,15.806,63.266
198.6771,15.131,66.09
198.6923,15.295,65.382
198.7076,15.939,62.738
198.7235,14.317,69.846
198.7378,13.31,75.129
198.7511,14.466,69.127
198.7656,15.869,63.016
198.7815,16.053,62.293
198.7975,15.494,64.541
198.813,15.029,66.538
198.828,14.526,68.84
198.8426,15.083,66.3
198.8576,14.966,66.82
198.8726,15.228,65.667
198.8878,14.765,67.727
198.9026,16.523,60.521
198.9191,15.457,64.695
198.9346,14.025,71.303
198.9486,15.128,66.105
198.9637,15.918,62.822
198.9797,15.772,63.402
198.9954,16.233,61.605
199.0117,14.805,67.547
199.0265,15.236,65.635
199.0417,16.017,62.433
199.0577,14.067,71.087
199.0718,15.888,62.941
199.0877,14.417,69.363
199.1021,14.601,68.486
199.1167,13.311,75.125
199.13,13.764,72.651
199.1438,14.154,70.654
199.1579,15.706,63.671
199.1736,14.211,70.37
199.1878,12.792,78.174
199.2006,15.687,63.748
199.2163,15.287,65.414
199.2316,14.738,67.854
199.2463,17.52,57.077
199.2639,16.695,59.899
199.2806,15.365,65.084
199.2959,16.968,58.934
199.3129,14.278,70.035
199.3272,16.687,59.927
199.3439,15.233,65.646
199.3591,14.434,69.282
199.3735,15.189,65.836
199.3887,16.475,60.699
199.4052,14.587,68.554
199.4198,14.011,71.372
199.4338,15.961,62.653
199.4497,14.886,67.176
199.4646,12.887,77.598
199.4775,14.993,66.699
199.4925,16.687,59.926
199.5092,15.633,63.969
199.5248,15.404,64.916
199.5402,18.595,53.779
199.5588,15.152,65.998
199.574,51.827,19.295
199.6258,14.7,68.025
199.6405,14.323,69.82
199.6548,14.898,67.121
199.6697,16.363,61.114
199.6861,17.024,58.74
199.7031,16.068,62.235
199.7192,15.84,63.132
199.735,14.83,67.429
199.7499,15.011,66.618
199.7649,14.805,67.543
199.7797,15.944,62.718
199.7956,15.573,64.215
199.8112,16.09,62.149
199.8273,16.021,62.417
199.8433,14.22,70.324
199.8575,13.695,73.021
199.8712,15.688,63.745
199.8869,14.752,67.786
199.9017,15.612,64.054
199.9173,14.575,68.612
199.9318,14.254,70.157
199.9461,16.808,59.495
199.9629,13.709,72.942
199.9766,16.13,61.996
199.9927,16.544,60.445
200.0093,14.139,70.725
200.0234,14.202,70.411
200.0376,14.445,69.227
200.0521,14.858,67.304
200.0669,15.366,65.077
200.0823,14.725,67.91
200.097,13.816,72.381
200.1108,15.718,63.62
200.1266,14.228,70.284
200.1408,13.9,71.943
200.1547,15.391,64.975
200.1701,16.091,62.145
200.1862,15.524,64.414
200.2017,15.818,63.218
200.2175,15.074,66.338
200.2326,15.28,65.447
200.2479,15.639,63.943
200.2635,14.305,69.907
200.2778,14.865,67.274
200.2927,15.457,64.694
200.3081,16.548,60.43
200.3247,14.871,67.245
200.3395,16.165,61.864
200.3557,15.031,66.529
200.3707,13.4,74.627
200.3841,16.399,60.98
200.4005,14.429,69.304
200.415,15.154,65.99
200.4301,14.982,66.748
200.4451,16.57,60.35
200.4617,15.092,66.262
200.4768,14.776,67.676
200.4915,15.043,66.475
200.5066,14.614,68.429
200.5212,15.696,63.71
200.5369,14.212,70.365
200.5511,16.025,62.402
200.5671,16.271,61.458
200.5834,17.195,58.155
200.6006,15.791,63.329
200.6164,14.104,70.9
200.6305,15.48,64.6
200.646,16.387,61.025
200.6624,15.52,64.432
200.6779,15.687,63.749
200.6936,15.525,64.413
200.7091,16.1,62.111
200.7252,15.803,63.28
200.741,16.166,61.859
200.7572,15.209,65.75
200.7724,14.124,70.802
200.7865,16.378,61.057
200.8029,14.666,68.183
200.8175,16.151,61.914
200.8337,17.289,57.842
200.851,14.03,71.275
200.865,16.189,61.769
200.8812,15.768,63.418
200.897,14.407,69.41
200.9114,17.196,58.154
200.9286,13.505,74.046
200.9421,15.136,66.067
200.9572,15.91,62.855
200.9731,14.231,70.268
200.9874,14.932,66.971
201.0023,15.686,63.75
201.018,15.438,64.774
201.0334,15.426,64.827
201.0488,15.417,64.864
201.0643,17.026,58.735
201.0813,16.42,60.9
201.0977,15.293,65.39
201.113,16.268,61.471
201.1293,14.9,67.113
201.1442,15.553,64.298
201.1597,16.408,60.946
201.1761,16.112,62.064
201.1922,13.705,72.965
201.2059,16.419,60.904
201.2224,16.098,62.121
201.2385,15.38,65.021
201.2538,13.414,74.547
201.2672,16.3,61.348
201.2835,15.629,63.985
201.2992,15.332,65.222
201.3145,14.362,69.629
201.3289,16.737,59.749
201.3456,17.745,56.353
201.3634,15.125,66.117
201.3785,15.285,65.425
201.3938,16.124,62.018
201.4099,15.42,64.851
201.4253,15.929,62.777
201.4412,14.602,68.482
201.4558,16.07,62.229
201.4719,15.068,66.368
201.487,15.785,63.35
201.5028,14.534,68.805
201.5173,15.14,66.049
201.5324,15.393,64.966
201.5478,15.608,64.071
201.5634,16.327,61.247
201.5798,15.192,65.823
201.595,15.777,63.382
201.6107,15.312,65.31
201.626,16.194,61.751
201.6422,15.314,65.3
201.6576,14.112,70.861
201.6717,16.4,60.975
201.6881,14.203,70.406
201.7023,16.373,61.077
201.7186,16.233,61.605
201.7349,14.1,70.924
201.749,15.762,63.446
201.7647,14.902,67.107
201.7796,16.454,60.775
201.7961,16.206,61.704
201.8123,16.159,61.887
201.8285,16.689,59.92
201.8451,16.323,61.263
201.8615,15.098,66.232
201.8766,15.461,64.678
201.892,13.947,71.701
201.906,15.193,65.819
201.9212,15.061,66.397
201.9362,17.926,55.786
201.9542,13.976,71.549
201.9681,17.528,57.053
201.9857,14.812,67.513
202.0005,14.729,67.895
202.0152,14.989,66.715
202.0302,15.173,65.909
202.0454,15.67,63.815
202.061,15.29,65.401
202.0763,14.844,67.369
202.0912,15.69,63.736
202.1069,15.845,63.113
202.1227,15.121,66.133
202.1378,15.368,65.071
202.1532,15.682,63.766
202.1689,14.937,66.946
202.1838,15.645,63.918
202.1994,17.055,58.634
202.2165,16.978,58.9
202.2335,15.706,63.672
202.2492,16.066,62.242
202.2653,16.153,61.91
202.2814,15.874,62.995
202.2973,15.488,64.564
202.3128,16.408,60.946
202.3292,15.995,62.521
202.3452,15.491,64.553
202.3607,15.766,63.426
202.3764,15.749,63.496
202.3922,16.492,60.635
202.4087,15.825,63.192
202.4245,15.238,65.625
202.4397,16.17,61.844
202.4559,16.035,62.365
202.4719,15.749,63.494
202.4877,16.901,59.166
202.5046,16.209,61.692
202.5208,17.842,56.046
202.5386,16.044,62.328
202.5547,15.908,62.862
202.5706,15.996,62.516
202.5866,15.416,64.867
202.602,17.009,58.792
202.619,16.028,62.392
202.635,15.165,65.941
202.6502,16.585,60.297
202.6668,17.252,57.965
202.684,18.009,55.529
202.7021,16.581,60.311
202.7186,15.237,65.629
202.7339,16.243,61.566
202.7501,16.038,62.353
202.7662,15.976,62.593
202.7821,18.024,55.482
202.8002,17.105,58.462
202.8173,17.106,58.459
202.8344,15.609,64.066
202.85,17.188,58.18
202.8672,15.503,64.505
202.8827,17.384,57.525
202.9,17.101,58.476
202.9171,16.537,60.472
202.9337,14.813,67.508
202.9485,17.958,55.684
202.9665,17.174,58.228
202.9836,14.039,71.229
202.9977,17.015,58.773
203.0147,16.058,62.273
203.0307,16.136,61.975
203.0469,16.119,62.039
203.063,16.05,62.305
203.079,15.629,63.984
203.0947,16.203,61.718
203.1109,15.944,62.718
203.1268,15.661,63.854
203.1425,14.811,67.518
203.1573,16.14,61.958
203.1734,17.331,57.701
203.1908,16.055,62.284
203.2068,15.935,62.756
203.2228,17.122,58.405
203.2399,15.021,66.573
203.2549,16.523,60.522
203.2714,15.913,62.841
203.2873,17.867,55.968
203.3052,16.308,61.32
203.3215,16.811,59.486
203.3383,15.034,66.517
203.3534,16.899,59.175
203.3703,13.817,72.375
203.3841,17.149,58.312
203.4012,16.129,62.001
203.4173,16.396,60.991
203.4337,15.306,65.333
203.449,16.416,60.915
203.4655,16.83,59.418
203.4823,17.031,58.717
203.4993,16.67,59.989
203.516,16.846,59.361
203.5328,16.078,62.197
203.5489,15.927,62.786
203.5648,15.215,65.726
203.5801,16.99,58.86
203.597,17.218,58.078
203.6143,18.933,52.819
203.6332,16.941,59.029
203.6501,17.535,57.03
203.6677,15.891,62.929
203.6836,15.89,62.932
203.6995,17.416,57.417
203.7169,17.513,57.101
203.7344,17.287,57.845
203.7517,16.631,60.128
203.7683,15.461,64.678
203.7838,17.489,57.179
203.8013,16.521,60.527
203.8178,16.935,59.049
203.8347,15.085,66.29
203.8498,14.859,67.298
203.8647,16.236,61.593
203.8809,16.855,59.33
203.8977,19.128,52.278
203.9169,16.433,60.855
203.9333,17.25,57.972
203.9506,16.189,61.772
203.9667,16.058,62.275
203.9828,16.412,60.933
203.9992,17.043,58.677
204.0163,15.508,64.483
204.0318,17.019,58.758
204.0488,17.039,58.689
204.0658,15.984,62.562
204.0818,16.182,61.797
204.098,17.097,58.49
204.1151,17.389,57.508
204.1325,16.028,62.392
204.1485,17.0,58.824
204.1655,16.878,59.25
204.1824,17.681,56.559
204.2001,15.811,63.246
204.2159,33.497,29.854
204.2494,17.842,56.048
204.2672,17.883,55.919
204.2851,16.091,62.146
204.3012,16.603,60.23
204.3178,16.467,60.728
204.3343,16.21,61.689
204.3505,18.156,55.078
204.3686,18.494,54.073
204.3871,16.986,58.871
204.4041,17.809,56.153
204.4219,17.397,57.481
204.4393,16.629,60.135
204.4559,19.239,51.977
204.4752,17.791,56.207
204.493,16.302,61.34
204.5093,16.841,59.379
204.5261,15.76,63.451
204.5419,17.995,55.572
204.5599,18.105,55.233
204.578,16.841,59.378
204.5948,15.147,66.02
204.61,18.895,52.923
204.6289,19.521,51.228
204.6484,17.645,56.673
204.666,17.66,56.625
204.6837,18.49,54.083
204.7022,16.362,61.116
204.7185,17.199,58.143
204.7357,16.979,58.895
204.7527,17.896,55.877
204.7706,17.694,56.515
204.7883,17.142,58.337
204.8054,16.454,60.775
204.8219,17.819,56.121
204.8397,17.084,58.534
204.8568,17.591,56.848
204.8744,17.173,58.233
204.8916,17.379,57.541
204.9089,16.744,59.724
204.9257,16.448,60.797
204.9421,17.117,58.421
204.9593,15.807,63.265
204.9751,15.412,64.884
204.9905,15.989,62.544
205.0065,16.343,61.189
205.0228,15.046,66.465
205.0378,16.411,60.935
205.0543,18.095,55.264
205.0724,16.527,60.509
205.0889,18.642,53.642
205.1075,16.42,60.9
205.1239,15.694,63.718
205.1396,16.688,59.923
205.1563,18.152,55.089
205.1745,16.356,61.138
205.1908,17.118,58.419
205.208,17.721,56.432
205.2257,18.646,53.63
205.2443,16.2,61.729
205.2605,18.272,54.727
205.2788,17.735,56.386
205.2965,16.481,60.676
205.313,17.091,58.512
205.3301,14.808,67.531
205.3449,17.414,57.426
205.3623,16.938,59.038
205.3793,18.908,52.888
205.3982,56.433,17.72
205.4546,17.654,56.645
205.4723,15.463,64.671
205.4877,14.402,69.434
205.5021,17.963,55.669
205.5201,16.772,59.622
205.5369,16.839,59.384
205.5537,16.466,60.733
205.5702,16.81,59.49
205.587,16.035,62.364
205.603,18.357,54.477
205.6214,15.776,63.386
205.6371,17.895,55.88
205.655,17.421,57.402
205.6725,18.513,54.016
205.691,16.777,59.607
205.7077,15.657,63.868
205.7234,17.806,56.162
205.7412,17.016,58.77
205.7582,15.368,65.072
205.7736,17.526,57.058
205.7911,16.942,59.025
205.8081,17.269,57.909
205.8253,17.61,56.785
205.8429,15.79,63.333
205.8587,18.32,54.584
205.877,17.263,57.927
205.8943,17.985,55.601
205.9123,16.952,58.989
205.9292,17.694,56.518
205.9469,16.179,61.81
205.9631,17.226,58.052
205.9803,18.373,54.428
205.9987,16.766,59.644
206.0155,18.571,53.849
206.0341,19.695,50.774
206.0537,17.087,58.525
206.0708,17.249,57.973
206.0881,17.018,58.76
206.1051,16.405,60.957
206.1215,18.421,54.286
206.1399,18.29,54.676
206.1582,17.475,57.225
206.1757,17.635,56.706
206.1933,47.684,20.971
206.241,17.775,56.26
206.2588,17.688,56.535
206.2765,16.791,59.555
206.2933,16.641,60.091
206.3099,17.84,56.054
206.3277,17.168,58.249
206.3449,17.66,56.625
206.3626,17.828,56.091
206.3804,18.491,54.081
206.3989,17.969,55.652
206.4169,16.905,59.154
206.4338,19.219,52.032
206.453,18.111,55.216
206.4711,17.725,56.418
206.4888,16.749,59.706
206.5056,18.28,54.704
206.5239,17.788,56.218
206.5416,18.511,54.021
206.5602,17.815,56.131
206.578,17.523,57.066
206.5955,15.434,64.792
206.6109,17.475,57.225
206.6284,17.477,57.219
206.6459,17.826,56.099
206.6637,18.109,55.22
206.6818,17.966,55.661
206.6998,18.777,53.258
206.7186,18.546,53.919
206.7371,18.316,54.598
206.7554,17.705,56.482
206.7731,18.591,53.788
206.7917,17.361,57.6
206.8091,17.613,56.777
206.8267,18.568,53.856
206.8453,17.594,56.838
206.8628,17.25,57.97
206.8801,17.3,57.803
206.8974,18.197,54.955
206.9156,20.041,49.898
206.9356,16.706,59.86
206.9523,20.014,49.965
206.9724,18.447,54.208
206.9908,46.859,21.34
207.0377,17.478,57.215
207.0551,17.203,58.13
207.0723,17.808,56.155
207.0901,18.295,54.66
207.1084,19.882,50.297
207.1283,18.1,55.249
207.1464,19.168,52.171
207.1656,17.39,57.506
207.183,16.45,60.79
207.1994,18.024,55.482
207.2175,18.383,54.399
207.2358,17.41,57.439
207.2533,17.86,55.991
207.2711,17.821,56.113
207.2889,17.227,58.049
207.3062,17.418,57.412
207.3236,16.715,59.827
207.3403,17.826,56.097
207.3581,20.003,49.993
207.3781,16.507,60.58
207.3946,17.005,58.805
207.4116,18.088,55.286
207.4297,16.396,60.99
207.4461,17.338,57.676
207.4635,17.133,58.368
207.4806,19.112,52.324
207.4997,18.002,55.549
207.5177,17.127,58.389
207.5348,19.393,51.564
207.5542,19.047,52.502
207.5733,18.775,53.264
207.592,17.46,57.273
207.6095,18.192,54.97
207.6277,17.118,58.419
207.6448,20.842,47.98
207.6657,18.112,55.211
207.6838,18.135,55.143
207.7019,18.121,55.186
207.72,19.047,52.501
207.7391,17.406,57.453
207.7565,17.435,57.355
207.7739,18.765,53.29
207.7927,19.613,50.986
207.8123,17.611,56.783
207.8299,19.298,51.817
207.8492,16.805,59.507
207.866,18.045,55.416
207.884,18.018,55.501
207.9021,18.48,54.112
207.9205,17.513,57.1
207.9381,18.326,54.568
207.9564,18.186,54.989
207.9746,16.949,59.0
207.9915,17.489,57.178
208.009,18.593,53.784
208.0276,16.753,59.691
208.0444,18.85,53.051
208.0632,17.169,58.244
208.0804,20.12,49.703
208.1005,17.066,58.597
208.1176,18.141,55.124
208.1357,17.311,57.766
208.153,18.852,53.043
208.1719,18.735,53.377
208.1906,16.61,60.205
208.2072,18.081,55.307
208.2253,19.072,52.432
208.2444,19.426,51.477
208.2638,16.856,59.326
208.2806,18.517,54.004
208.2992,18.774,53.265
208.3179,17.926,55.786
208.3359,19.178,52.144
208.355,17.456,57.286
208.3725,17.142,58.335
208.3896,17.954,55.699
208.4076,19.271,51.891
208.4269,18.527,53.975
208.4454,17.339,57.673
208.4627,18.391,54.374
208.4811,18.903,52.901
208.5,16.264,61.486
208.5163,19.066,52.451
208.5354,17.016,58.77
208.5524,19.442,51.435
208.5718,18.951,52.767
208.5908,19.131,52.271
208.6099,18.6,53.764
208.6285,18.243,54.816
208.6467,18.936,52.809
208.6657,17.445,57.325
208.6831,18.102,55.242
208.7012,20.809,48.056
208.722,18.624,53.694
208.7406,19.232,51.996
208.7599,17.038,58.691
208.7769,18.759,53.308
208.7957,18.291,54.673
208.814,17.486,57.188
208.8315,17.678,56.566
208.8491,17.052,58.643
208.8662,18.182,55.0
208.8844,16.932,59.061
208.9013,15.803,63.277
208.9171,17.353,57.628
208.9345,17.387,57.515
208.9518,17.67,56.593
208.9695,17.075,58.565
208.9866,16.148,61.927
209.0027,18.155,55.081
209.0209,18.032,55.458
209.0389,18.859,53.025
209.0578,17.835,56.071
209.0756,17.931,55.77
209.0935,16.687,59.926
209.1102,18.174,55.024
209.1284,17.48,57.207
209.1459,17.197,58.151
209.1631,18.25,54.794
209.1813,18.707,53.455
209.2,18.314,54.602
209.2184,18.908,52.888
209.2373,17.321,57.734
209.2546,17.63,56.721
209.2722,19.49,51.309
209.2917,19.243,51.968
209.3109,17.484,57.194
209.3284,16.489,60.647
209.3449,16.403,60.966
209.3613,18.612,53.73
209.3799,16.788,59.565
209.3967,17.794,56.198
209.4145,19.211,52.054
209.4337,17.73,56.403
209.4515,16.827,59.43
209.4683,19.109,52.331
209.4874,17.824,56.105
209.5052,19.217,52.036
209.5244,16.163,61.871
209.5406,16.996,58.837
209.5576,18.322,54.578
209.5759,17.262,57.932
209.5932,18.422,54.283
209.6116,18.828,53.113
209.6304,17.7,56.498
209.6481,17.275,57.888
209.6654,17.909,55.838
209.6833,18.325,54.569
209.7016,18.504,54.041
209.7201,17.14,58.342
209.7373,19.218,52.035
209.7565,16.632,60.126
209.7731,17.396,57.486
209.7905,17.964,55.666
209.8085,18.144,55.116
209.8266,17.442,57.332
209.8441,17.627,56.731
209.8617,18.273,54.726
209.88,14.994,66.695
209.895,17.898,55.871
209.9129,17.662,56.62
209.9305,18.605,53.75
209.9491,18.215,54.899
209.9674,17.476,57.221
209.9848,17.909,55.838
210.0027,17.821,56.114
210.0206,17.297,57.812
210.0379,18.879,52.968
210.0567,19.87,50.326
210.0766,17.648,56.664
210.0943,18.253,54.787
210.1125,18.002,55.548
210.1305,17.523,57.069
210.148,18.548,53.914
210.1666,20.34,49.164
210.1869,18.488,54.09
210.2054,18.352,54.49
210.2238,16.693,59.904
210.2405,19.622,50.964
210.2601,18.527,53.976
210.2786,17.983,55.608
210.2966,16.248,61.544
210.3128,18.417,54.298
210.3312,16.706,59.86
210.348,18.503,54.044
210.3665,17.302,57.798
210.3838,16.165,61.861
210.3999,17.524,57.066
210.4174,18.963,52.734
210.4364,18.132,55.15
210.4545,17.8,56.179
210.4723,17.434,57.361
210.4898,16.945,59.014
210.5067,19.27,51.893
210.526,18.603,53.754
210.5446,17.876,55.942
210.5625,18.992,52.652
210.5815,18.234,54.844
210.5997,19.123,52.294
210.6188,16.845,59.364
210.6357,18.541,53.936
210.6542,17.445,57.321
210.6717,17.626,56.736
210.6893,19.115,52.316
210.7084,18.521,53.993
210.7269,17.949,55.714
210.7449,18.377,54.415
210.7632,17.23,58.039
210.7805,15.498,64.524
210.796,16.798,59.531
210.8128,17.44,57.34
210.8302,18.28,54.704
210.8485,16.892,59.199
210.8654,16.441,60.824
210.8818,18.446,54.211
210.9003,18.726,53.401
210.919,17.565,56.931
210.9366,18.601,53.761
210.9552,16.673,59.978
210.9718,17.979,55.621
210.9898,18.485,54.097
211.0083,17.122,58.404
211.0254,17.748,56.344
211.0432,17.394,57.491
211.0606,16.764,59.65
211.0773,17.677,56.572
211.095,18.167,55.044
211.1132,19.242,51.97
211.1324,18.171,55.031
211.1506,19.268,51.901
211.1698,16.994,58.846
211.1868,18.592,53.787
211.2054,17.568,56.921
211.223,17.669,56.595
211.2407,17.679,56.564
211.2583,17.446,57.319
211.2758,16.38,61.052
211.2922,18.06,55.372
211.3102,20.761,48.167
211.331,16.442,60.818
211.3474,18.443,54.22
211.3659,17.703,56.486
211.3836,17.211,58.103
211.4008,18.643,53.639
211.4194,18.684,53.523
211.4381,17.601,56.815
211.4557,16.236,61.591
211.472,17.509,57.113
211.4895,19.254,51.938
211.5087,16.33,61.238
211.5251,17.819,56.12
211.5429,16.959,58.966
211.5598,17.774,56.261
211.5776,17.368,57.578
211.595,17.909,55.838
211.6129,17.705,56.482
211.6306,17.704,56.485
211.6483,19.12,52.3
211.6674,18.202,54.938
211.6856,18.209,54.917
211.7038,17.766,56.286
211.7216,16.18,61.806
211.7378,17.824,56.104
211.7556,16.843,59.372
211.7724,18.879,52.968
211.7913,18.322,54.579
211.8096,17.3,57.803
211.8269,17.663,56.614
211.8446,18.416,54.301
211.863,18.232,54.849
211.8812,17.414,57.426
211.8987,16.665,60.007
211.9153,17.589,56.853
211.9329,17.298,57.81
211.9502,19.053,52.485
211.9693,17.33,57.703
211.9866,17.031,58.716
212.0036,15.34,65.19
212.019,19.747,50.64
212.0387,16.406,60.952
212.0551,17.594,56.836
212.0727,18.547,53.917
212.0913,17.081,58.544
212.1083,18.662,53.584
212.127,18.125,55.171
212.1451,16.617,60.179
212.1617,17.095,58.497
212.1788,17.156,58.29
212.196,17.195,58.155
212.2132,17.954,55.698
212.2311,18.448,54.206
212.2496,16.801,59.521
212.2664,17.079,58.552
212.2835,17.973,55.64
212.3014,16.778,59.601
212.3182,18.667,53.571
212.3369,17.282,57.864
212.3542,18.693,53.496
212.3729,17.571,56.912
212.3904,16.463,60.743
212.4069,18.176,55.017
212.4251,17.427,57.382
212.4425,17.464,57.261
212.46,17.265,57.919
212.4772,17.809,56.152
212.495,16.791,59.556
212.5118,17.852,56.017
212.5297,19.699,50.764
212.5494,18.799,53.194
212.5682,18.866,53.007
212.587,18.399,54.349
212.6054,17.087,58.523
212.6225,16.94,59.031
212.6395,16.894,59.192
212.6564,17.7,56.498
212.6741,17.487,57.184
212.6916,18.112,55.213
212.7097,16.586,60.292
212.7263,16.648,60.067
212.7429,17.994,55.574
212.7609,18.571,53.847
212.7795,17.985,55.601
212.7975,16.708,59.85
212.8142,17.476,57.221
212.8316,17.087,58.524
212.8487,17.461,57.269
212.8662,17.671,56.59
212.8839,16.59,60.276
212.9004,17.32,57.737
212.9178,18.5,54.055
212.9363,16.284,61.411
212.9526,18.334,54.545
212.9709,18.153,55.088
212.989,17.193,58.162
213.0062,16.684,59.939
213.0229,17.567,56.925
213.0405,17.161,58.273
213.0576,17.9,55.865
213.0755,17.757,56.315
213.0933,17.417,57.415
213.1107,17.8,56.178
213.1285,17.084,58.533
213.1456,17.255,57.954
213.1629,16.725,59.792
213.1796,18.465,54.156
213.198,17.25,57.97
213.2153,16.971,58.924
213.2323,14.91,67.068
213.2472,17.453,57.297
213.2646,15.806,63.268
213.2804,16.566,60.365
213.297,18.485,54.097
213.3155,16.182,61.797
213.3317,18.353,54.486
213.35,16.005,62.479
213.366,17.018,58.762
213.383,18.512,54.02
213.4016,17.455,57.29
213.419,16.559,60.389
213.4356,18.588,53.797
213.4542,17.84,56.054
213.472,17.527,57.056
213.4895,17.689,56.534
213.5072,17.23,58.038
213.5244,16.864,59.298
213.5413,16.865,59.293
213.5582,17.975,55.632
213.5762,18.526,53.979
213.5947,17.14,58.344
213.6118,18.074,55.327
213.6299,17.567,56.924
213.6475,16.712,59.835
213.6642,16.948,59.002
213.6811,17.756,56.318
213.6989,16.961,58.957
213.7158,17.47,57.241
213.7333,17.987,55.596
213.7513,18.053,55.393
213.7693,17.062,58.609
213.7864,17.9,55.866
213.8043,18.904,52.899
213.8232,16.8,59.523
213.84,17.909,55.839
213.8579,17.913,55.826
213.8758,17.396,57.485
213.8932,17.819,56.119
213.911,17.076,58.561
213.9281,18.692,53.498
213.9468,17.493,57.164
213.9643,16.242,61.568
213.9806,16.83,59.416
213.9974,19.118,52.307
214.0165,18.396,54.359
214.0349,16.851,59.344
214.0517,18.326,54.566
214.0701,19.08,52.41
214.0892,17.254,57.959
214.1064,16.673,59.976
214.1231,18.952,52.765
214.142,17.683,56.552
214.1597,16.785,59.576
214.1765,18.071,55.338
214.1946,17.235,58.022
214.2118,17.737,56.381
214.2295,18.072,55.335
214.2476,18.024,55.482
214.2656,17.479,57.212
214.2831,17.895,55.88
214.301,18.055,55.388
214.3191,16.826,59.432
214.3359,17.205,58.123
214.3531,15.577,64.198
214.3687,17.258,57.944
214.3859,16.005,62.479
214.4019,17.251,57.969
214.4192,17.505,57.126
214.4367,15.873,62.998
214.4526,17.469,57.246
214.47,18.242,54.817
214.4883,19.252,51.943
214.5075,16.248,61.546
214.5238,18.287,54.683
214.5421,16.435,60.846
214.5585,17.014,58.777
214.5755,16.484,60.664
214.592,17.215,58.087
214.6092,16.897,59.183
214.6261,18.137,55.137
214.6442,18.16,55.065
214.6624,17.636,56.703
214.68,16.58,60.312
214.6966,16.513,60.559
214.7131,17.163,58.265
214.7303,17.161,58.272
214.7475,17.707,56.475
214.7652,16.547,60.434
214.7817,16.792,59.551
214.7985,18.235,54.84
214.8167,17.753,56.328
214.8345,17.394,57.491
214.8519,15.549,64.311
214.8674,17.518,57.084
214.885,17.54,57.014
214.9025,16.603,60.229
214.9191,16.559,60.391
214.9357,16.885,59.224
214.9525,17.397,57.482
214.9699,17.008,58.796
214.987,16.995,58.84
215.0039,18.323,54.575
215.0223,17.516,57.092
215.0398,16.075,62.207
215.0559,17.182,58.2
215.073,15.787,63.345
215.0888,17.411,57.436
215.1062,17.255,57.955
215.1235,19.19,52.11
215.1427,17.684,56.547
215.1604,18.609,53.738
215.179,17.063,58.605
215.196,39.054,25.606
215.2351,16.653,60.048
215.2517,17.123,58.4
215.2689,18.071,55.337
215.2869,16.262,61.492
215.3032,17.668,56.599
215.3209,16.483,60.667
215.3374,16.854,59.335
215.3542,17.581,56.878
215.3718,16.768,59.639
215.3886,16.795,59.542
215.4054,17.545,56.997
215.4229,15.702,63.688
215.4386,18.142,55.121
215.4567,17.395,57.487
215.4741,19.537,51.184
215.4937,16.031,62.38
215.5097,17.5,57.143
215.5272,17.334,57.69
215.5445,17.938,55.747
215.5625,16.85,59.349
215.5793,19.116,52.312
215.5984,17.69,56.529
215.6161,17.535,57.028
215.6337,16.753,59.689
215.6504,19.017,52.584
215.6694,17.251,57.967
215.6867,17.323,57.728
215.704,15.876,62.987
215.7199,18.087,55.287
215.738,16.296,61.366
215.7543,16.585,60.294
215.7709,16.122,62.027
215.787,16.164,61.867
215.8031,17.277,57.881
215.8204,16.934,59.052
215.8374,16.756,59.68
215.8541,16.687,59.925
215.8708,17.34,57.672
215.8881,17.372,57.564
215.9055,17.581,56.88
215.9231,17.754,56.324
215.9408,19.374,51.615
215.9602,17.709,56.467
215.9779,16.947,59.007
215.9949,17.308,57.776
216.0122,15.374,65.045
216.0276,17.233,58.029
216.0448,18.036,55.443
216.0628,17.211,58.101
216.08,16.905,59.153
216.0969,17.449,57.309
216.1144,18.403,54.338
216.1328,18.431,54.256
216.1512,18.056,55.383
216.1693,16.185,61.786
216.1855,15.92,62.812
216.2014,17.646,56.671
216.219,17.477,57.217
216.2365,16.76,59.667
216.2533,15.539,64.354
216.2688,18.733,53.381
216.2875,17.286,57.849
216.3048,17.375,57.556
216.3222,18.686,53.517
216.3409,18.685,53.519
216.3596,17.573,56.906
216.3771,19.0,52.632
216.3961,17.894,55.884
216.414,18.005,55.541
216.432,16.986,58.874
216.449,17.353,57.628
216.4664,17.267,57.913
216.4837,18.417,54.299
216.5021,17.54,57.012
216.5196,17.265,57.92
216.5369,17.691,56.525
216.5546,16.7,59.879
216.5713,17.26,57.938
216.5885,18.571,53.847
216.6071,17.431,57.369
216.6245,18.234,54.844
216.6428,16.591,60.274
216.6594,18.12,55.189
216.6775,17.488,57.183
216.695,17.154,58.294
216.7121,17.768,56.28
216.7299,18.029,55.467
216.7479,17.591,56.847
216.7655,16.697,59.89
216.7822,16.587,60.29
216.7988,17.867,55.97
216.8167,18.03,55.462
216.8347,17.139,58.347
216.8518,17.965,55.663
216.8698,16.634,60.119
216.8864,16.453,60.78
216.9029,18.143,55.118
216.921,18.864,53.011
216.9399,16.512,60.563
216.9564,17.749,56.343
216.9741,17.222,58.066
216.9914,16.477,60.689
217.0078,18.012,55.518
217.0259,18.864,53.01
217.0447,17.606,56.8
217.0623,17.19,58.173
217.0795,18.496,54.066
217.098,17.547,56.989
217.1156,17.421,57.402
217.133,19.704,50.75
217.1527,17.814,56.136
217.1705,17.99,55.586
217.1885,18.155,55.082
217.2066,16.982,58.886
217.2236,19.122,52.295
217.2427,18.53,53.968
217.2613,17.391,57.501
217.2787,18.642,53.642
217.2973,17.42,57.404
217.3147,17.825,56.1
217.3326,16.877,59.254
217.3494,17.498,57.15
217.3669,18.339,54.527
217.3853,16.712,59.838
217.402,17.537,57.023
217.4195,17.882,55.921
217.4374,17.558,56.954
217.455,30.415,32.878
217.4854,17.626,56.735
217.503,15.968,62.626
217.519,17.529,57.049
217.5365,18.751,53.33
217.5552,17.85,56.023
217.5731,16.805,59.507
217.5899,18.557,53.889
217.6085,17.064,58.604
217.6255,17.009,58.791
217.6425,16.907,59.146
217.6594,16.784,59.581
217.6762,16.876,59.256
217.6931,17.406,57.452
217.7105,17.837,56.063
217.7283,17.653,56.649
217.746,17.9,55.865
217.7639,16.833,59.408
217.7807,18.146,55.108
217.7989,17.809,56.152
217.8167,18.454,54.19
217.8351,18.293,54.667
217.8534,18.385,54.393
217.8718,17.563,56.939
217.8894,19.605,51.008
217.909,18.55,53.908
217.9275,17.656,56.639
217.9452,18.167,55.044
217.9634,16.77,59.629
217.9801,17.08,58.547
217.9972,17.973,55.638
218.0152,17.197,58.15
218.0324,16.683,59.941
218.0491,16.881,59.238
218.0659,17.121,58.409
218.0831,16.62,60.168
218.0997,17.654,56.645
218.1173,18.544,53.925
218.1359,18.236,54.837
218.1541,17.224,58.057
218.1713,17.038,58.694
218.1884,18.263,54.755
218.2066,16.482,60.674
218.2231,17.641,56.685
218.2408,17.331,57.702
218.2581,18.5,54.054
218.2766,17.836,56.067
218.2944,14.971,66.795
218.3094,17.197,58.148
218.3266,17.949,55.714
218.3445,18.702,53.47
218.3632,16.271,61.461
218.3795,19.144,52.237
218.3987,16.828,59.426
218.4155,18.18,55.005
218.4337,18.162,55.059
218.4518,16.665,60.006
218.4685,17.066,58.597
218.4856,18.195,54.96
218.5038,17.913,55.826
218.5217,16.525,60.516
218.5382,17.94,55.742
218.5561,15.574,64.21
218.5717,17.904,55.855
218.5896,18.229,54.857
218.6078,18.968,52.721
218.6268,16.684,59.936
218.6435,17.128,58.385
218.6606,18.972,52.709
218.6796,18.734,53.379
218.6983,18.012,55.519
218.7163,17.675,56.578
218.734,17.719,56.437
218.7517,16.632,60.125
218.7684,17.331,57.7
218.7857,17.395,57.488
218.8031,16.679,59.957
218.8198,19.438,51.447
218.8392,16.887,59.217
218.8561,17.144,58.329
218.8732,18.121,55.184
218.8914,16.206,61.705
218.9076,19.296,51.825
218.9269,17.679,56.566
218.9445,18.14,55.126
218.9627,19.285,51.854
218.982,17.236,58.017
218.9992,18.584,53.811
219.0178,17.44,57.341
219.0352,16.618,60.175
219.0518,18.001,55.554
219.0698,19.023,52.568
219.0889,17.773,56.266
219.1066,19.157,52.2
219.1258,17.205,58.124
219.143,19.323,51.753
219.1623,17.5,57.142
219.1798,18.295,54.659
219.1981,18.549,53.912
219.2167,18.251,54.792
219.2349,20.109,49.728
219.255,16.301,61.345
219.2713,19.51,51.255
219.2908,19.714,50.727
219.3106,18.982,52.681
219.3295,16.788,59.565
219.3463,18.44,54.23
219.3648,18.486,54.095
219.3832,18.327,54.564
219.4016,18.255,54.779
219.4198,18.13,55.157
219.438,18.93,52.825
219.4569,18.021,55.49
219.4749,18.344,54.513
219.4933,18.007,55.533
219.5113,19.238,51.98
219.5305,16.023,62.412
219.5465,17.841,56.051
219.5644,19.647,50.899
219.584,18.757,53.312
219.6028,19.258,51.927
219.622,17.7,56.497
219.6397,19.087,52.39
219.6588,46.902,21.321
219.7057,16.156,61.895
219.7219,17.905,55.849
219.7398,17.778,56.25
219.7576,17.904,55.853
219.7755,18.847,53.059
219.7943,17.119,58.416
219.8114,19.21,52.055
219.8306,17.267,57.914
219.8479,18.853,53.043
219.8668,18.179,55.01
219.8849,16.772,59.624
219.9017,17.466,57.255
219.9192,20.098,49.756
219.9393,19.687,50.796
219.959,18.128,55.163
219.9771,20.999,47.621
219.9981,18.628,53.682
220.0167,17.798,56.186
220.0345,16.878,59.25
220.0514,18.058,55.377
220.0694,18.71,53.448
220.0882,19.21,52.057
220.1074,18.922,52.849
220.1263,20.294,49.276
220.1466,19.355,51.666
220.1659,18.749,53.337
220.1847,18.377,54.415
220.2031,19.521,51.227
220.2226,18.815,53.148
220.2414,16.72,59.81
220.2581,18.525,53.981
220.2766,18.986,52.67
220.2956,17.198,58.147
220.3128,17.869,55.963
220.3307,17.124,58.396
220.3478,19.271,51.892
220.3671,15.729,63.575
220.3828,19.369,51.63
220.4022,18.445,54.216
220.4206,19.132,52.269
220.4398,19.479,51.338
220.4592,20.046,49.885
220.4793,19.781,50.555
220.4991,18.31,54.616
220.5174,20.362,49.11
220.5377,17.745,56.353
220.5555,17.132,58.369
220.5726,17.982,55.613
220.5906,17.236,58.019
220.6078,18.928,52.832
220.6268,18.502,54.047
220.6453,17.389,57.506
220.6627,18.005,55.541
220.6807,16.284,61.41
220.6969,18.306,54.626
220.7153,19.6,51.021
220.7349,17.846,56.035
220.7527,18.948,52.775
220.7716,19.561,51.122
220.7912,16.288,61.394
220.8075,19.046,52.504
220.8265,19.15,52.218
220.8457,18.983,52.679
220.8647,18.49,54.083
220.8832,20.508,48.762
220.9037,19.277,51.875
220.9229,17.67,56.594
220.9406,18.801,53.189
220.9594,17.542,57.006
220.977,19.491,51.305
220.9965,19.094,52.372
221.0155,19.165,52.178
221.0347,20.206,49.49
221.0549,19.806,50.49
221.0747,19.77,50.581
221.0945,18.681,53.531
221.1132,19.269,51.897
221.1324,19.097,52.365
221.1515,18.849,53.053
221.1704,18.62,53.706
221.189,19.276,51.877
221.2083,18.403,54.34
221.2267,19.511,51.254
221.2462,19.453,51.405
221.2657,18.27,54.734
221.2839,18.997,52.641
221.3029,20.149,49.631
221.3231,18.764,53.294
221.3418,17.987,55.597
221.3598,18.889,52.939
221.3787,19.533,51.196
221.3982,18.023,55.484
221.4163,17.577,56.891
221.4338,18.912,52.877
221.4528,20.171,49.576
221.4729,21.734,46.011
221.4947,18.988,52.665
221.5136,19.704,50.752
221.5334,18.294,54.664
221.5516,17.573,56.905
221.5692,19.67,50.838
221.5889,18.137,55.137
221.607,17.304,57.79
221.6243,17.063,58.605
221.6414,20.094,49.767
221.6615,18.253,54.786
221.6797,17.781,56.239
221.6975,18.645,53.633
221.7162,17.605,56.801
221.7338,19.679,50.816
221.7534,18.377,54.417
221.7718,19.259,51.925
221.7911,18.436,54.241
221.8095,18.842,53.074
221.8284,18.338,54.533
221.8467,17.513,57.102
221.8642,17.213,58.095
221.8814,18.948,52.777
221.9004,19.047,52.501
221.9194,18.647,53.628
221.9381,19.557,51.134
221.9576,19.136,52.257
221.9768,19.526,51.215
221.9963,19.426,51.477
222.0157,18.158,55.074
222.0339,18.116,55.199
222.052,18.052,55.394
222.07,19.393,51.565
222.0894,19.504,51.271
222.1089,19.317,51.769
222.1283,19.567,51.107
222.1478,18.39,54.376
222.1662,19.287,51.847
222.1855,18.941,52.796
222.2044,17.212,58.099
222.2216,18.735,53.376
222.2404,18.501,54.051
222.2589,19.417,51.501
222.2783,19.641,50.914
222.2979,18.958,52.747
222.3169,18.488,54.088
222.3354,19.568,51.104
222.355,18.854,53.04
222.3738,18.45,54.2
222.3923,19.417,51.501
222.4117,21.647,46.196
222.4333,18.857,53.03
222.4522,47.879,20.886
222.5001,19.827,50.436
222.5199,20.443,48.916
222.5403,19.126,52.286
222.5595,18.979,52.691
222.5784,19.613,50.987
222.5981,18.632,53.671
222.6167,20.305,49.25
222.637,20.399,49.021
222.6574,19.272,51.89
222.6767,20.01,49.974
222.6967,18.287,54.684
222.715,20.065,49.838
222.735,18.195,54.96
222.7532,18.453,54.191
222.7717,19.154,52.207
222.7908,18.158,55.072
222.809,20.013,49.967
222.829,19.437,51.449
222.8484,18.712,53.441
222.8671,19.435,51.453
222.8866,18.956,52.754
222.9055,17.538,57.019
222.9231,20.367,49.099
222.9434,20.175,49.566
222.9636,17.998,55.561
222.9816,17.842,56.048
222.9995,19.492,51.303
223.0189,19.777,50.565
223.0387,20.948,47.738
223.0597,17.973,55.64
223.0776,18.422,54.283
223.0961,19.079,52.413
223.1151,19.98,50.051
223.1351,20.147,49.635
223.1553,21.169,47.239
223.1764,18.873,52.985
223.1953,18.842,53.073
223.2142,18.982,52.682
223.2331,18.736,53.372
223.2519,19.303,51.806
223.2712,20.048,49.88
223.2912,20.092,49.772
223.3113,18.004,55.544
223.3293,20.745,48.203
223.3501,19.24,51.976
223.3693,19.289,51.843
223.3886,17.869,55.962
223.4065,18.652,53.615
223.4251,18.645,53.634
223.4438,19.357,51.66
223.4631,19.076,52.423
223.4822,19.21,52.057
223.5014,18.081,55.307
223.5195,18.432,54.254
223.5379,19.751,50.63
223.5577,19.223,52.021
223.5769,19.121,52.298
223.596,19.008,52.609
223.615,19.442,51.435
223.6345,19.859,50.355
223.6543,18.565,53.864
223.6729,20.031,49.923
223.6929,18.886,52.949
223.7118,20.078,49.805
223.7319,19.4,51.545
223.7513,18.793,53.211
223.7701,19.94,50.15
223.79,18.966,52.726
223.809,19.225,52.015
223.8282,19.053,52.486
223.8473,20.073,49.818
223.8673,18.909,52.885
223.8862,19.205,52.068
223.9054,17.727,56.41
223.9232,19.777,50.563
223.943,19.178,52.143
223.9621,19.038,52.525
223.9812,18.634,53.666
223.9998,19.0,52.631
224.0188,19.239,51.977
224.038,19.096,52.366
224.0571,16.844,59.369
224.074,20.128,49.681
224.0941,20.915,47.812
224.115,18.887,52.945
224.1339,19.95,50.125
224.1539,20.181,49.551
224.174,19.176,52.15
224.1932,19.468,51.367
224.2127,17.357,57.614
224.23,20.067,49.833
224.2501,17.781,56.24
224.2679,20.499,48.783
224.2884,21.273,47.008
224.3097,20.66,48.403
224.3303,21.564,46.374
224.3519,19.588,51.053
224.3715,19.407,51.527
224.3909,18.15,55.097
224.409,17.402,57.465
224.4264,18.911,52.878
224.4453,19.765,50.594
224.4651,19.182,52.132
224.4843,19.637,50.923
224.5039,20.01,49.975
224.5239,19.003,52.622
224.5429,18.599,53.765
224.5615,19.415,51.506
224.581,20.025,49.937
224.601,18.94,52.798
224.6199,19.495,51.296
224.6394,18.587,53.802
224.658,19.798,50.511
224.6778,19.055,52.479
224.6969,20.228,49.437
224.7171,19.322,51.754
224.7364,20.726,48.249
224.7571,17.701,56.493
224.7748,18.438,54.236
224.7933,19.11,52.329
224.8124,18.481,54.111
224.8309,20.396,49.029
224.8513,19.222,52.023
224.8705,19.718,50.716
224.8902,17.629,56.725
224.9078,18.703,53.468
224.9265,17.713,56.454
224.9442,20.071,49.824
224.9643,19.26,51.921
224.9836,19.645,50.904
225.0032,19.776,50.567
225.023,19.187,52.119
225.0422,19.186,52.122
225.0614,19.622,50.962
225.081,20.07,49.826
225.1011,19.313,51.778
225.1204,18.581,53.818
225.139,19.666,50.848
225.1586,19.828,50.433
225.1784,19.363,51.646
225.1978,19.469,51.364
225.2173,18.144,55.113
225.2354,19.071,52.436
225.2545,18.238,54.83
225.2727,17.648,56.665
225.2904,20.29,49.285
225.3107,20.387,49.051
225.3311,19.677,50.821
225.3507,19.937,50.159
225.3707,19.47,51.36
225.3901,20.472,48.847
225.4106,19.253,51.94
225.4299,18.193,54.965
225.4481,21.205,47.159
225.4693,19.469,51.365
225.4887,19.253,51.941
225.508,19.006,52.615
225.527,18.316,54.598
225.5453,19.86,50.353
225.5652,20.395,49.031
225.5856,17.679,56.563
225.6032,18.708,53.452
225.622,19.543,51.168
225.6415,18.303,54.636
225.6598,20.008,49.981
225.6798,18.5,54.053
225.6983,18.442,54.224
225.7167,18.585,53.807
225.7353,18.894,52.926
225.7542,19.161,52.189
225.7734,19.163,52.185
225.7926,18.801,53.189
225.8114,18.116,55.201
225.8295,18.948,52.776
225.8484,19.465,51.374
225.8679,19.357,51.66
225.8872,17.929,55.774
225.9052,19.34,51.706
225.9245,18.407,54.328
225.9429,20.506,48.766
225.9634,19.199,52.087
225.9826,19.686,50.797
226.0023,19.471,51.357
226.0218,19.013,52.595
226.0408,18.615,53.72
226.0594,18.178,55.012
226.0776,17.95,55.712
226.0955,18.112,55.213
226.1136,19.205,52.07
226.1328,19.089,52.387
226.1519,19.115,52.316
226.1711,18.269,54.738
226.1893,19.021,52.574
226.2083,20.944,47.746
226.2293,19.707,50.743
226.249,19.809,50.482
226.2688,18.763,53.298
226.2876,18.913,52.873
226.3065,18.407,54.327
226.3249,19.248,51.953
226.3441,18.842,53.073
226.363,19.039,52.525
226.382,20.848,47.967
226.4029,16.871,59.273
226.4197,20.802,48.073
226.4405,18.144,55.116
226.4587,17.372,57.565
226.476,19.03,52.548
226.4951,18.988,52.663
226.5141,18.164,55.054
226.5322,20.088,49.781
226.5523,19.106,52.34
226.5714,18.266,54.747
226.5897,17.942,55.737
226.6076,18.885,52.952
226.6265,19.167,52.173
226.6457,19.07,52.439
226.6648,18.936,52.808
226.6837,19.248,51.954
226.7029,19.421,51.492
226.7224,19.264,51.912
226.7416,20.325,49.2
226.7619,20.158,49.609
226.7821,21.133,47.32
226.8032,19.291,51.838
226.8225,18.847,53.059
226.8414,19.752,50.627
226.8611,19.801,50.502
226.8809,19.544,51.166
226.9005,17.007,58.799
226.9175,19.23,52.003
226.9367,18.358,54.471
226.9551,18.266,54.745
226.9733,18.132,55.15
226.9915,18.12,55.188
227.0096,21.978,45.501
227.0316,18.41,54.318
227.05,18.979,52.691
227.069,19.519,51.232
227.0885,18.331,54.552
227.1068,18.252,54.789
227.1251,20.586,48.577
227.1456,17.885,55.911
227.1635,18.009,55.529
227.1815,19.014,52.593
227.2005,17.698,56.502
227.2182,19.27,51.895
227.2375,19.978,50.056
227.2575,18.036,55.446
227.2755,17.754,56.324
227.2933,18.029,55.466
227.3113,17.901,55.863
227.3292,18.16,55.067
227.3474,17.259,57.94
227.3646,19.598,51.025
227.3842,18.916,52.866
227.4031,19.017,52.586
227.4222,17.27,57.903
227.4394,18.372,54.43
227.4578,18.81,53.162
227.4766,19.053,52.486
227.4957,18.817,53.143
227.5145,19.991,50.022
227.5345,18.677,53.542
227.5532,17.014,58.775
227.5702,19.962,50.095
227.5901,19.501,51.279
227.6096,18.824,53.123
227.6285,19.698,50.765
227.6482,18.669,53.565
227.6668,19.189,52.114
227.686,18.535,53.951
227.7045,18.457,54.181
227.723,19.9,50.252
227.7429,19.144,52.235
227.762,19.689,50.79
227.7817,19.969,50.077
227.8017,17.915,55.82
227.8196,19.385,51.585
227.839,19.075,52.425
227.8581,20.36,49.117
227.8784,18.651,53.615
227.8971,20.445,48.911
227.9175,17.617,56.763
227.9352,17.629,56.725
227.9528,18.862,53.018
227.9716,20.181,49.551
227.9918,19.158,52.198
228.011,19.018,52.582
228.03,17.773,56.264
228.0478,19.389,51.576
228.0672,19.193,52.103
228.0864,17.883,55.918
228.1042,17.972,55.642
228.1222,17.691,56.527
228.1399,17.931,55.77
228.1578,18.946,52.782
228.1768,18.536,53.95
228.1953,18.244,54.811
228.2136,18.826,53.119
228.2324,18.715,53.432
228.2511,17.786,56.225
228.2689,18.777,53.256
228.2877,18.311,54.611
228.306,19.24,51.976
228.3252,17.891,55.893
228.3431,18.166,55.048
228.3613,18.829,53.111
228.3801,18.669,53.565
228.3988,18.07,55.341
228.4168,20.248,49.388
228.4371,19.019,52.579
228.4561,19.847,50.385
228.476,18.886,52.949
228.4948,19.083,52.403
228.5139,18.759,53.309
228.5327,20.207,49.489
228.5529,18.322,54.579
228.5712,17.994,55.574
228.5892,19.237,51.983
228.6084,18.733,53.382
228.6272,17.937,55.752
228.6451,18.694,53.492
228.6638,18.953,52.762
228.6828,19.84,50.403
228.7026,19.628,50.947
228.7222,19.755,50.62
228.742,17.362,57.597
228.7593,18.38,54.406
228.7777,19.023,52.567
228.7967,18.021,55.491
228.8148,18.509,54.029
228.8333,20.393,49.036
228.8537,18.502,54.048
228.8722,18.265,54.75
228.8904,17.042,58.679
228.9075,17.915,55.821
228.9254,18.196,54.958
228.9436,19.774,50.572
228.9634,19.365,51.641
228.9827,19.494,51.299
229.0022,20.094,49.766
229.0223,17.283,57.86
229.0396,19.204,52.072
229.0588,18.88,52.965
229.0777,18.942,52.793
229.0966,17.401,57.469
229.114,17.205,58.122
229.1312,18.503,54.044
229.1497,19.007,52.611
229.1687,19.059,52.47
229.1878,18.942,52.792
229.2067,18.273,54.725
229.225,17.821,56.115
229.2428,19.654,50.88
229.2625,16.783,59.584
229.2793,17.862,55.985
229.2971,18.231,54.853
229.3154,18.706,53.46
229.3341,18.482,54.106
229.3526,18.793,53.211
229.3713,18.468,54.147
229.3898,19.831,50.425
229.4096,18.682,53.528
229.4283,18.406,54.329
229.4467,18.065,55.356
229.4648,16.706,59.858
229.4815,19.601,51.018
229.5011,18.318,54.59
229.5194,18.465,54.155
229.5379,19.277,51.876
229.5572,18.02,55.492
229.5752,18.334,54.544
229.5935,19.658,50.869
229.6132,19.403,51.539
229.6326,19.167,52.173
229.6517,18.869,52.996
229.6706,17.771,56.27
229.6884,42.457,23.553
229.7308,18.388,54.382
229.7492,17.733,56.39
229.767,18.899,52.912
229.7859,18.059,55.375
229.8039,17.829,56.089
229.8218,18.093,55.27
229.8398,18.817,53.144
229.8587,17.1,58.478
229.8758,18.004,55.543
229.8938,18.318,54.591
229.9121,17.072,58.575
229.9292,17.813,56.138
229.947,18.969,52.716
229.9659,18.043,55.423
229.984,17.94,55.74
230.0019,17.613,56.776
230.0195,18.255,54.778
230.0378,17.412,57.43
230.0552,17.939,55.746
230.0731,17.735,56.384
230.0909,17.799,56.182
230.1087,19.56,51.126
230.1282,18.688,53.509
230.1469,16.512,60.564
230.1634,17.615,56.771
230.1811,19.18,52.138
230.2002,58.477,17.101
230.2587,17.93,55.772
230.2766,18.958,52.748
230.2956,17.225,58.056
230.3128,18.028,55.47
230.3309,20.162,49.599
230.351,18.234,54.842
230.3692,16.603,60.232
230.3859,37.553,26.629
230.4234,18.501,54.052
230.4419,18.159,55.07
230.4601,19.418,51.5
230.4795,18.946,52.781
230.4984,17.226,58.051
230.5157,17.1,58.478
230.5328,39.314,25.436
230.5721,17.075,58.565
230.5891,18.205,54.93
230.6073,17.76,56.305
230.6251,18.586,53.804
230.6437,18.441,54.227
230.6621,16.781,59.593
230.6789,17.513,57.1
230.6964,19.606,51.005
230.716,17.724,56.421
230.7338,18.282,54.698
230.752,17.555,56.964
230.7696,17.911,55.83
230.7875,17.258,57.943
230.8048,17.682,56.553
230.8224,18.115,55.202
230.8406,17.645,56.675
230.8582,17.941,55.739
230.8761,17.495,57.16
230.8936,16.952,58.989
230.9106,19.549,51.154
230.9301,17.592,56.844
230.9477,18.916,52.866
230.9667,18.419,54.291
230.9851,16.509,60.574
231.0016,17.317,57.747
231.0189,18.547,53.917
231.0374,17.165,58.258
231.0546,18.809,53.165
231.0734,19.164,52.182
231.0926,17.498,57.149
231.1101,18.166,55.047
231.1282,17.061,58.612
231.1453,17.177,58.216
231.1625,16.653,60.049
231.1791,18.384,54.394
231.1975,17.171,58.236
231.2147,18.405,54.332
231.2331,18.257,54.775
231.2514,18.497,54.063
231.2699,15.737,63.546
231.2856,17.93,55.773
231.3035,17.95,55.71
231.3215,17.17,58.24
231.3386,17.989,55.591
231.3566,17.219,58.074
231.3738,17.424,57.391
231.3913,18.236,54.836
231.4095,17.991,55.583
231.4275,16.393,61.002
231.4439,17.479,57.211
231.4614,18.464,54.159
231.4798,18.427,54.267
231.4983,15.993,62.526
231.5143,18.1,55.248
231.5324,18.279,54.706
231.5506,18.463,54.161
231.5691,18.094,55.266
231.5872,19.055,52.48
231.6062,16.965,58.943
231.6232,17.475,57.224
231.6407,16.499,60.61
231.6572,17.823,56.106
231.675,18.05,55.401
231.6931,17.604,56.806
231.7107,18.187,54.985
231.7289,18.391,54.374
231.7472,17.292,57.83
231.7645,16.829,59.423
231.7814,17.504,57.128
231.7989,17.126,58.392
231.816,17.179,58.212
231.8332,16.607,60.216
231.8498,16.855,59.331
231.8666,17.919,55.806
231.8846,17.715,56.451
231.9023,18.121,55.184
231.9204,18.216,54.897
231.9386,16.489,60.645
231.9551,17.139,58.347
231.9722,18.163,55.058
231.9904,16.968,58.936
232.0074,18.272,54.728
232.0256,18.058,55.378
232.0437,17.163,58.265
232.0609,18.471,54.138
232.0793,17.452,57.3
232.0968,17.688,56.536
232.1145,18.075,55.324
232.1325,17.178,58.214
232.1497,18.013,55.515
232.1677,16.778,59.602
232.1845,17.413,57.427
232.2019,18.438,54.236
232.2204,17.487,57.186
232.2379,17.935,55.757
232.2558,18.534,53.956
232.2743,18.241,54.822
232.2926,18.236,54.838
232.3108,17.751,56.335
232.3285,17.12,58.41
232.3457,16.835,59.399
232.3625,16.284,61.409
232.3788,16.97,58.929
232.3958,16.566,60.363
232.4123,16.991,58.856
232.4293,18.68,53.534
232.448,18.967,52.724
232.467,17.545,56.996
232.4845,15.933,62.763
232.5004,17.449,57.309
232.5179,16.859,59.317
232.5347,17.252,57.965
232.552,17.319,57.74
232.5693,17.106,58.458
232.5864,17.504,57.128
232.6039,17.573,56.904
232.6215,18.236,54.835
232.6397,17.958,55.687
232.6577,17.172,58.233
232.6749,17.784,56.23
232.6927,16.479,60.684
232.7091,17.498,57.15
232.7266,16.735,59.753
232.7434,17.149,58.312
232.7605,17.308,57.775
232.7778,16.183,61.794
232.794,18.931,52.824
232.8129,16.866,59.291
232.8298,17.837,56.062
232.8476,17.745,56.354
232.8654,16.278,61.433
232.8817,18.529,53.968
232.9002,44.367,22.539
232.9446,17.268,57.909
232.9618,17.337,57.679
232.9792,17.613,56.777
232.9968,17.745,56.355
233.0145,17.625,56.736
233.0321,17.756,56.32
233.0499,17.047,58.661
233.0669,17.077,58.557
233.084,17.97,55.649
233.102,18.175,55.02
233.1202,15.71,63.654
233.1359,17.162,58.269
233.153,15.346,65.162
233.1684,16.61,60.206
233.185,19.036,52.532
233.204,17.095,58.498
233.2211,16.546,60.438
233.2377,17.462,57.267
233.2551,18.288,54.682
233.2734,16.561,60.383
233.29,16.005,62.48
233.306,16.917,59.112
233.3229,14.71,67.982
233.3376,17.214,58.092
233.3548,18.311,54.612
233.3731,16.265,61.483
233.3894,18.332,54.55
233.4077,17.045,58.668
233.4248,17.119,58.416
233.4419,15.913,62.842
233.4578,16.296,61.363
233.4741,17.288,57.845
233.4914,17.831,56.083
233.5092,15.491,64.555
233.5247,15.707,63.667
233.5404,18.807,53.171
233.5592,16.258,61.507
233.5755,17.155,58.29
233.5926,18.878,52.971
233.6115,17.766,56.287
233.6293,17.251,57.969
233.6465,18.48,54.114
233.665,17.589,56.854
233.6826,16.869,59.279
233.6995,15.581,64.179
233.7151,16.731,59.771
233.7318,17.429,57.375
233.7492,16.778,59.6
233.766,18.203,54.937
233.7842,17.539,57.015
233.8017,18.177,55.014
233.8199,18.221,54.88
233.8381,17.11,58.446
233.8553,17.608,56.792
233.8729,16.713,59.833
233.8896,17.05,58.652
233.9066,18.64,53.647
233.9253,16.008,62.47
233.9413,18.466,54.155
233.9597,17.303,57.795
233.977,18.642,53.642
233.9957,17.476,57.223
234.0132,18.067,55.35
234.0312,17.473,57.23
234.0487,17.505,57.128
234.0662,18.691,53.503
234.0849,17.914,55.824
234.1028,17.751,56.336
234.1206,16.808,59.496
234.1374,17.785,56.228
234.1552,17.679,56.565
234.1728,17.732,56.395
234.1906,18.426,54.271
234.209,17.009,58.794
234.226,18.64,53.648
234.2446,17.044,58.673
234.2617,17.212,58.099
234.2789,16.431,60.862
234.2953,18.152,55.091
234.3135,18.919,52.857
234.3324,17.135,58.361
234.3495,17.635,56.706
234.3672,16.813,59.479
234.384,18.243,54.814
234.4022,18.173,55.026
234.4204,16.49,60.642
234.4369,16.791,59.555
234.4537,17.877,55.938
234.4715,17.355,57.62
234.4889,17.182,58.201
234.5061,16.431,60.861
234.5225,16.893,59.198
234.5394,17.966,55.661
234.5574,18.126,55.168
234.5755,18.13,55.156
234.5936,16.342,61.192
234.61,17.805,56.162
234.6278,17.247,57.981
234.645,16.669,59.991
234.6617,18.387,54.386
234.6801,18.762,53.299
234.6988,16.685,59.934
234.7155,17.983,55.609
234.7335,18.195,54.959
234.7517,16.507,60.581
234.7682,17.015,58.772
234.7852,17.439,57.344
234.8027,15.732,63.565
234.8184,16.758,59.675
234.8352,17.317,57.748
234.8525,17.843,56.046
234.8703,16.94,59.03
234.8873,18.52,53.995
234.9058,16.909,59.139
234.9227,16.447,60.802
234.9391,17.477,57.218
234.9566,17.663,56.615
234.9743,16.868,59.284
234.9911,18.277,54.714
235.0094,17.836,56.065
235.0273,17.906,55.846
235.0452,17.755,56.322
235.0629,17.707,56.473
235.0806,16.882,59.235
235.0975,16.823,59.443
235.1143,17.535,57.028
235.1319,18.569,53.852
235.1504,17.601,56.815
235.168,17.191,58.169
235.1852,19.574,51.089
235.2048,16.856,59.328
235.2217,17.232,58.033
235.2389,18.933,52.817
235.2578,16.687,59.927
235.2745,16.29,61.389
235.2908,18.046,55.414
235.3088,16.67,59.988
235.3255,18.732,53.384
235.3442,16.75,59.701
235.361,17.55,56.98
235.3785,18.31,54.615
235.3969,16.962,58.955
235.4138,18.076,55.323
235.4319,15.977,62.589
235.4479,17.497,57.152
235.4654,17.578,56.89
235.4829,18.443,54.222
235.5014,17.448,57.314
235.5188,17.861,55.989
235.5367,17.235,58.02
235.5539,17.463,57.263
235.5714,16.091,62.147
235.5875,16.897,59.181
235.6044,17.747,56.347
235.6221,15.928,62.782
235.6381,18.048,55.408
235.6561,16.624,60.153
235.6727,18.322,54.579
235.6911,19.468,51.366
235.7105,18.386,54.39
235.7289,16.034,62.367
235.7449,16.74,59.737
235.7617,16.816,59.467
235.7785,16.715,59.826
235.7952,17.41,57.439
235.8126,16.954,58.984
235.8296,17.179,58.212
235.8468,17.091,58.511
235.8638,18.152,55.09
235.882,18.024,55.482
235.9,17.64,56.688
235.9177,18.015,55.509
235.9357,18.538,53.944
235.9542,17.067,58.592
235.9713,20.398,49.024
235.9917,19.27,51.895
236.0109,16.991,58.856
236.0279,18.304,54.632
236.0462,15.827,63.184
236.0621,19.021,52.573
236.0811,16.965,58.944
236.0981,18.529,53.97
236.1166,17.858,55.997
236.1344,17.835,56.068
236.1523,19.539,51.18
236.1718,18.646,53.63
236.1905,18.296,54.656
236.2088,15.917,62.826
236.2247,15.607,64.074
236.2403,15.998,62.509
236.2563,19.393,51.564
236.2757,16.752,59.695
236.2924,17.841,56.05
236.3103,17.192,58.166
236.3275,16.638,60.102
236.3441,17.517,57.087
236.3616,18.334,54.545
236.3799,17.283,57.859
236.3972,17.354,57.622
236.4146,16.886,59.222
236.4315,15.871,63.009
236.4473,16.976,58.908
236.4643,17.947,55.719
236.4823,17.857,56.001
236.5001,17.318,57.745
236.5174,16.392,61.004
236.5338,15.632,63.971
236.5495,16.596,60.256
236.5661,19.509,51.258
236.5856,17.546,56.994
236.6031,18.538,53.942
236.6217,15.766,63.428
236.6374,18.198,54.951
236.6556,16.457,60.766
236.6721,18.008,55.532
236.6901,16.431,60.861
236.7065,15.559,64.271
236.7221,17.7,56.497
236.7398,18.254,54.782
236.758,16.025,62.401
236.7741,18.438,54.235
236.7925,18.628,53.684
236.8111,17.307,57.782
236.8284,18.898,52.917
236.8473,18.133,55.147
236.8655,17.429,57.374
236.8829,15.358,65.114
236.8982,19.162,52.185
236.9174,17.34,57.67
236.9347,17.05,58.65
236.9518,18.986,52.671
236.9708,16.891,59.202
236.9877,16.163,61.871
237.0038,16.817,59.464
237.0207,19.039,52.524
237.0397,17.802,56.174
237.0575,17.154,58.294
237.0746,18.677,53.54
237.0933,18.279,54.708
237.1116,20.533,48.701
237.1321,18.437,54.239
237.1506,18.91,52.881
237.1695,16.764,59.652
237.1862,15.188,65.841
237.2014,16.539,60.463
237.218,17.743,56.359
237.2357,17.997,55.566
237.2537,17.639,56.691
237.2714,17.832,56.078
237.2892,18.803,53.182
237.308,16.845,59.363
237.3248,19.263,51.912
237.3441,17.816,56.129
237.3619,18.417,54.297
237.3803,18.186,54.987
237.3985,16.514,60.556
237.415,18.178,55.012
237.4332,17.409,57.442
237.4506,17.487,57.186
237.4681,18.058,55.377
237.4862,17.887,55.907
237.5041,17.619,56.756
237.5217,16.58,60.315
237.5382,18.437,54.239
237.5567,16.76,59.666
237.5734,16.495,60.624
237.5899,18.203,54.937
237.6081,16.652,60.053
237.6248,17.92,55.804
237.6427,18.637,53.657
237.6614,17.354,57.624
237.6787,18.91,52.881
237.6976,18.048,55.408
237.7157,17.622,56.749
237.7333,16.398,60.984
237.7497,18.065,55.354
237.7678,17.062,58.609
237.7848,17.334,57.69
237.8021,18.116,55.2
237.8203,18.576,53.834
237.8388,17.326,57.717
237.8562,15.72,63.612
237.8719,18.809,53.166
237.8907,17.326,57.718
237.908,15.908,62.861
237.9239,16.285,61.406
237.9402,17.33,57.703
237.9575,17.876,55.941
237.9754,16.405,60.957
237.9918,19.061,52.463
238.0109,16.221,61.648
238.0271,18.318,54.592
238.0454,18.27,54.736
238.0637,17.177,58.218
238.0809,18.869,52.997
238.0997,16.235,61.594
238.116,16.659,60.026
238.1326,17.356,57.619
238.15,18.053,55.394
238.168,19.12,52.301
238.1872,19.073,52.43
238.2062,19.823,50.447
238.2261,16.865,59.294
238.2429,17.885,55.912
238.2608,18.075,55.324
238.2789,17.585,56.865
238.2965,16.954,58.982
238.3134,16.618,60.177
238.33,18.727,53.398
238.3488,16.631,60.128
238.3654,18.373,54.427
238.3838,16.684,59.936
238.4005,19.289,51.844
238.4197,18.253,54.784
238.438,18.738,53.367
238.4567,17.942,55.736
238.4747,18.276,54.717
238.493,18.223,54.874
238.5112,17.804,56.167
238.529,18.623,53.698
238.5476,18.631,53.675
238.5662,16.5,60.605
238.5827,18.88,52.966
238.6016,16.53,60.498
238.6181,18.915,52.869
238.6371,18.153,55.087
238.6552,17.561,56.944
238.6728,18.827,53.116
238.6916,19.519,51.233
238.7111,19.291,51.837
238.7304,17.811,56.146
238.7482,17.205,58.124
238.7654,17.979,55.621
238.7834,17.955,55.694
238.8014,17.478,57.216
238.8188,18.363,54.457
238.8372,19.968,50.079
238.8572,17.051,58.648
238.8742,17.617,56.763
238.8918,19.995,50.012
238.9118,16.536,60.475
238.9284,17.613,56.777
238.946,19.951,50.122
238.9659,17.603,56.81
238.9835,18.137,55.137
239.0017,17.755,56.321
239.0194,19.969,50.077
239.0394,17.723,56.423
239.0571,16.139,61.963
239.0733,18.444,54.218
239.0917,18.165,55.05
239.1099,20.493,48.798
239.1304,18.321,54.582
239.1487,18.064,55.359
239.1667,16.558,60.393
239.1833,16.62,60.169
239.1999,18.669,53.564
239.2186,18.137,55.135
239.2367,17.035,58.702
239.2538,17.716,56.446
239.2715,17.398,57.478
239.2889,17.805,56.162
239.3067,18.574,53.838
239.3253,18.856,53.035
239.3441,17.59,56.852
239.3617,18.659,53.595
239.3804,19.169,52.168
239.3995,16.404,60.962
239.4159,16.4,60.977
239.4323,17.772,56.27
239.4501,18.468,54.149
239.4686,16.811,59.483
239.4854,15.565,64.248
239.5009,17.988,55.593
239.5189,18.362,54.459
239.5373,17.108,58.451
239.5544,16.667,60.0
239.5711,16.858,59.319
239.5879,17.097,58.489
239.605,17.249,57.976
239.6223,18.068,55.347
239.6403,18.38,54.407
239.6587,17.585,56.868
239.6763,17.755,56.323
239.6941,18.644,53.637
239.7127,18.071,55.338
239.7308,17.3,57.804
239.7481,19.571,51.095
239.7677,17.909,55.837
239.7856,17.949,55.714
239.8035,19.976,50.06
239.8235,18.058,55.377
239.8415,18.582,53.817
239.8601,17.556,56.959
239.8777,16.547,60.433
239.8942,16.537,60.47
239.9108,18.28,54.706
239.929,17.181,58.204
239.9462,19.136,52.258
239.9654,18.723,53.411
239.9841,17.683,56.552
240.0018,18.892,52.932
240.0207,18.518,54.002
240.0392,18.554,53.897
240.0577,17.668,56.599
240.0754,18.276,54.715
240.0937,16.385,61.032
240.1101,17.495,57.158
240.1276,17.895,55.88
240.1455,16.87,59.275
240.1623,16.672,59.981
240.179,16.846,59.362
240.1958,16.538,60.466
240.2124,18.718,53.426
240.2311,17.95,55.712
240.249,18.215,54.899
240.2673,18.329,54.559
240.2856,18.151,55.094
240.3037,19.218,52.035
240.323,16.62,60.167
240.3396,16.999,58.825
240.3566,16.875,59.26
240.3735,18.186,54.986
240.3916,18.326,54.568
240.41,17.562,56.942
240.4275,18.218,54.892
240.4457,18.012,55.519
240.4638,16.673,59.977
240.4804,17.181,58.205
240.4976,17.829,56.089
240.5154,18.974,52.703
240.5344,16.597,60.253
240.551,18.213,54.906
240.5692,16.863,59.301
240.5861,18.306,54.628
240.6044,16.916,59.117
240.6213,16.643,60.085
240.6379,16.015,62.442
240.654,16.911,59.133
240.6709,18.712,53.44
240.6896,18.359,54.469
240.7079,17.592,56.845
240.7255,17.198,58.146
240.7427,15.955,62.677
240.7587,18.878,52.972
240.7776,20.015,49.963
240.7976,46.438,21.534
240.844,16.034,62.366
240.8601,17.021,58.75
240.8771,18.299,54.646
240.8954,17.253,57.961
240.9126,17.117,58.42
240.9297,19.644,50.907
240.9494,18.549,53.911
240.9679,19.109,52.331
240.987,19.654,50.879
241.0067,18.125,55.172
241.0248,16.592,60.271
241.0414,17.823,56.108
241.0592,16.944,59.02
241.0762,18.424,54.277
241.0946,17.144,58.33
241.1118,18.039,55.435
241.1298,16.86,59.312
241.1467,19.26,51.92
241.1659,16.162,61.875
241.1821,17.859,55.995
241.1999,18.819,53.137
241.2188,18.85,53.052
241.2376,17.387,57.515
241.255,18.732,53.385
241.2737,17.48,57.207
241.2912,19.16,52.192
241.3104,17.309,57.775
241.3277,17.234,58.024
241.3449,17.235,58.022
241.3621,18.235,54.84
241.3804,18.02,55.495
241.3984,18.362,54.461
241.4168,16.909,59.14
241.4337,19.256,51.931
241.4529,18.253,54.785
241.4712,18.585,53.806
241.4898,15.869,63.016
241.5056,16.812,59.481
241.5224,18.06,55.371
241.5405,17.316,57.75
241.5578,18.329,54.557
241.5761,19.659,50.867
241.5958,17.795,56.197
241.6136,51.399,19.456
241.665,17.678,56.568
241.6827,16.487,60.655
241.6992,18.114,55.206
241.7173,18.242,54.818
241.7355,17.712,56.458
241.7532,19.766,50.593
241.773,17.503,57.134
241.7905,17.198,58.147
241.8077,17.672,56.586
241.8254,17.47,57.242
241.8428,19.066,52.451
241.8619,16.77,59.63
241.8787,17.917,55.813
241.8966,17.266,57.917
241.9139,18.058,55.378
241.9319,17.861,55.987
241.9498,19.107,52.338
241.9689,16.651,60.055
241.9855,18.251,54.791
242.0038,18.826,53.119
242.0226,18.838,53.084
242.0415,17.958,55.686
242.0594,16.937,59.042
242.0763,17.66,56.625
242.094,18.423,54.281
242.1124,18.276,54.717
242.1307,17.838,56.061
242.1485,16.513,60.558
242.1651,17.5,57.143
242.1826,18.706,53.46
242.2013,16.871,59.274
242.2181,17.624,56.741
242.2358,17.486,57.187
242.2532,18.273,54.724
242.2715,18.168,55.042
242.2897,16.956,58.977
242.3066,17.287,57.848
242.3239,17.641,56.688
242.3416,17.535,57.029
242.3591,16.576,60.327
242.3757,16.878,59.25
242.3926,17.556,56.959
242.4101,17.856,56.004
242.428,18.012,55.519
242.446,16.807,59.5
242.4628,16.134,61.982
242.4789,18.733,53.381
242.4977,16.88,59.241
242.5145,19.6,51.021
242.5341,17.005,58.807
242.5511,19.252,51.944
242.5704,18.054,55.391
242.5884,17.197,58.151
242.6056,17.795,56.195
242.6234,17.788,56.219
242.6412,19.02,52.576
242.6602,16.9,59.171
242.6771,17.659,56.63
242.6948,18.024,55.481
242.7128,17.999,55.56
242.7308,17.252,57.964
242.7481,17.624,56.74
242.7657,16.664,60.01
242.7824,18.167,55.046
242.8005,17.02,58.754
242.8176,16.683,59.941
242.8342,17.049,58.655
242.8513,18.313,54.605
242.8696,17.099,58.484
242.8867,17.358,57.61
242.9041,16.615,60.186
242.9207,16.924,59.088
242.9376,18.278,54.711
242.9559,18.578,53.826
242.9744,17.183,58.196
242.9916,34.188,29.25
243.0258,18.149,55.099
243.044,18.228,54.86
243.0622,17.472,57.233
243.0797,16.775,59.612
243.0964,17.565,56.931
243.114,17.491,57.171
243.1315,17.669,56.595
243.1492,18.36,54.467
243.1675,18.78,53.249
243.1863,17.11,58.445
243.2034,18.337,54.535
243.2218,16.967,58.938
243.2387,17.884,55.917
243.2566,17.473,57.233
243.2741,16.301,61.344
243.2904,17.076,58.562
243.3075,16.98,58.893
243.3244,16.894,59.194
243.3413,18.379,54.411
243.3597,17.013,58.779
243.3767,16.495,60.623
243.3932,17.09,58.513
243.4103,18.723,53.409
243.429,16.293,61.375
243.4453,16.99,58.857
243.4623,16.081,62.187
243.4784,17.835,56.07
243.4962,18.535,53.952
243.5148,16.199,61.731
243.531,17.908,55.84
243.5489,17.631,56.718
243.5665,18.428,54.267
243.5849,17.578,56.891
243.6025,16.51,60.57
243.619,17.011,58.785
243.636,16.926,59.081
243.653,17.743,56.361
243.6707,19.032,52.544
243.6897,16.778,59.601
243.7065,16.693,59.904
243.7232,17.819,56.119
243.741,18.365,54.451
243.7594,18.561,53.877
243.7779,18.006,55.539
243.796,16.439,60.832
243.8124,16.694,59.901
243.8291,15.47,64.641
243.8446,16.382,61.043
243.8609,17.78,56.242
243.8787,19.213,52.049
243.8979,18.042,55.426
243.916,17.024,58.742
243.933,17.268,57.911
243.9503,16.395,60.996
243.9667,18.367,54.446
243.985,16.713,59.834
244.0017,17.378,57.544
244.0191,17.135,58.36
244.0363,17.084,58.535
244.0533,18.736,53.375
244.0721,16.78,59.593
244.0889,17.947,55.72
244.1068,17.835,56.069
244.1246,16.97,58.929
244.1416,16.768,59.637
244.1584,16.63,60.133
244.175,18.268,54.74
244.1933,17.895,55.882
244.2112,18.796,53.202
244.23,15.976,62.592
244.2459,17.934,55.76
244.2639,16.22,61.652
244.2801,17.056,58.631
244.2971,17.253,57.962
244.3144,16.77,59.631
244.3312,15.133,66.08
244.3463,16.649,60.064
244.363,14.871,67.246
244.3778,17.593,56.84
244.3954,18.221,54.883
244.4136,16.95,58.998
244.4306,15.291,65.397
244.4459,16.906,59.149
244.4628,18.97,52.715
244.4818,17.746,56.351
244.4995,17.909,55.838
244.5174,17.216,58.086
244.5346,16.608,60.212
244.5512,17.479,57.212
244.5687,16.663,60.015
244.5854,18.348,54.503
244.6037,19.004,52.622
244.6227,16.48,60.68
244.6392,17.174,58.228
244.6564,17.055,58.632
244.6734,17.656,56.637
244.6911,16.103,62.101
244.7072,15.746,63.51
244.7229,16.945,59.016
244.7399,15.882,62.964
244.7558,17.348,57.644
244.7731,18.159,55.068
244.7913,17.348,57.642
244.8086,16.67,59.989
244.8253,15.806,63.267
244.8411,17.257,57.948
244.8584,15.467,64.652
244.8738,17.434,57.358
244.8913,17.77,56.275
244.909,16.065,62.248
244.9251,17.46,57.275
244.9425,18.717,53.428
244.9613,17.055,58.635
244.9783,17.43,57.374
244.9958,16.577,60.325
245.0123,16.453,60.78
245.0288,16.96,58.962
245.0457,16.746,59.717
245.0625,16.672,59.982
245.0792,14.404,69.423
245.0936,16.852,59.342
245.1104,17.946,55.723
245.1284,16.11,62.073
245.1445,16.694,59.903
245.1612,17.102,58.471
245.1783,16.585,60.295
245.1949,17.696,56.51
245.2125,17.444,57.327
245.23,14.867,67.263
245.2449,16.264,61.485
245.2611,15.21,65.746
245.2763,15.622,64.014
245.292,17.239,58.01
245.3092,17.275,57.886
245.3265,17.956,55.691
245.3444,17.554,56.967
245.362,15.94,62.734
245.3779,17.143,58.333
245.3951,17.521,57.075
245.4126,17.824,56.105
245.4304,16.215,61.67
245.4466,17.884,55.916
245.4645,16.412,60.931
245.4809,15.166,65.937
245.4961,18.616,53.718
245.5147,16.755,59.683
245.5315,17.67,56.594
245.5491,15.939,62.74
245.5651,17.765,56.291
245.5828,16.495,60.624
245.5993,15.483,64.587
245.6148,14.683,68.104
245.6295,15.269,65.492
245.6448,16.902,59.165
245.6617,17.668,56.599
245.6793,16.836,59.398
245.6962,17.641,56.686
245.7138,17.652,56.65
245.7315,15.549,64.311
245.747,15.706,63.671
245.7627,16.34,61.2
245.7791,17.673,56.584
245.7967,15.571,64.222
245.8123,15.952,62.688
245.8282,17.013,58.779
245.8453,16.236,61.592
245.8615,17.177,58.216
245.8787,17.644,56.676
245.8963,16.771,59.626
245.9131,15.907,62.866
245.929,16.994,58.844
245.946,15.871,63.007
245.9619,18.338,54.533
245.9802,15.458,64.693
245.9957,15.905,62.872
246.0116,16.099,62.114
246.0277,16.933,59.056
246.0446,16.537,60.47
246.0611,16.298,61.359
246.0774,15.244,65.599
246.0927,15.744,63.518
246.1084,14.753,67.783
246.1232,15.486,64.575
246.1387,16.628,60.139
246.1553,15.403,64.924
246.1707,18.021,55.49
246.1887,17.283,57.861
246.206,16.917,59.113
246.2229,16.073,62.217
246.239,16.051,62.3
246.255,15.544,64.335
246.2706,16.872,59.269
246.2874,15.635,63.959
246.3031,16.188,61.773
246.3193,16.404,60.961
246.3357,16.502,60.598
246.3522,16.003,62.49
246.3682,16.63,60.133
246.3848,15.982,62.57
246.4008,16.114,62.059
246.4169,14.211,70.369
246.4311,15.562,64.261
246.4467,15.636,63.956
246.4623,16.944,59.018
246.4793,16.829,59.42
246.4961,16.593,60.267
246.5127,16.403,60.963
246.5291,15.773,63.398
246.5449,15.803,63.279
246.5607,15.614,64.045
246.5763,17.403,57.461
246.5937,17.686,56.543
246.6114,17.313,57.759
246.6287,17.175,58.223
246.6458,17.372,57.564
246.6632,16.895,59.19
246.6801,15.473,64.629
246.6956,16.629,60.135
246.7122,16.663,60.011
246.7289,17.005,58.806
246.7459,17.96,55.679
246.7638,15.801,63.287
246.7796,15.021,66.572
246.7947,15.643,63.924
246.8103,14.818,67.484
246.8251,14.724,67.916
246.8399,17.201,58.137
246.8571,15.983,62.568
246.873,15.474,64.623
246.8885,18.556,53.89
246.9071,15.232,65.65
246.9223,15.642,63.932
246.9379,15.935,62.755
246.9539,13.601,73.524
246.9675,17.14,58.344
246.9846,15.403,64.922
247.0,16.377,61.06
247.0164,16.61,60.205
247.033,14.522,68.859
247.0475,16.717,59.82
247.0642,16.342,61.191
247.0806,15.004,66.649
247.0956,14.502,68.954
247.1101,15.682,63.768
247.1258,16.051,62.302
247.1418,15.184,65.859
247.157,15.584,64.168
247.1726,15.786,63.347
247.1884,15.854,63.076
247.2042,15.989,62.543
247.2202,14.713,67.969
247.2349,15.367,65.074
247.2503,15.109,66.188
247.2654,17.1,58.479
247.2825,15.48,64.599
247.298,16.737,59.747
247.3147,14.9,67.113
247.3296,16.103,62.099
247.3457,16.068,62.236
247.3618,14.903,67.099
247.3767,16.929,59.07
247.3936,16.953,58.986
247.4106,16.476,60.694
247.4271,15.176,65.892
247.4422,16.982,58.886
247.4592,15.363,65.091
247.4746,16.584,60.297
247.4912,16.974,58.913
247.5081,15.888,62.939
247.524,15.243,65.602
247.5393,16.355,61.142
247.5556,13.801,72.457
247.5694,15.358,65.113
247.5848,16.142,61.95
247.6009,15.041,66.483
247.616,14.838,67.394
247.6308,15.128,66.104
247.6459,16.354,61.146
247.6623,15.924,62.799
247.6782,15.594,64.128
247.6938,15.868,63.021
247.7097,13.835,72.278
247.7235,16.582,60.305
247.7401,16.37,61.089
247.7565,16.329,61.241
247.7728,14.614,68.429
247.7874,15.969,62.623
247.8034,15.091,66.262
247.8185,16.761,59.663
247.8352,16.741,59.733
247.852,15.136,66.066
247.8671,16.019,62.425
247.8831,14.514,68.901
247.8976,15.913,62.843
247.9136,14.87,67.249
247.9284,14.94,66.935
247.9434,16.703,59.87
247.9601,15.391,64.974
247.9755,14.504,68.944
247.99,16.111,62.07
248.0061,15.732,63.567
248.0218,14.003,71.411
248.0358,15.196,65.808
248.051,14.756,67.768
248.0658,15.84,63.132
248.0816,15.103,66.212
248.0967,14.769,67.709
248.1115,14.847,67.355
248.1263,15.659,63.861
248.142,13.487,74.147
248.1555,15.622,64.011
248.1711,15.602,64.095
248.1867,15.991,62.533
248.2027,15.326,65.247
248.218,15.476,64.617
248.2335,14.692,68.064
248.2482,16.834,59.403
248.265,16.411,60.933
248.2814,15.986,62.555
248.2974,15.694,63.717
248.3131,15.684,63.76
248.3288,15.17,65.922
248.344,15.695,63.716
248.3596,16.208,61.696
248.3759,16.494,60.629
248.3924,15.847,63.104
248.4082,14.081,71.017
248.4223,15.296,65.379
248.4376,15.366,65.079
248.4529,15.262,65.521
248.4682,16.137,61.968
248.4843,14.776,67.675
248.4991,13.799,72.47
248.5129,14.244,70.207
248.5272,14.952,66.88
248.5421,15.024,66.56
248.5571,15.425,64.832
248.5726,15.549,64.312
248.5881,15.879,62.975
248.604,15.528,64.401
248.6195,14.262,70.118
248.6338,14.405,69.422
248.6482,15.166,65.937
248.6633,15.954,62.68
248.6793,13.698,73.002
248.693,15.22,65.703
248.7082,16.017,62.434
248.7242,15.727,63.587
248.74,16.663,60.013
248.7566,13.888,72.007
248.7705,14.704,68.008
248.7852,15.973,62.607
248.8012,16.033,62.373
248.8172,16.47,60.717
248.8337,15.388,64.987
248.8491,15.87,63.011
248.865,14.336,69.755
248.8793,17.278,57.879
248.8966,13.084,76.431
248.9096,14.192,70.462
248.9238,15.569,64.229
248.9394,14.781,67.656
248.9542,17.064,58.604
248.9713,15.727,63.583
248.987,15.115,66.158
249.0021,14.24,70.225
249.0163,15.848,63.1
249.0322,16.434,60.849
249.0486,15.437,64.779
249.0641,14.985,66.735
249.079,14.74,67.842
249.0938,15.468,64.648
249.1092,16.467,60.727
249.1257,16.227,61.626
249.1419,14.761,67.748
249.1567,16.382,61.043
249.1731,14.887,67.172
249.188,15.986,62.556
249.204,15.717,63.625
249.2197,16.575,60.331
249.2363,14.739,67.847
249.251,16.08,62.189
249.2671,15.331,65.226
249.2824,15.557,64.279
249.298,16.805,59.508
249.3148,14.617,68.414
249.3294,16.198,61.736
249.3456,15.594,64.127
249.3612,14.702,68.019
249.3759,15.939,62.739
249.3918,16.274,61.449
249.4081,15.852,63.085
249.4239,15.599,64.108
249.4395,13.838,72.262
249.4534,15.276,65.462
249.4687,15.483,64.587
249.4841,14.983,66.744
249.4991,16.264,61.485
249.5154,16.613,60.194
249.532,15.941,62.73
249.5479,16.118,62.043
249.5641,14.789,67.616
249.5788,15.928,62.784
249.5948,15.489,64.563
249.6103,14.67,68.167
249.6249,14.857,67.308
249.6398,15.249,65.577
249.655,16.422,60.892
249.6715,13.171,75.926
249.6846,15.115,66.159
249.6997,16.879,59.246
249.7166,14.724,67.917
249.7313,13.378,74.75
249.7447,15.292,65.392
249.76,15.215,65.724
249.7752,15.055,66.424
249.7903,14.578,68.594
249.8049,14.809,67.527
249.8197,15.454,64.707
249.8351,14.84,67.385
249.85,15.845,63.113
249.8658,16.288,61.396
249.8821,13.457,74.309
249.8956,15.295,65.381
249.9109,14.264,70.109
249.9251,15.823,63.201
249.9409,15.546,64.324
249.9565,16.277,61.438
249.9728,15.053,66.434
249.9878,15.368,65.072
250.0032,15.462,64.675
250.0186,15.385,65.0
250.034,15.359,65.109
250.0494,17.796,56.193
250.0672,13.811,72.407
250.081,13.901,71.935
250.0949,15.04,66.488
250.1099,15.236,65.634
250.1252,13.396,74.648
250.1386,14.761,67.744
250.1533,15.697,63.705
250.169,14.936,66.952
250.184,14.458,69.165
250.1984,14.396,69.463
250.2128,14.785,67.638
250.2276,14.658,68.223
250.2423,15.15,66.006
250.2574,15.61,64.062
250.273,15.578,64.194
250.2886,16.245,61.557
250.3048,13.656,73.227
250.3185,14.943,66.919
250.3334,15.445,64.745
250.3489,16.134,61.982
250.365,14.484,69.044
250.3795,15.38,65.02
250.3949,13.702,72.981
250.4086,15.572,64.217
250.4242,15.216,65.719
250.4394,15.424,64.834
250.4548,13.677,73.114
250.4685,16.604,60.225
250.4851,13.114,76.253
250.4982,15.224,65.686
250.5134,14.823,67.462
250.5282,15.627,63.992
250.5439,14.97,66.802
250.5588,14.953,66.876
250.5738,14.784,67.642
250.5886,15.29,65.402
250.6039,15.676,63.792
250.6195,15.98,62.577
250.6355,14.697,68.039
250.6502,14.933,66.964
250.6652,14.375,69.567
250.6795,13.976,71.553
250.6935,14.814,67.502
250.7083,13.329,75.027
250.7216,15.319,65.28
250.737,15.448,64.732
250.7524,14.917,67.038
250.7673,14.762,67.743
250.7821,15.322,65.266
250.7974,13.871,72.09
250.8113,16.574,60.336
250.8279,14.687,68.086
250.8425,14.179,70.527
250.8567,15.099,66.23
250.8718,16.024,62.406
250.8878,13.187,75.83
250.901,14.224,70.306
250.9153,14.426,69.318
250.9297,16.303,61.338
250.946,13.557,73.763
250.9595,14.397,69.459
250.9739,15.626,63.996
250.9896,15.196,65.808
251.0048,15.763,63.438
251.0205,14.65,68.259
251.0352,16.61,60.204
251.0518,13.464,74.274
251.0653,13.975,71.556
251.0792,14.481,69.056
251.0937,14.417,69.363
251.1081,14.727,67.904
251.1229,14.641,68.303
251.1375,15.131,66.087
251.1526,15.676,63.791
251.1683,15.316,65.291
251.1836,15.19,65.833
251.1988,14.942,66.924
251.2137,15.1,66.224
251.2288,16.351,61.157
251.2452,14.226,70.293
251.2594,14.083,71.007
251.2735,14.138,70.73
251.2876,15.863,63.041
251.3035,15.574,64.208
251.3191,14.751,67.791
251.3338,14.509,68.921
251.3483,15.405,64.915
251.3637,16.669,59.991
251.3804,13.909,71.895
251.3943,14.706,68.0
251.409,13.928,71.798
251.423,14.85,67.341
251.4378,15.885,62.953
251.4537,15.179,65.882
251.4689,15.19,65.833
251.4841,14.694,68.056
251.4988,15.608,64.071
251.5144,15.419,64.857
251.5298,14.541,68.769
251.5443,14.321,69.826
251.5586,15.897,62.904
251.5745,13.932,71.777
251.5885,15.911,62.851
251.6044,15.574,64.21
251.62,13.793,72.503
251.6338,14.1,70.92
251.6479,15.531,64.385
251.6634,16.911,59.132
251.6803,14.717,67.95
251.695,15.684,63.76
251.7107,15.043,66.475
251.7257,15.436,64.782
251.7412,15.671,63.81
251.7568,13.283,75.286
251.7701,15.066,66.372
251.7852,15.473,64.63
251.8007,15.552,64.299
251.8162,14.36,69.637
251.8306,15.497,64.528
251.8461,15.988,62.547
251.8621,15.844,63.116
251.8779,15.636,63.956
251.8935,15.528,64.398
251.9091,15.513,64.463
251.9246,15.079,66.319
251.9397,15.746,63.51
251.9554,15.945,62.717
251.9714,14.388,69.501
251.9857,15.522,64.423
252.0013,15.7,63.694
252.017,15.068,66.367
252.032,14.882,67.195
252.0469,14.796,67.585
252.0617,14.94,66.934
252.0767,15.794,63.317
252.0924,14.258,70.137
252.1067,16.641,60.092
252.1233,15.231,65.656
252.1386,15.827,63.182
252.1544,14.226,70.293
252.1686,14.082,71.011
252.1827,15.89,62.931
252.1986,14.854,67.321
252.2135,14.948,66.897
252.2284,14.262,70.116
252.2427,15.222,65.694
252.2579,13.926,71.806
252.2718,15.123,66.123
252.2869,16.449,60.794
252.3034,14.426,69.319
252.3178,13.165,75.958
252.331,14.695,68.048
252.3457,14.717,67.949
252.3604,15.879,62.975
252.3763,14.6,68.492
252.3909,14.212,70.361
252.4051,16.378,61.057
252.4215,15.332,65.221
252.4368,15.276,65.464
252.4521,15.15,66.007
252.4672,13.396,74.649
252.4806,15.666,63.833
252.4963,14.086,70.992
252.5104,15.637,63.949
252.526,14.125,70.798
252.5401,16.33,61.236
252.5565,14.41,69.396
252.5709,14.843,67.373
252.5857,15.077,66.324
252.6008,15.807,63.264
252.6166,14.193,70.46
252.6308,16.54,60.459
252.6473,14.398,69.455
252.6617,14.915,67.047
252.6766,15.041,66.483
252.6917,16.276,61.442
252.708,15.316,65.29
252.7233,15.523,64.42
252.7388,14.377,69.553
252.7532,15.103,66.21
252.7683,16.547,60.435
252.7848,15.862,63.045
252.8007,16.364,61.111
252.8171,16.051,62.301
252.8331,15.889,62.935
252.849,13.713,72.923
252.8627,16.485,60.663
252.8792,14.99,66.712
252.8942,15.87,63.012
252.9101,15.543,64.336
252.9256,15.106,66.2
252.9407,14.398,69.455
252.9551,15.493,64.545
252.9706,14.767,67.721
252.9854,13.864,72.128
252.9992,15.215,65.725
253.0144,15.354,65.131
253.0298,14.434,69.279
253.0442,14.519,68.873
253.0587,14.554,68.708
253.0733,15.123,66.124
253.0884,14.442,69.242
253.1029,16.107,62.084
253.119,16.502,60.598
253.1355,16.01,62.461
253.1515,14.635,68.33
253.1661,16.686,59.93
253.1828,16.507,60.58
253.1993,13.705,72.964
253.213,14.235,70.247
253.2273,13.816,72.381
253.2411,16.951,58.992
253.258,15.151,66.001
253.2732,30.262,33.044
253.3034,14.332,69.776
253.3178,15.76,63.453
253.3335,15.342,65.182
253.3489,15.9,62.891
253.3648,17.082,58.54
253.3818,16.054,62.29
253.3979,15.922,62.804
253.4138,14.786,67.633
253.4286,15.531,64.388
253.4441,15.29,65.401
253.4594,15.77,63.412
253.4752,16.582,60.305
253.4918,14.689,68.077
253.5065,14.726,67.909
253.5212,15.611,64.056
253.5368,14.707,67.993
253.5515,16.901,59.169
253.5684,15.06,66.399
253.5835,14.64,68.305
253.5981,14.254,70.155
253.6124,16.656,60.038
253.629,15.009,66.629
253.644,15.708,63.66
253.6597,16.857,59.323
253.6766,15.741,63.528
253.6923,15.778,63.378
253.7081,15.41,64.893
253.7235,15.893,62.921
253.7394,15.948,62.704
253.7554,16.286,61.402
253.7717,15.597,64.114
253.7873,16.717,59.818
253.804,14.13,70.77
253.8181,16.237,61.586
253.8343,14.859,67.3
253.8492,15.157,65.976
253.8644,16.544,60.447
253.8809,14.43,69.298
253.8953,15.161,65.959
253.9105,15.261,65.527
253.9258,15.555,64.288
253.9413,15.38,65.018
253.9567,15.757,63.465
253.9724,16.4,60.977
253.9888,14.304,69.909
254.0031,14.651,68.253
254.0178,15.405,64.913
254.0332,16.164,61.867
254.0494,16.22,61.652
254.0656,14.875,67.227
254.0805,16.873,59.268
254.0973,15.279,65.448
254.1126,16.507,60.581
254.1291,15.736,63.549
254.1449,16.031,62.38
254.1609,16.025,62.402
254.1769,15.575,64.206
254.1925,15.249,65.577
254.2077,14.974,66.783
254.2227,16.335,61.218
254.239,17.343,57.66
254.2564,15.703,63.681
254.2721,15.777,63.385
254.2879,15.632,63.973
254.3035,14.765,67.73
254.3183,15.752,63.484
254.334,15.325,65.253
254.3493,15.247,65.587
254.3646,18.065,55.355
254.3827,15.693,63.721
254.3983,16.449,60.796
254.4148,16.323,61.263
254.4311,17.009,58.793
254.4481,15.883,62.959
254.464,15.918,62.824
254.4799,14.969,66.803
254.4949,14.589,68.545
254.5095,13.295,75.215
254.5228,17.38,57.538
254.5402,14.43,69.3
254.5546,15.015,66.6
254.5696,15.659,63.86
254.5853,15.769,63.416
254.601,16.315,61.294
254.6174,17.018,58.762
254.6344,16.811,59.486
254.6512,14.607,68.461
254.6658,14.403,69.429
254.6802,17.354,57.624
254.6975,15.143,66.035
254.7127,14.548,68.737
254.7272,14.223,70.309
254.7415,14.535,68.799
254.756,15.114,66.163
254.7711,16.25,61.539
254.7874,16.129,61.999
254.8035,14.666,68.184
254.8182,16.797,59.535
254.835,14.601,68.489
254.8496,15.787,63.344
254.8653,16.269,61.467
254.8816,16.017,62.434
254.8976,15.584,64.168
254.9132,16.302,61.341
254.9295,14.694,68.053
254.9442,15.517,64.448
254.9597,16.144,61.942
254.9759,15.665,63.835
254.9915,16.106,62.091
255.0076,17.761,56.302
255.0254,14.108,70.88
255.0395,16.671,59.986
255.0562,14.669,68.17
255.0708,15.106,66.198
255.086,15.081,66.307
255.101,16.084,62.172
255.1171,14.041,71.22
255.1312,14.937,66.946
255.1461,15.622,64.014
255.1617,14.082,71.014
255.1758,16.873,59.267
255.1927,16.81,59.488
255.2095,16.599,60.245
255.2261,17.11,58.445
255.2432,16.288,61.395
255.2595,14.742,67.834
255.2742,14.245,70.199
255.2885,15.761,63.449
255.3042,17.68,56.562
255.3219,15.601,64.097
255.3375,14.41,69.396
255.3519,16.891,59.202
255.3688,18.174,55.025
255.387,16.12,62.036
255.4031,14.821,67.472
255.4179,15.857,63.063
255.4338,16.571,60.346
255.4504,14.452,69.194
255.4648,14.849,67.345
255.4797,17.953,55.701
255.4976,15.756,63.468
255.5134,16.714,59.831
255.5301,16.272,61.454
255.5463,17.194,58.16
255.5635,15.741,63.527
255.5793,13.82,72.358
255.5931,17.103,58.469
255.6102,16.627,60.142
255.6268,16.158,61.89
255.643,15.96,62.658
255.659,16.993,58.848
255.6759,16.078,62.198
255.692,15.173,65.907
255.7072,16.982,58.885
255.7242,16.73,59.772
255.7409,14.705,68.005
255.7556,16.696,59.893
255.7723,15.558,64.274
255.7879,18.24,54.823
255.8061,17.243,57.995
255.8234,15.333,65.219
255.8387,15.694,63.718
255.8544,15.499,64.52
255.8699,16.688,59.922
255.8866,15.756,63.468
255.9023,18.444,54.219
255.9208,14.407,69.411
255.9352,15.674,63.801
255.9508,14.656,68.23
255.9655,16.229,61.619
255.9817,16.876,59.255
255.9986,16.039,62.349
256.0146,14.92,67.025
256.0296,14.641,68.303
256.0442,14.995,66.688
256.0592,14.911,67.064
256.0741,15.935,62.754
256.09,15.557,64.279
256.1056,15.069,66.36
256.1207,15.516,64.451
256.1362,16.565,60.369
256.1528,17.032,58.712
256.1698,14.984,66.74
256.1848,15.284,65.427
256.2001,15.045,66.467
256.2151,15.349,65.149
256.2304,16.394,60.998
256.2468,16.412,60.93
256.2633,16.632,60.125
256.2799,14.678,68.127
256.2946,15.971,62.615
256.3105,17.542,57.006
256.3281,15.119,66.141
256.3432,16.01,62.462
256.3592,16.543,60.45
256.3757,16.766,59.644
256.3925,14.28,70.029
256.4068,14.575,68.61
256.4214,16.851,59.345
256.4382,16.263,61.49
256.4545,15.296,65.378
256.4698,16.041,62.34
256.4858,15.594,64.127
256.5014,15.859,63.057
256.5173,16.405,60.958
256.5337,14.578,68.597
256.5483,15.311,65.314
256.5636,16.879,59.246
256.5804,13.919,71.845
256.5944,15.954,62.68
256.6103,16.051,62.303
256.6264,16.967,58.936
256.6433,16.264,61.485
256.6596,16.027,62.393
256.6756,14.899,67.117
256.6905,17.865,55.974
256.7084,15.972,62.611
256.7244,15.32,65.273
256.7397,15.7,63.693
256.7554,15.953,62.684
256.7713,15.337,65.204
256.7867,17.272,57.896
256.8039,15.984,62.564
256.8199,16.628,60.139
256.8366,14.881,67.199
256.8514,16.171,61.84
256.8676,14.664,68.192
256.8823,16.423,60.889
256.8987,16.68,59.952
256.9154,14.369,69.592
256.9297,15.199,65.796
256.9449,16.01,62.461
256.961,15.681,63.77
256.9766,17.159,58.279
256.9938,18.0,55.555
257.0118,15.555,64.288
257.0274,15.844,63.115
257.0432,16.714,59.832
257.0599,15.149,66.012
257.0751,15.614,64.043
257.0907,17.582,56.876
257.1083,15.301,65.357
257.1236,15.488,64.567
257.139,15.673,63.805
257.1547,17.133,58.366
257.1718,15.68,63.776
257.1875,17.332,57.695
257.2049,16.75,59.701
257.2216,17.078,58.555
257.2387,16.021,62.417
257.2547,17.495,57.159
257.2722,16.209,61.693
257.2884,18.528,53.971
257.3069,14.81,67.523
257.3218,15.866,63.029
257.3376,15.799,63.293
257.3534,15.686,63.752
257.3691,16.447,60.801
257.3856,16.762,59.658
257.4023,15.705,63.674
257.418,16.869,59.281
257.4349,17.338,57.677
257.4522,15.972,62.609
257.4682,17.143,58.334
257.4853,15.033,66.521
257.5004,15.431,64.804
257.5158,16.556,60.401
257.5324,16.748,59.71
257.5491,16.822,59.446
257.5659,16.51,60.569
257.5824,16.799,59.526
257.5992,15.487,64.571
257.6147,16.206,61.705
257.6309,14.972,66.789
257.6459,16.517,60.542
257.6624,15.413,64.878
257.6778,16.074,62.211
257.6939,17.252,57.965
257.7112,16.653,60.051
257.7278,16.76,59.665
257.7446,15.427,64.821
257.76,14.925,67.001
257.7749,15.968,62.624
257.7909,15.35,65.146
257.8062,15.71,63.653
257.822,17.178,58.215
257.8391,15.741,63.53
257.8549,15.359,65.107
257.8702,16.258,61.51
257.8865,16.103,62.099
257.9026,16.729,59.778
257.9193,17.622,56.748
257.9369,16.73,59.772
257.9537,16.314,61.297
257.97,17.247,57.981
257.9872,16.015,62.441
258.0032,16.783,59.583
258.02,17.622,56.747
258.0377,16.106,62.088
258.0538,15.119,66.144
258.0689,16.403,60.966
258.0853,14.786,67.63
258.1001,15.258,65.539
258.1153,14.47,69.107
258.1298,16.517,60.545
258.1463,16.867,59.289
258.1632,15.121,66.134
258.1783,16.395,60.993
258.1947,16.175,61.823
258.2109,14.973,66.786
258.2258,16.744,59.722
258.2426,15.724,63.596
258.2583,17.091,58.509
258.2754,17.188,58.181
258.2926,15.958,62.665
258.3086,16.096,62.126
258.3246,14.585,68.562
258.3392,16.393,61.002
258.3556,13.973,71.568
258.3696,15.415,64.871
258.385,14.766,67.725
258.3998,16.112,62.065
258.4159,16.579,60.317
258.4325,15.804,63.275
258.4483,16.372,61.08
258.4646,14.808,67.533
258.4795,17.116,58.426
258.4966,15.633,63.965
258.5122,15.704,63.679
258.5279,15.394,64.962
258.5433,17.519,57.082
258.5608,16.306,61.329
258.5771,16.483,60.667
258.5936,15.483,64.587
258.6091,17.22,58.071
258.6263,18.525,53.981
258.6448,16.69,59.915
258.6615,16.678,59.96
258.6782,14.861,67.29
258.6931,15.311,65.313
258.7084,16.725,59.789
258.7251,15.861,63.046
258.741,16.165,61.862
258.7571,15.507,64.485
258.7726,16.187,61.777
258.7888,16.776,59.609
258.8056,16.316,61.29
258.8219,16.67,59.988
258.8386,15.636,63.957
258.8542,41.079,24.343
258.8953,15.567,64.239
258.9109,14.549,68.735
258.9254,15.892,62.924
258.9413,14.637,68.322
258.9559,16.44,60.826
258.9724,16.514,60.555
258.9889,16.02,62.423
259.0049,16.006,62.476
259.0209,16.81,59.49
259.0377,16.076,62.206
259.0538,14.663,68.201
259.0685,14.587,68.555
259.0831,18.123,55.178
259.1012,15.82,63.209
259.117,15.697,63.708
259.1327,15.143,66.036
259.1478,17.543,57.004
259.1654,16.617,60.178
259.182,16.775,59.614
259.1988,17.697,56.508
259.2165,16.27,61.463
259.2327,15.629,63.985
259.2484,16.78,59.594
259.2652,16.567,60.36
259.2817,17.096,58.494
259.2988,16.347,61.173
259.3152,17.002,58.816
259.3322,16.626,60.148
259.3488,18.169,55.038
259.367,16.489,60.647
259.3834,14.264,70.105
259.3977,15.284,65.427
259.413,15.308,65.327
259.4283,17.072,58.577
259.4454,16.068,62.236
259.4614,15.452,64.716
259.4769,13.916,71.861
259.4908,15.657,63.869
259.5065,14.984,66.738
259.5215,16.684,59.938
259.5381,18.123,55.178
259.5563,17.293,57.826
259.5736,15.214,65.731
259.5888,16.478,60.687
259.6052,15.376,65.035
259.6206,15.969,62.622
259.6366,17.037,58.695
259.6536,17.42,57.405
259.671,16.799,59.526
259.6878,55.062,18.161
259.7429,16.141,61.954
259.759,16.704,59.864
259.7758,15.959,62.662
259.7917,15.786,63.346
259.8075,15.429,64.815
259.8229,16.596,60.255
259.8395,15.667,63.83
259.8552,16.711,59.84
259.8719,16.768,59.638
259.8887,16.787,59.571
259.9055,16.504,60.591
259.922,19.355,51.667
259.9413,15.069,66.36
259.9564,17.4,57.471
259.9738,15.791,63.327
259.9896,14.997,66.679
260.0046,15.705,63.675
260.0203,16.266,61.477
260.0365,16.57,60.351
260.0531,15.266,65.507
260.0684,15.802,63.285
260.0842,17.834,56.072
260.102,16.15,61.919
260.1182,15.961,62.652
260.1341,16.58,60.314
260.1507,15.077,66.325
260.1658,18.177,55.014
260.184,16.213,61.679
260.2002,15.456,64.7
260.2156,15.987,62.551
260.2316,15.71,63.655
260.2473,15.454,64.706
260.2628,14.815,67.501
260.2776,16.385,61.033
260.294,14.54,68.774
260.3085,16.867,59.286
260.3254,15.939,62.741
260.3413,16.107,62.086
260.3574,16.614,60.192
260.374,16.988,58.864
260.391,16.221,61.649
260.4073,15.628,63.986
260.4229,16.161,61.876
260.439,16.292,61.381
260.4553,15.442,64.758
260.4708,16.221,61.65
260.487,16.147,61.93
260.5031,15.868,63.019
260.519,15.609,64.065
260.5346,17.299,57.808
260.5519,17.106,58.459
260.569,15.992,62.53
260.585,16.901,59.169
260.6019,14.733,67.875
260.6167,16.798,59.532
260.6335,14.875,67.229
260.6483,16.143,61.946
260.6645,16.06,62.266
260.6805,42.733,23.401
260.7233,16.477,60.689
260.7397,15.47,64.642
260.7552,15.485,64.578
260.7707,15.713,63.64
260.7864,16.118,62.042
260.8025,15.803,63.278
260.8183,14.504,68.947
260.8328,15.485,64.579
260.8483,15.022,66.568
260.8633,16.766,59.644
260.8801,15.292,65.396
260.8954,15.499,64.519
260.9109,16.802,59.518
260.9277,17.574,56.903
260.9453,15.988,62.545
260.9613,14.183,70.508
260.9754,17.473,57.232
260.9929,18.247,54.804
261.0112,18.963,52.735
261.0301,15.804,63.276
261.0459,15.928,62.783
261.0619,16.527,60.506
261.0784,17.147,58.319
261.0955,14.884,67.188
261.1104,17.005,58.806
261.1274,17.825,56.102
261.1452,15.35,65.148
261.1606,14.778,67.668
261.1754,15.916,62.828
261.1913,15.267,65.5
261.2066,15.644,63.922
261.2222,16.429,60.868
261.2386,15.888,62.942
261.2545,15.924,62.798
261.2704,15.659,63.859
261.2861,15.779,63.377
261.3019,15.055,66.423
261.3169,16.141,61.956
261.3331,16.142,61.949
261.3492,14.552,68.721
261.3638,16.187,61.777
261.38,15.296,65.377
261.3953,15.167,65.931
261.4104,16.409,60.944
261.4268,14.223,70.309
261.4411,15.501,64.513
261.4566,16.089,62.154
261.4726,15.822,63.202
261.4885,16.432,60.858
261.5049,15.988,62.545
261.5209,14.989,66.717
261.5359,15.911,62.851
261.5518,16.878,59.249
261.5687,15.984,62.561
261.5846,15.444,64.75
261.6001,17.641,56.685
261.6177,16.032,62.375
261.6338,14.575,68.61
261.6483,15.665,63.835
261.664,15.937,62.746
261.6799,15.09,66.269
261.695,14.688,68.081
261.7097,15.205,65.769
261.7249,16.319,61.278
261.7412,15.251,65.571
261.7565,15.695,63.714
261.7722,15.284,65.426
261.7875,15.312,65.31
261.8028,16.152,61.912
261.8189,15.212,65.739
261.8341,15.574,64.208
261.8497,16.688,59.924
261.8664,15.06,66.401
261.8815,15.328,65.238
261.8968,16.027,62.394
261.9128,45.665,21.899
261.9585,15.682,63.767
261.9742,14.713,67.969
261.9889,16.814,59.476
262.0057,16.244,61.56
262.0219,16.995,58.842
262.0389,14.472,69.098
262.0534,15.329,65.235
262.0687,15.9,62.892
262.0846,18.025,55.478
262.1027,15.215,65.724
262.1179,15.265,65.51
262.1331,14.733,67.874
262.1479,15.623,64.006
262.1635,17.846,56.033
262.1813,17.073,58.572
262.1984,42.873,23.325
262.2413,18.358,54.471
262.2597,13.627,73.386
262.2733,17.293,57.825
262.2906,16.724,59.794
262.3073,13.872,72.086
262.3212,14.986,66.728
262.3362,15.746,63.508
262.3519,14.726,67.908
262.3666,14.277,70.045
262.3809,15.141,66.044
262.396,15.499,64.519
262.4115,15.023,66.564
262.4266,15.443,64.756
262.442,16.031,62.378
262.458,16.126,62.012
262.4742,17.072,58.574
262.4912,15.58,64.183
262.5068,15.672,63.81
262.5225,16.315,61.292
262.5388,16.873,59.267
262.5557,14.547,68.74
262.5702,17.092,58.506
262.5873,15.13,66.092
262.6024,15.261,65.528
262.6177,14.521,68.867
262.6322,16.864,59.297
262.6491,15.735,63.554
262.6648,16.227,61.627
262.6811,15.977,62.59
262.697,15.268,65.496
262.7123,13.998,71.439
262.7263,15.314,65.301
262.7416,16.491,60.64
262.7581,15.06,66.399
262.7732,16.301,61.344
262.7895,15.094,66.251
262.8046,15.695,63.716
262.8203,15.46,64.683
262.8357,15.032,66.524
262.8507,14.388,69.5
262.8651,14.603,68.48
262.8797,13.533,73.896
262.8933,16.27,61.463
262.9095,15.786,63.346
262.9253,15.941,62.733
262.9413,15.063,66.386
262.9563,13.669,73.158
262.97,16.367,61.1
262.9864,15.193,65.822
263.0016,16.109,62.076
263.0177,15.262,65.523
263.0329,15.844,63.114
263.0488,15.01,66.622
263.0638,15.782,63.365
263.0796,17.376,57.552
263.0969,14.481,69.056
263.1114,15.873,62.998
263.1273,15.268,65.497
263.1426,15.397,64.947
263.158,14.653,68.246
263.1726,15.159,65.966
263.1878,15.174,65.901
263.2029,15.702,63.684
263.2186,16.228,61.623
263.2349,15.197,65.803
263.2501,14.214,70.354
263.2643,14.937,66.949
263.2792,15.311,65.31
263.2945,14.528,68.835
263.3091,17.07,58.581
263.3261,14.426,69.318
263.3406,15.069,66.362
263.3556,15.494,64.541
263.3711,13.863,72.134
263.385,15.48,64.6
263.4005,17.133,58.366
263.4176,17.226,58.051
263.4348,13.758,72.685
263.4486,14.962,66.838
263.4635,13.179,75.877
263.4767,14.453,69.189
263.4912,16.47,60.717
263.5076,15.999,62.506
263.5236,15.001,66.664
263.5386,13.298,75.198
263.5519,13.351,74.899
263.5653,15.483,64.586
263.5808,14.528,68.833
263.5953,15.463,64.669
263.6108,17.345,57.653
263.6281,15.718,63.62
263.6438,15.283,65.43
263.6591,16.896,59.186
263.676,15.503,64.503
263.6915,17.483,57.198
263.709,14.992,66.7
263.724,16.207,61.703
263.7402,15.507,64.486
263.7557,15.394,64.96
263.7711,15.733,63.56
263.7868,12.297,81.321
263.7991,16.065,62.246
263.8152,14.77,67.703
263.83,14.451,69.197
263.8444,15.464,64.668
263.8599,14.223,70.308
263.8741,15.113,66.17
263.8892,13.552,73.791
263.9028,14.593,68.528
263.9174,16.113,62.061
263.9335,15.9,62.894
263.9494,15.243,65.604
263.9646,14.092,70.961
263.9787,16.477,60.69
263.9952,15.273,65.477
264.0105,15.198,65.8
264.0257,14.808,67.529
264.0405,14.165,70.597
264.0546,15.563,64.255
264.0702,14.14,70.72
264.0843,13.471,74.234
264.0978,15.37,65.062
264.1132,14.509,68.923
264.1277,14.869,67.255
264.1426,16.219,61.657
264.1588,16.194,61.752
264.175,15.798,63.298
264.1908,14.589,68.544
264.2054,15.183,65.862
264.2205,13.989,71.486
264.2345,14.839,67.39
264.2494,14.489,69.016
264.2639,15.767,63.424
264.2796,15.022,66.567
264.2946,14.566,68.655
264.3092,15.439,64.769
264.3246,13.294,75.222
264.3379,15.982,62.57
264.3539,15.863,63.04
264.3698,14.759,67.756
264.3845,14.487,69.026
264.399,15.578,64.193
264.4146,16.415,60.921
264.431,13.504,74.05
264.4445,17.837,56.063
264.4624,14.786,67.631
264.4772,15.436,64.786
264.4926,14.766,67.723
264.5074,13.933,71.773
264.5213,16.344,61.186
264.5376,15.041,66.486
264.5527,14.548,68.74
264.5672,14.856,67.315
264.5821,14.159,70.628
264.5962,15.729,63.575
264.612,14.367,69.606
264.6263,15.618,64.03
264.6419,15.031,66.531
264.657,15.383,65.007
264.6724,15.423,64.837
264.6878,16.386,61.029
264.7042,14.785,67.638
264.719,14.436,69.273
264.7334,15.092,66.261
264.7485,15.216,65.719
264.7637,13.732,72.821
264.7774,17.496,57.155
264.7949,14.272,70.066
264.8092,13.635,73.342
264.8228,15.711,63.652
264.8385,15.064,66.383
264.8536,16.149,61.924
264.8698,15.17,65.92
264.8849,17.02,58.755
264.9019,16.907,59.148
264.9189,14.48,69.059
264.9333,15.266,65.503
264.9486,14.067,71.09
264.9627,15.152,66.0
264.9778,15.085,66.29
264.9929,14.628,68.364
265.0075,15.22,65.703
265.0227,13.688,73.058
265.0364,14.61,68.447
265.051,15.009,66.627
265.0661,15.193,65.819
265.0812,15.704,63.678
265.097,12.975,77.072
265.1099,17.508,57.118
265.1274,15.396,64.951
265.1428,14.897,67.127
265.1577,14.555,68.705
265.1723,15.514,64.457
265.1878,13.764,72.652
265.2016,13.304,75.165
265.2149,16.143,61.946
265.231,15.194,65.813
265.2462,14.912,67.059
265.2611,14.819,67.48
265.2759,14.637,68.319
265.2906,14.624,68.379
265.3052,14.215,70.35
265.3194,14.595,68.516
265.334,14.861,67.29
265.3489,15.296,65.378
265.3642,13.171,75.924
265.3773,15.355,65.125
265.3927,16.244,61.559
265.4089,15.099,66.228
265.424,14.685,68.095
265.4387,14.391,69.486
265.4531,13.311,75.123
265.4664,15.932,62.766
265.4824,14.223,70.309
265.4966,14.734,67.872
265.5113,16.178,61.814
265.5275,14.353,69.67
265.5418,16.461,60.748
265.5583,15.952,62.688
265.5743,15.268,65.496
265.5895,15.126,66.11
265.6046,14.758,67.759
265.6194,15.602,64.095
265.635,14.356,69.655
265.6494,16.761,59.661
265.6661,13.35,74.909
265.6795,15.137,66.062
265.6946,13.878,72.055
265.7085,14.35,69.687
265.7228,15.157,65.975
265.738,14.873,67.236
265.7529,15.666,63.832
265.7685,15.012,66.614
265.7835,16.001,62.497
265.7996,14.878,67.212
265.8144,15.535,64.37
265.83,14.834,67.411
265.8448,14.929,66.984
265.8597,15.366,65.079
265.8751,14.463,69.142
265.8896,15.727,63.585
265.9053,15.202,65.78
265.9205,15.17,65.918
265.9357,15.215,65.726
265.9509,16.479,60.684
265.9674,15.247,65.588
265.9826,13.099,76.345
265.9957,14.246,70.193
266.0099,14.873,67.235
266.0248,15.832,63.165
266.0406,14.532,68.813
266.0552,15.27,65.487
266.0704,15.579,64.189
266.086,14.397,69.459
266.1004,13.153,76.026
266.1136,13.259,75.423
266.1268,16.82,59.454
266.1437,15.371,65.056
266.159,12.963,77.145
266.172,15.289,65.406
266.1873,14.867,67.262
266.2021,15.821,63.208
266.218,15.731,63.568
266.2337,13.171,75.927
266.2469,14.255,70.152
266.2611,13.781,72.562
266.2749,15.057,66.412
266.29,13.151,76.042
266.3031,15.338,65.196
266.3185,14.841,67.381
266.3333,15.739,63.538
266.349,14.66,68.213
266.3637,13.457,74.31
266.3771,14.535,68.799
266.3917,15.22,65.704
266.4069,15.181,65.872
266.4221,14.782,67.649
266.4369,14.396,69.466
266.4513,14.477,69.074
266.4657,15.311,65.311
266.4811,16.727,59.783
266.4978,13.734,72.814
266.5115,13.805,72.436
266.5253,14.606,68.464
266.5399,13.993,71.464
266.5539,14.757,67.765
266.5687,15.421,64.846
266.5841,14.418,69.355
266.5985,14.275,70.054
266.6128,15.951,62.691
266.6287,14.328,69.795
266.6431,14.706,67.999
266.6578,13.717,72.9
266.6715,14.391,69.488
266.6859,14.721,67.932
266.7006,15.349,65.149
266.716,14.55,68.727
266.7305,14.373,69.575
266.7449,15.713,63.64
266.7606,17.034,58.705
266.7776,12.305,81.266
266.7899,14.888,67.166
266.8048,13.028,76.76
266.8178,16.059,62.269
266.8339,15.909,62.857
266.8498,13.482,74.171
266.8633,14.987,66.723
266.8783,14.333,69.768
266.8926,14.835,67.407
266.9074,14.674,68.149
266.9221,16.376,61.066
266.9385,16.214,61.674
266.9547,15.435,64.786
266.9701,16.894,59.194
266.987,14.187,70.486
267.0012,15.478,64.609
267.0167,15.859,63.054
267.0326,14.874,67.232
267.0474,15.503,64.503
267.0629,15.219,65.709
267.0782,16.522,60.524
267.0947,16.25,61.54
267.1109,15.799,63.295
267.1267,15.385,64.999
267.1421,14.825,67.454
267.1569,15.701,63.691
267.1726,15.816,63.229
267.1885,17.205,58.124
267.2057,14.541,68.773
267.2202,14.934,66.96
267.2351,16.052,62.299
267.2512,14.072,71.064
267.2653,15.589,64.148
267.2809,14.888,67.167
267.2957,15.395,64.955
267.3111,14.226,70.292
267.3254,16.765,59.648
267.3421,16.03,62.385
267.3582,15.142,66.041
267.3733,16.027,62.393
267.3893,15.129,66.099
267.4045,14.182,70.512
267.4186,14.958,66.852
267.4336,13.448,74.358
267.447,15.584,64.168
267.4626,16.32,61.275
267.4789,14.509,68.925
267.4935,15.041,66.484
267.5085,14.616,68.416
267.5231,14.479,69.067
267.5376,14.049,71.177
267.5516,15.16,65.962
267.5668,14.675,68.141
267.5815,15.554,64.293
267.597,15.379,65.026
267.6124,14.606,68.466
267.627,15.277,65.457
267.6423,14.496,68.986
267.6568,14.962,66.838
267.6717,16.251,61.536
267.688,17.357,57.615
267.7054,15.649,63.902
267.721,15.726,63.59
267.7367,16.535,60.479
267.7533,14.881,67.198
267.7681,14.318,69.843
267.7825,15.1,66.227
267.7976,15.303,65.345
267.8129,13.932,71.778
267.8268,15.56,64.265
267.8424,16.029,62.386
267.8584,15.248,65.584
267.8736,15.426,64.827
267.8891,14.419,69.355
267.9035,17.574,56.901
267.9211,16.351,61.157
267.9374,14.362,69.627
267.9518,15.671,63.813
267.9674,15.746,63.507
267.9832,14.465,69.133
267.9977,15.192,65.826
268.0128,15.858,63.061
268.0287,15.196,65.805
268.0439,16.774,59.615
268.0607,13.797,72.482
268.0745,15.644,63.923
268.0901,14.188,70.484
268.1043,15.454,64.708
268.1198,14.967,66.815
268.1347,15.193,65.821
268.1499,13.77,72.622
268.1637,15.36,65.105
268.179,14.338,69.746
268.1934,14.313,69.867
268.2077,14.805,67.544
268.2225,14.753,67.781
268.2373,14.025,71.299
268.2513,14.017,71.34
268.2653,15.452,64.718
268.2807,15.497,64.527
268.2962,16.555,60.406
268.3128,13.769,72.629
268.3266,16.088,62.16
268.3427,15.125,66.118
268.3578,16.949,58.999
268.3747,14.916,67.042
268.3896,14.328,69.795
268.404,14.529,68.828
268.4185,15.95,62.697
268.4345,16.056,62.283
268.4505,15.517,64.447
268.466,15.753,63.482
268.4818,17.096,58.493
268.4989,14.777,67.672
268.5136,14.681,68.116
268.5283,15.789,63.336
268.5441,16.23,61.613
268.5603,15.952,62.687
268.5763,15.706,63.672
268.592,16.662,60.016
268.6087,15.93,62.774
268.6246,16.137,61.968
268.6407,14.182,70.513
268.6549,15.269,65.494
268.6702,14.104,70.9
268.6843,15.992,62.53
268.7003,16.851,59.343
268.7171,15.729,63.577
268.7329,16.064,62.25
268.7489,15.309,65.321
268.7642,17.009,58.792
268.7812,15.17,65.918
268.7964,14.828,67.438
268.8112,14.292,69.97
268.8255,16.173,61.833
268.8417,14.856,67.311
268.8566,15.755,63.471
268.8723,13.675,73.129
268.886,15.53,64.391
268.9015,13.844,72.234
268.9154,15.329,65.234
268.9307,15.924,62.799
268.9466,15.756,63.469
268.9624,16.729,59.777
268.9791,14.967,66.814
268.9941,14.518,68.881
269.0086,14.059,71.129
269.0227,15.719,63.617
269.0384,15.441,64.762
269.0538,14.555,68.703
269.0684,13.842,72.246
269.0822,15.305,65.337
269.0975,15.682,63.766
269.1132,16.031,62.377
269.1292,15.848,63.099
269.1451,14.147,70.687
269.1592,15.134,66.078
269.1744,14.821,67.474
269.1892,16.268,61.471
269.2054,15.045,66.467
269.2205,16.303,61.339
269.2368,14.587,68.554
269.2514,14.507,68.934
269.2659,18.01,55.524
269.2839,14.679,68.124
269.2986,14.974,66.783
269.3135,14.895,67.136
269.3284,14.792,67.602
269.3432,15.99,62.541
269.3592,16.534,60.483
269.3758,15.313,65.302
269.3911,15.77,63.411
269.4068,14.201,70.419
269.421,14.369,69.595
269.4354,15.187,65.848
269.4506,15.978,62.587
269.4666,14.003,71.411
269.4806,14.689,68.078
269.4953,16.148,61.926
269.5114,14.341,69.732
269.5258,14.351,69.682
269.5401,17.513,57.1
269.5576,15.318,65.284
269.5729,16.559,60.39
269.5895,16.08,62.188
269.6056,14.934,66.962
269.6205,15.02,66.579
269.6355,14.437,69.265
269.65,15.63,63.98
269.6656,14.964,66.827
269.6806,14.699,68.032
269.6953,13.866,72.119
269.7091,14.522,68.86
269.7237,15.999,62.502
269.7397,13.567,73.709
269.7532,15.079,66.315
269.7683,14.924,67.007
269.7832,15.199,65.794
269.7984,16.055,62.284
269.8145,15.229,65.664
269.8297,16.442,60.819
269.8461,14.826,67.451
269.861,14.025,71.303
269.875,15.806,63.267
269.8908,16.853,59.336
269.9077,15.069,66.363
269.9227,15.524,64.418
269.9382,16.102,62.104
269.9544,15.117,66.15
269.9695,15.287,65.416
269.9848,14.776,67.679
269.9995,16.192,61.757
270.0157,14.964,66.829
270.0307,14.793,67.6
270.0455,15.482,64.592
270.061,14.312,69.871
270.0753,15.815,63.231
270.0911,15.332,65.224
270.1064,15.736,63.549
270.1222,16.155,61.899
270.1383,14.39,69.492
270.1527,14.989,66.715
270.1677,16.318,61.282
270.184,14.853,67.328
270.1989,14.708,67.992
270.2136,16.475,60.699
270.23,15.251,65.568
270.2453,16.232,61.607
270.2615,16.185,61.786
270.2777,14.956,66.864
270.2927,15.484,64.582
270.3082,15.406,64.909
270.3236,14.572,68.625
270.3381,14.915,67.046
270.353,16.922,59.096
270.37,16.183,61.795
270.3862,16.248,61.548
270.4024,16.049,62.308
270.4184,16.223,61.639
270.4347,14.276,70.048
270.4489,16.639,60.101
270.4656,16.106,62.087
270.4817,15.292,65.396
270.497,15.844,63.114
270.5128,14.344,69.713
270.5272,15.784,63.355
270.543,17.553,56.971
270.5605,15.819,63.217
270.5763,15.99,62.541
270.5923,16.633,60.121
270.6089,17.463,57.265
270.6264,14.985,66.735
270.6414,16.946,59.009
270.6583,16.56,60.388
270.6749,15.337,65.201
270.6902,13.892,71.983
270.7041,16.028,62.391
270.7202,16.438,60.835
270.7366,16.569,60.355
270.7532,15.415,64.87
270.7686,17.004,58.809
270.7856,16.442,60.819
270.802,17.159,58.279
270.8192,15.838,63.14
270.835,17.047,58.663
270.8521,15.819,63.215
270.8679,16.418,60.91
270.8843,16.949,59.0
270.9013,15.804,63.275
270.9171,15.25,65.575
270.9323,14.94,66.936
270.9473,17.275,57.886
270.9645,16.868,59.284
270.9814,15.05,66.443
270.9964,16.285,61.405
271.0127,15.751,63.487
271.0285,15.82,63.213
271.0443,14.725,67.91
271.059,15.749,63.494
271.0748,17.086,58.527
271.0919,16.225,61.634
271.1081,16.714,59.83
271.1248,18.076,55.323
271.1429,16.676,59.968
271.1596,16.538,60.466
271.1761,15.127,66.106
271.1912,16.807,59.498
271.208,16.626,60.147
271.2247,16.278,61.434
271.2409,16.283,61.412
271.2572,14.592,68.532
271.2718,15.775,63.391
271.2876,14.983,66.741
271.3026,16.312,61.303
271.3189,18.298,54.651
271.3372,16.774,59.616
271.3539,15.157,65.977
271.3691,16.262,61.492
271.3854,15.783,63.357
271.4011,15.729,63.576
271.4169,16.932,59.061
271.4338,15.927,62.788
271.4497,15.882,62.964
271.4656,16.03,62.383
271.4816,15.55,64.308
271.4972,16.031,62.381
271.5132,16.612,60.198
271.5298,17.081,58.546
271.5469,16.233,61.602
271.5632,17.122,58.404
271.5803,14.98,66.754
271.5953,17.249,57.976
271.6125,15.058,66.411
271.6276,16.432,60.857
271.644,16.247,61.552
271.6602,15.765,63.432
271.676,16.464,60.739
271.6925,14.815,67.501
271.7073,17.709,56.467
271.725,15.431,64.807
271.7404,17.685,56.547
271.7581,16.096,62.127
271.7742,18.519,53.998
271.7927,15.719,63.616
271.8084,17.606,56.798
271.8261,16.543,60.447
271.8426,16.901,59.169
271.8595,17.236,58.018
271.8767,15.086,66.287
271.8918,15.949,62.7
271.9078,19.139,52.248
271.9269,15.862,63.044
271.9428,16.728,59.779
271.9595,15.327,65.243
271.9748,15.224,65.685
271.99,15.079,66.316
272.0051,17.309,57.774
272.0224,16.784,59.581
272.0392,16.556,60.399
272.0558,16.672,59.979
272.0724,16.483,60.667
272.0889,17.303,57.795
272.1062,15.99,62.54
272.1222,16.439,60.83
272.1387,16.625,60.15
272.1553,14.801,67.563
272.1701,17.309,57.774
272.1874,15.04,66.488
272.2024,16.599,60.243
272.219,16.472,60.711
272.2355,16.108,62.08
272.2516,16.698,59.888
272.2683,16.128,62.004
272.2844,15.991,62.535
272.3004,15.184,65.859
272.3156,16.506,60.585
272.3321,28.889,34.615
272.361,16.728,59.78
272.3777,17.134,58.364
272.3949,16.469,60.719
272.4113,16.949,59.0
272.4283,17.43,57.372
272.4457,17.26,57.938
272.463,16.919,59.106
272.4799,16.991,58.853
272.4969,16.992,58.853
272.5139,16.38,61.052
272.5303,17.115,58.429
272.5474,17.53,57.046
272.5649,17.254,57.957
272.5822,16.588,60.283
272.5988,17.994,55.575
272.6167,16.701,59.875
272.6334,16.373,61.076
272.6498,17.676,56.572
272.6675,17.158,58.282
272.6847,15.497,64.527
272.7002,16.25,61.537
272.7164,16.784,59.581
272.7332,17.653,56.649
272.7508,16.738,59.744
272.7676,17.204,58.125
272.7848,15.916,62.83
272.8007,16.629,60.136
272.8173,17.108,58.453
272.8344,17.692,56.521
272.8521,17.339,57.674
272.8695,18.109,55.22
272.8876,17.94,55.741
272.9055,16.946,59.011
272.9225,16.035,62.363
272.9385,16.371,61.084
272.9549,15.494,64.542
272.9704,18.423,54.281
272.9888,17.325,57.722
273.0061,18.876,52.978
273.025,17.178,58.215
273.0422,17.14,58.344
273.0593,15.655,63.875
273.075,16.111,62.068
273.0911,16.488,60.65
273.1076,17.469,57.243
273.125,17.223,58.063
273.1422,16.891,59.205
273.1591,16.264,61.484
273.1754,44.19,22.63
273.2196,16.84,59.381
273.2364,17.259,57.94
273.2537,15.91,62.852
273.2696,16.089,62.153
273.2857,16.152,61.914
273.3018,18.838,53.084
273.3207,19.891,50.275
273.3406,17.63,56.722
273.3582,17.401,57.469
273.3756,16.256,61.514
273.3919,18.169,55.039
273.41,16.968,58.936
273.427,17.898,55.872
273.4449,17.845,56.037
273.4627,15.886,62.947
273.4786,17.309,57.773
273.4959,16.403,60.965
273.5123,19.098,52.361
273.5314,16.832,59.412
273.5483,16.885,59.223
273.5652,16.949,59.001
273.5821,18.607,53.743
273.6007,17.062,58.61
273.6178,17.591,56.849
273.6354,16.72,59.81
273.6521,17.103,58.468
273.6692,16.969,58.93
273.6862,16.187,61.778
273.7023,16.392,61.006
273.7187,16.909,59.142
273.7356,17.169,58.244
273.7528,18.54,53.937
273.7714,16.676,59.965
273.788,16.719,59.811
273.8047,17.632,56.715
273.8224,16.388,61.02
273.8388,17.039,58.687
273.8558,16.735,59.756
273.8725,18.011,55.521
273.8906,17.303,57.794
273.9079,17.752,56.332
273.9256,16.73,59.772
273.9423,19.102,52.351
273.9614,45.203,22.122
274.0066,16.251,61.533
274.0229,16.581,60.31
274.0395,17.06,58.616
274.0565,17.593,56.842
274.0741,18.363,54.456
274.0925,17.954,55.698
274.1104,18.987,52.667
274.1294,17.764,56.292
274.1472,17.304,57.791
274.1645,18.299,54.649
274.1828,17.265,57.919
274.2001,16.304,61.333
274.2164,15.639,63.941
274.232,16.177,61.814
274.2482,17.981,55.615
274.2662,16.723,59.798
274.2829,18.05,55.401
274.3009,19.237,51.983
274.3202,16.775,59.612
274.337,16.802,59.517
274.3538,17.273,57.895
274.371,18.846,53.061
274.3899,18.058,55.379
274.4079,17.846,56.035
274.4258,16.132,61.987
274.4419,16.986,58.871
274.4589,17.705,56.481
274.4766,16.255,61.521
274.4929,17.086,58.528
274.5099,17.336,57.685
274.5273,16.958,58.968
274.5442,19.081,52.408
274.5633,18.032,55.457
274.5813,17.239,58.007
274.5986,17.613,56.777
274.6162,18.007,55.535
274.6342,16.642,60.089
274.6508,17.04,58.687
274.6679,17.229,58.04
274.6851,18.907,52.889
274.704,17.205,58.123
274.7212,17.976,55.631
274.7392,18.321,54.583
274.7575,16.926,59.081
274.7745,18.272,54.73
274.7927,18.194,54.964
274.8109,17.494,57.162
274.8284,17.659,56.628
274.8461,17.516,57.091
274.8636,16.432,60.856
274.88,16.358,61.132
274.8964,17.874,55.947
274.9142,17.897,55.875
274.9321,17.14,58.344
274.9493,18.501,54.05
274.9678,18.277,54.713
274.9861,18.008,55.532
275.0041,16.719,59.811
275.0208,19.163,52.184
275.04,19.442,51.436
275.0594,18.425,54.275
275.0778,18.216,54.896
275.096,18.147,55.106
275.1142,17.605,56.803
275.1318,16.475,60.697
275.1483,17.462,57.268
275.1657,18.856,53.034
275.1846,17.145,58.326
275.2017,19.656,50.876
275.2214,19.154,52.207
275.2405,17.183,58.198
275.2577,16.943,59.022
275.2747,18.089,55.282
275.2928,17.604,56.804
275.3104,18.664,53.578
275.329,16.302,61.341
275.3453,17.318,57.745
275.3626,16.709,59.847
275.3793,17.315,57.754
275.3967,17.015,58.771
275.4137,17.577,56.894
275.4313,17.192,58.166
275.4484,17.901,55.864
275.4663,18.053,55.392
275.4844,17.891,55.896
275.5023,17.15,58.31
275.5194,17.119,58.414
275.5366,17.72,56.433
275.5543,18.238,54.831
275.5725,19.196,52.094
275.5917,18.999,52.636
275.6107,17.736,56.384
275.6284,18.266,54.748
275.6467,18.986,52.67
275.6657,18.18,55.006
275.6839,17.078,58.556
275.701,17.303,57.794
275.7183,17.394,57.49
275.7357,18.369,54.44
275.754,18.154,55.083
275.7722,17.832,56.08
275.79,17.297,57.815
275.8073,18.352,54.489
275.8257,16.647,60.072
275.8423,18.368,54.444
275.8607,17.773,56.266
275.8784,16.978,58.9
275.8954,16.36,61.126
275.9118,17.005,58.805
275.9288,17.148,58.315
275.9459,16.965,58.946
275.9629,17.81,56.147
275.9807,17.466,57.253
275.9982,17.272,57.898
276.0155,17.373,57.56
276.0328,17.214,58.094
276.05,17.065,58.598
276.0671,16.829,59.421
276.0839,18.219,54.887
276.1022,18.314,54.603
276.1205,18.905,52.897
276.1394,17.569,56.919
276.1569,18.388,54.384
276.1753,17.068,58.588
276.1924,18.612,53.729
276.211,17.917,55.812
276.2289,16.706,59.858
276.2456,15.797,63.302
276.2614,17.847,56.033
276.2793,16.457,60.764
276.2957,16.382,61.041
276.3121,16.805,59.505
276.3289,17.674,56.58
276.3466,18.85,53.052
276.3654,17.53,57.044
276.383,18.705,53.461
276.4017,16.246,61.552
276.4179,17.388,57.511
276.4353,17.871,55.956
276.4532,16.903,59.16
276.4701,17.569,56.918
276.4877,17.449,57.308
276.5051,18.534,53.956
276.5236,17.641,56.687
276.5413,18.668,53.569
276.5599,19.533,51.197
276.5795,17.197,58.149
276.5967,18.286,54.685
276.615,18.697,53.484
276.6337,17.935,55.758
276.6516,18.49,54.084
276.6701,17.586,56.864
276.6877,16.139,61.961
276.7038,17.974,55.635
276.7218,17.666,56.606
276.7395,16.857,59.321
276.7563,18.284,54.694
276.7746,17.406,57.452
276.792,17.777,56.253
276.8098,17.556,56.961
276.8273,19.254,51.938
276.8466,16.599,60.245
276.8632,18.3,54.646
276.8815,17.294,57.823
276.8988,19.833,50.422
276.9186,18.792,53.215
276.9374,17.213,58.096
276.9546,16.75,59.7
276.9714,17.616,56.767
276.989,16.065,62.246
277.005,16.951,58.994
277.022,16.877,59.251
277.0389,17.899,55.869
277.0568,18.119,55.192
277.0749,17.521,57.073
277.0924,18.573,53.84
277.111,18.598,53.769
277.1296,18.532,53.961
277.1481,19.124,52.289
277.1672,18.811,53.159
277.1861,18.067,55.349
277.2041,16.905,59.154
277.221,19.014,52.593
277.24,17.959,55.682
277.258,17.358,57.611
277.2754,18.053,55.393
277.2934,19.855,50.364
277.3133,16.016,62.438
277.3293,18.52,53.996
277.3478,18.232,54.848
277.366,17.291,57.834
277.3833,17.862,55.985
277.4012,17.867,55.969
277.4191,17.868,55.965
277.4369,17.529,57.05
277.4544,18.185,54.99
277.4726,17.283,57.862
277.4899,17.276,57.884
277.5072,18.368,54.442
277.5256,18.299,54.647
277.5439,17.393,57.493
277.5613,17.531,57.042
277.5788,18.528,53.973
277.5973,18.497,54.064
277.6158,19.05,52.492
277.6349,17.87,55.96
277.6527,18.871,52.991
277.6716,17.595,56.834
277.6892,17.647,56.666
277.7068,19.65,50.89
277.7265,18.978,52.692
277.7455,18.621,53.702
277.7641,17.009,58.794
277.7811,15.913,62.843
277.797,17.179,58.21
277.8142,18.781,53.244
277.833,17.598,56.826
277.8506,19.036,52.532
277.8696,18.403,54.34
277.888,17.158,58.283
277.9052,17.868,55.965
277.923,18.687,53.514
277.9417,18.194,54.963
277.9599,17.516,57.09
277.9774,18.52,53.996
277.996,17.255,57.955
278.0132,18.876,52.978
278.0321,18.689,53.506
278.0508,18.029,55.465
278.0688,17.372,57.564
278.0862,20.131,49.675
278.1063,19.219,52.033
278.1255,18.583,53.813
278.1441,17.081,58.544
278.1612,18.432,54.254
278.1796,17.747,56.347
278.1974,16.899,59.177
278.2143,19.255,51.935
278.2335,17.141,58.341
278.2507,16.369,61.09
278.267,18.049,55.404
278.2851,16.473,60.705
278.3016,17.211,58.102
278.3188,17.323,57.726
278.3361,18.272,54.729
278.3544,16.516,60.547
278.3709,18.69,53.503
278.3896,17.988,55.593
278.4076,17.826,56.099
278.4254,20.22,49.456
278.4456,16.658,60.031
278.4623,18.329,54.558
278.4806,18.211,54.911
278.4988,19.451,51.411
278.5182,18.489,54.086
278.5367,16.826,59.43
278.5536,18.501,54.052
278.5721,17.543,57.003
278.5896,16.674,59.972
278.6063,17.11,58.447
278.6234,17.635,56.706
278.641,16.671,59.984
278.6577,16.182,61.797
278.6739,16.365,61.107
278.6902,17.723,56.424
278.708,16.483,60.668
278.7245,17.018,58.763
278.7415,18.728,53.397
278.7602,17.791,56.208
278.778,17.824,56.105
278.7958,17.824,56.103
278.8136,16.476,60.694
278.8301,19.117,52.308
278.8492,18.54,53.936
278.8678,16.532,60.487
278.8843,17.886,55.908
278.9022,18.129,55.162
278.9203,18.696,53.487
278.939,18.672,53.556
278.9577,17.358,57.611
278.975,18.12,55.188
278.9932,18.633,53.667
279.0118,17.312,57.765
279.0291,19.015,52.589
279.0481,17.513,57.101
279.0656,17.371,57.567
279.083,18.797,53.199
279.1018,16.911,59.134
279.1187,17.055,58.635
279.1358,17.284,57.858
279.1531,17.524,57.065
279.1706,16.702,59.874
279.1873,18.115,55.203
279.2054,18.867,53.002
279.2243,17.449,57.31
279.2417,19.13,52.273
279.2608,16.934,59.051
279.2778,16.408,60.945
279.2942,17.679,56.564
279.3119,16.423,60.891
279.3283,17.458,57.28
279.3457,17.761,56.302
279.3635,17.27,57.904
279.3808,18.856,53.034
279.3996,18.148,55.103
279.4178,17.772,56.267
279.4356,16.709,59.847
279.4523,17.363,57.592
279.4696,17.482,57.203
279.4871,17.615,56.77
279.5047,17.163,58.264
279.5219,17.497,57.152
279.5394,17.773,56.266
279.5572,18.442,54.223
279.5756,16.744,59.722
279.5923,18.381,54.405
279.6107,17.376,57.552
279.6281,17.49,57.175
279.6456,17.56,56.948
279.6631,17.804,56.167
279.6809,17.141,58.341
279.6981,16.285,61.405
279.7144,17.566,56.927
279.7319,18.761,53.303
279.7507,16.208,61.699
279.7669,16.795,59.543
279.7837,19.581,51.071
279.8033,17.347,57.647
279.8206,18.366,54.45
279.839,16.833,59.408
279.8558,16.561,60.383
279.8724,17.427,57.381
279.8898,17.584,56.869
279.9074,19.005,52.618
279.9264,17.067,58.594
279.9435,16.536,60.473
279.96,16.7,59.881
279.9767,16.237,61.587
279.9929,17.591,56.846
280.0105,17.73,56.403
280.0283,17.537,57.023
280.0458,19.141,52.243
280.0649,17.325,57.721
280.0823,16.39,61.012
280.0987,18.187,54.985
280.1168,16.871,59.275
280.1337,16.418,60.908
280.1501,15.99,62.538
280.1661,16.267,61.473
280.1824,16.963,58.951
280.1994,16.711,59.839
280.2161,16.133,61.986
280.2322,17.528,57.05
280.2497,17.367,57.58
280.2671,16.659,60.027
280.2838,18.015,55.51
280.3018,18.708,53.452
280.3205,15.478,64.606
280.336,16.462,60.747
280.3524,18.084,55.296
280.3705,16.488,60.649
280.387,18.084,55.297
280.4051,17.119,58.413
280.4222,16.641,60.093
280.4388,17.581,56.881
280.4564,16.88,59.24
280.4733,18.783,53.24
280.4921,17.499,57.147
280.5096,18.269,54.737
280.5278,56.728,17.628
280.5846,17.705,56.48
280.6023,17.186,58.186
280.6195,16.987,58.868
280.6365,17.68,56.562
280.6541,17.373,57.562
280.6715,18.339,54.528
280.6898,18.281,54.701
280.7081,15.441,64.764
280.7236,17.189,58.178
280.7408,18.004,55.543
280.7588,18.214,54.904
280.777,16.73,59.775
280.7937,16.881,59.237
280.8106,16.967,58.939
280.8276,16.457,60.765
280.844,17.162,58.269
280.8612,18.428,54.267
280.8796,16.706,59.858
280.8963,15.427,64.821
280.9117,17.542,57.005
280.9293,16.964,58.949
280.9462,18.54,53.938
280.9648,15.573,64.214
280.9804,16.477,60.692
280.9968,19.122,52.295
281.016,17.693,56.518
281.0336,17.66,56.626
281.0513,19.078,52.416
281.0704,16.999,58.828
281.0874,16.024,62.406
281.1034,17.482,57.201
281.1209,16.511,60.566
281.1374,18.234,54.842
281.1556,16.474,60.702
281.1721,17.404,57.458
281.1895,19.018,52.581
281.2085,16.796,59.539
281.2253,15.383,65.006
281.2407,17.568,56.923
281.2583,17.078,58.554
281.2754,16.952,58.99
281.2923,18.451,54.197
281.3108,16.236,61.593
281.327,17.998,55.563
281.345,17.725,56.418
281.3627,18.137,55.136
281.3809,16.284,61.411
281.3971,16.659,60.029
281.4138,16.456,60.768
281.4303,15.931,62.771
281.4462,17.411,57.436
281.4636,16.677,59.963
281.4803,16.815,59.469
281.4971,17.509,57.112
281.5146,17.83,56.084
281.5324,16.525,60.514
281.5489,17.483,57.197
281.5664,17.624,56.74
281.5841,16.191,61.762
281.6002,17.623,56.745
281.6179,18.358,54.471
281.6362,17.977,55.627
281.6542,18.081,55.305
281.6723,16.758,59.675
281.689,15.385,64.997
281.7044,16.192,61.758
281.7206,17.113,58.436
281.7377,18.203,54.937
281.7559,16.555,60.403
281.7725,16.679,59.957
281.7892,16.579,60.317
281.8058,15.81,63.249
281.8216,15.934,62.76
281.8375,17.145,58.326
281.8546,16.794,59.544
281.8714,17.099,58.483
281.8885,17.588,56.858
281.9061,16.987,58.867
281.9231,18.495,54.069
281.9416,17.837,56.064
281.9594,15.736,63.549
281.9752,17.113,58.435
281.9923,17.884,55.917
282.0102,16.645,60.079
282.0268,16.699,59.882
282.0435,17.557,56.956
282.0611,16.352,61.153
282.0774,17.209,58.11
282.0946,18.396,54.359
282.113,16.683,59.941
282.1297,17.77,56.275
282.1475,15.958,62.663
282.1634,19.364,51.641
282.1828,17.647,56.666
282.2005,14.808,67.531
282.2153,17.209,58.108
282.2325,17.655,56.643
282.2501,17.653,56.648
282.2678,16.983,58.881
282.2848,17.633,56.712
282.3024,18.399,54.351
282.3208,16.676,59.966
282.3375,16.916,59.115
282.3544,16.558,60.394
282.3709,17.519,57.08
282.3885,17.77,56.275
282.4062,17.783,56.232
282.424,15.126,66.11
282.4391,17.006,58.802
282.4561,16.991,58.855
282.4731,18.605,53.75
282.4917,16.351,61.158
282.5081,16.762,59.659
282.5249,17.918,55.81
282.5428,18.811,53.162
282.5616,17.289,57.841
282.5789,16.634,60.119
282.5955,16.478,60.686
282.612,16.827,59.427
282.6288,16.071,62.222
282.6449,16.245,61.558
282.6611,17.025,58.736
282.6782,17.035,58.704
282.6952,16.968,58.934
282.7122,17.54,57.014
282.7297,16.687,59.927
282.7464,17.433,57.362
282.7638,17.36,57.603
282.7812,16.878,59.248
282.7981,17.123,58.402
282.8152,16.095,62.131
282.8313,16.886,59.221
282.8482,16.892,59.201
282.8651,16.344,61.185
282.8814,16.014,62.444
282.8974,17.039,58.688
282.9144,16.735,59.753
282.9312,16.814,59.474
282.948,17.242,57.999
282.9652,16.915,59.118
282.9822,17.184,58.194
282.9993,16.608,60.213
283.0159,17.512,57.103
283.0335,18.041,55.429
283.0515,15.834,63.156
283.0673,17.473,57.23
283.0848,18.275,54.719
283.1031,17.977,55.625
283.1211,18.471,54.14
283.1395,18.259,54.768
283.1578,16.991,58.856
283.1748,17.57,56.915
283.1924,14.454,69.187
283.2068,17.15,58.309
283.224,16.104,62.097
283.2401,15.991,62.535
283.2561,16.834,59.404
283.2729,17.877,55.938
283.2908,17.849,56.025
283.3086,15.271,65.486
283.3239,18.365,54.452
283.3422,18.548,53.914
283.3608,16.549,60.425
283.3773,15.468,64.649
283.3928,17.763,56.297
283.4106,17.584,56.87
283.4282,16.789,59.562
283.4449,17.059,58.62
283.462,19.029,52.551
283.481,16.159,61.884
283.4972,18.133,55.149
283.5153,18.007,55.535
283.5333,16.954,58.982
283.5503,16.881,59.237
283.5672,17.492,57.168
283.5847,17.954,55.697
283.6026,17.694,56.516
283.6203,16.028,62.392
283.6363,17.037,58.695
283.6534,17.749,56.34
283.6711,16.316,61.29
283.6874,17.36,57.602
283.7048,16.675,59.971
283.7215,16.08,62.19
283.7376,17.611,56.782
283.7552,17.457,57.285
283.7726,17.085,58.53
283.7897,16.898,59.179
283.8066,17.272,57.898
283.8239,17.951,55.706
283.8418,17.654,56.644
283.8595,17.172,58.235
283.8767,17.195,58.157
283.8938,16.428,60.871
283.9103,18.149,55.1
283.9284,18.042,55.428
283.9465,16.228,61.62
283.9627,17.872,55.953
283.9806,16.327,61.25
283.9969,17.629,56.726
284.0145,16.411,60.935
284.0309,16.642,60.088
284.0476,16.873,59.267
284.0645,16.716,59.824
284.0812,16.932,59.061
284.0981,18.293,54.667
284.1164,17.263,57.927
284.1337,17.36,57.605
284.151,17.305,57.788
284.1683,18.688,53.51
284.187,16.582,60.306
284.2036,17.678,56.568
284.2213,18.443,54.22
284.2397,17.182,58.2
284.2569,16.153,61.907
284.273,16.932,59.06
284.29,17.284,57.858
284.3073,16.072,62.219
284.3233,15.959,62.661
284.3393,17.333,57.695
284.3566,17.657,56.636
284.3743,16.974,58.913
284.3913,17.577,56.893
284.4088,16.744,59.722
284.4256,17.479,57.212
284.4431,17.144,58.33
284.4602,18.067,55.35
284.4783,17.676,56.572
284.4959,17.965,55.664
284.5139,17.801,56.176
284.5317,33.815,29.572
284.5655,18.713,53.438
284.5842,16.315,61.294
284.6006,19.296,51.825
284.6198,17.894,55.886
284.6377,18.052,55.396
284.6558,17.521,57.073
284.6733,18.182,54.999
284.6915,15.923,62.802
284.7074,17.548,56.986
284.725,18.232,54.85
284.7432,18.737,53.371
284.7619,17.596,56.829
284.7795,16.082,62.181
284.7956,16.943,59.02
284.8126,16.693,59.906
284.8293,17.55,56.979
284.8468,17.638,56.695
284.8644,17.951,55.708
284.8824,18.246,54.805
284.9006,16.167,61.853
284.9168,17.282,57.862
284.9341,17.796,56.191
284.9519,16.573,60.339
284.9685,16.847,59.356
284.9853,15.977,62.591
285.0013,17.798,56.185
285.0191,18.421,54.287
285.0375,18.086,55.292
285.0556,16.193,61.755
285.0718,17.331,57.698
285.0891,16.53,60.495
285.1056,16.088,62.157
285.1217,16.647,60.071
285.1384,17.069,58.585
285.1554,16.767,59.64
285.1722,18.12,55.189
285.1903,16.495,60.626
285.2068,18.448,54.206
285.2253,16.843,59.371
285.2421,16.469,60.718
285.2586,17.332,57.697
285.2759,16.745,59.72
285.2927,17.069,58.587
285.3097,18.095,55.265
285.3278,16.075,62.208
285.3439,19.485,51.323
285.3634,17.805,56.163
285.3812,17.164,58.262
285.3984,18.619,53.709
285.417,16.844,59.369
285.4338,17.081,58.546
285.4509,18.018,55.5
285.4689,17.742,56.365
285.4867,18.377,54.415
285.505,15.925,62.795
285.521,17.694,56.517
285.5387,16.65,60.061
285.5553,17.016,58.767
285.5723,17.926,55.786
285.5902,17.824,56.105
285.6081,17.208,58.114
285.6253,17.71,56.464
285.643,18.28,54.703
285.6613,16.133,61.983
285.6774,17.196,58.154
285.6946,17.581,56.879
285.7122,17.818,56.122
285.73,17.388,57.511
285.7474,18.258,54.77
285.7656,16.772,59.622
285.7824,17.809,56.152
285.8002,16.012,62.453
285.8162,17.61,56.786
285.8338,19.069,52.441
285.8529,18.492,54.076
285.8714,18.353,54.486
285.8898,17.407,57.449
285.9072,18.816,53.145
285.926,16.807,59.5
285.9428,18.059,55.375
285.9608,18.088,55.287
285.9789,16.421,60.899
285.9954,17.193,58.163
286.0126,16.518,60.538
286.0291,16.823,59.442
286.0459,16.851,59.344
286.0627,18.839,53.08
286.0816,17.77,56.274
286.0994,16.473,60.706
286.1158,17.244,57.991
286.1331,17.798,56.187
286.1509,17.287,57.849
286.1682,17.94,55.742
286.1861,18.106,55.232
286.2042,17.647,56.667
286.2218,18.779,53.252
286.2406,16.497,60.617
286.2571,18.992,52.655
286.2761,18.239,54.828
286.2944,16.989,58.86
286.3113,17.376,57.552
286.3287,17.182,58.199
286.3459,18.091,55.277
286.364,18.326,54.567
286.3823,16.702,59.873
286.399,16.973,58.917
286.416,17.747,56.347
286.4337,18.391,54.374
286.4521,17.575,56.9
286.4697,18.382,54.402
286.4881,17.466,57.253
286.5056,18.429,54.263
286.524,16.477,60.689
286.5405,18.503,54.045
286.559,18.119,55.191
286.5771,16.982,58.887
286.5941,18.262,54.759
286.6123,17.313,57.762
286.6296,18.653,53.61
286.6483,16.935,59.048
286.6652,17.132,58.369
286.6824,18.7,53.475
286.7011,18.329,54.56
286.7194,18.266,54.746
286.7377,17.307,57.781
286.755,19.129,52.278
286.7741,17.713,56.456
286.7918,18.478,54.118
286.8103,18.352,54.489
286.8286,17.175,58.225
286.8458,18.611,53.73
286.8644,18.707,53.456
286.8831,16.866,59.292
286.9,18.112,55.211
286.9181,18.766,53.288
286.9369,18.197,54.953
286.9551,16.661,60.021
286.9717,18.449,54.203
286.9902,17.4,57.471
287.0076,17.717,56.444
287.0253,19.343,51.699
287.0446,18.53,53.967
287.0632,17.409,57.442
287.0806,18.597,53.773
287.0992,16.425,60.883
287.1156,18.943,52.791
287.1345,19.973,50.068
287.1545,17.218,58.078
287.1717,17.529,57.047
287.1893,18.296,54.656
287.2076,18.507,54.033
287.2261,17.879,55.932
287.2439,19.009,52.605
287.263,18.986,52.671
287.2819,17.962,55.674
287.2999,18.088,55.285
287.318,18.572,53.846
287.3366,16.997,58.833
287.3536,19.262,51.915
287.3728,18.477,54.121
287.3913,17.982,55.611
287.4093,17.623,56.744
287.4269,19.111,52.325
287.446,18.829,53.11
287.4648,18.344,54.514
287.4832,17.505,57.126
287.5007,19.712,50.732
287.5204,19.063,52.456
287.5395,17.734,56.389
287.5572,18.374,54.426
287.5756,18.931,52.824
287.5945,17.949,55.714
287.6125,17.601,56.816
287.6301,17.385,57.522
287.6474,17.454,57.295
287.6649,17.866,55.971
287.6828,17.576,56.895
287.7003,18.877,52.975
287.7192,17.919,55.806
287.7371,19.47,51.361
287.7566,16.8,59.525
287.7734,17.684,56.548
287.7911,18.098,55.254
287.8092,18.831,53.103
287.828,19.08,52.411
287.8471,19.833,50.421
287.8669,16.43,60.866
287.8834,17.25,57.972
287.9006,18.613,53.727
287.9192,19.379,51.602
287.9386,18.64,53.648
287.9572,17.737,56.381
287.975,18.256,54.775
287.9932,18.769,53.278
288.012,19.051,52.49
288.031,16.692,59.909
288.0477,18.155,55.081
288.0659,18.078,55.314
288.084,17.362,57.596
288.1013,18.078,55.315
288.1194,17.189,58.177
288.1366,17.975,55.634
288.1546,18.846,53.061
288.1734,19.274,51.883
288.1927,18.2,54.946
288.2109,17.592,56.843
288.2285,18.372,54.431
288.2469,18.396,54.36
288.2653,17.413,57.429
288.2827,18.142,55.119
288.3008,18.763,53.298
288.3196,18.252,54.789
288.3378,19.123,52.292
288.357,34.862,28.685
288.3918,17.931,55.769
288.4097,17.684,56.55
288.4274,19.06,52.467
288.4465,19.094,52.372
288.4656,19.306,51.796
288.4849,18.973,52.706
288.5039,17.194,58.16
288.5211,18.046,55.413
288.5391,18.521,53.991
288.5576,18.917,52.863
288.5765,18.836,53.089
288.5954,18.454,54.188
288.6138,17.643,56.679
288.6315,18.155,55.082
288.6496,17.45,57.307
288.6671,18.362,54.459
288.6854,18.735,53.377
288.7042,18.259,54.767
288.7224,17.865,55.976
288.7403,20.599,48.547
288.7609,19.172,52.16
288.7801,20.528,48.715
288.8006,17.764,56.294
288.8184,17.911,55.83
288.8363,18.232,54.85
288.8545,16.184,61.789
288.8707,18.335,54.541
288.889,19.092,52.377
288.9081,17.895,55.883
288.926,17.365,57.587
288.9434,21.256,47.046
288.9646,18.076,55.322
288.9827,17.276,57.883
289.0,19.303,51.805
289.0193,19.826,50.438
289.0391,18.607,53.743
289.0577,19.63,50.942
289.0774,18.911,52.88
289.0963,20.535,48.697
289.1168,19.31,51.786
289.1361,17.071,58.58
289.1532,18.478,54.118
289.1717,20.715,48.274
289.1924,16.807,59.498
289.2092,18.944,52.787
289.2281,18.745,53.349
289.2469,19.503,51.275
289.2664,18.431,54.255
289.2848,19.14,52.247
289.3039,19.222,52.025
289.3232,18.855,53.037
289.342,18.701,53.474
289.3607,18.67,53.561
289.3794,20.191,49.527
289.3996,18.383,54.398
289.418,19.621,50.966
289.4376,18.544,53.926
289.4561,19.386,51.583
289.4755,31.758,31.488
289.5073,19.095,52.369
289.5264,19.611,50.992
289.546,19.595,51.032
289.5656,17.82,56.117
289.5834,19.31,51.786
289.6027,19.258,51.927
289.622,18.206,54.926
289.6402,18.947,52.778
289.6591,18.742,53.357
289.6779,19.318,51.765
289.6972,17.744,56.356
289.7149,18.556,53.891
289.7335,19.546,51.162
289.753,18.902,52.903
289.7719,20.969,47.69
289.7929,18.282,54.698
289.8112,18.608,53.742
289.8298,19.196,52.093
289.849,18.762,53.299
289.8677,18.734,53.38
289.8865,16.641,60.092
289.9031,18.228,54.86
289.9213,18.599,53.765
289.9399,19.578,51.078
289.9595,18.763,53.297
289.9783,19.908,50.232
289.9982,19.02,52.577
290.0172,19.889,50.28
290.0371,19.315,51.773
290.0564,18.371,54.434
290.0748,18.776,53.26
290.0936,20.602,48.54
290.1142,18.233,54.845
290.1324,19.041,52.517
290.1514,19.926,50.187
290.1714,18.884,52.956
290.1902,18.349,54.5
290.2086,17.813,56.14
290.2264,17.946,55.724
290.2444,20.077,49.808
290.2644,18.529,53.969
290.283,19.257,51.93
290.3022,18.557,53.887
290.3208,18.932,52.822
290.3397,21.051,47.503
290.3608,18.595,53.777
290.3794,19.538,51.182
290.3989,20.098,49.757
290.419,19.176,52.148
290.4382,17.309,57.773
290.4555,19.278,51.873
290.4748,19.153,52.212
290.4939,19.303,51.805
290.5132,19.045,52.506
290.5323,17.836,56.066
290.5501,19.164,52.182
290.5693,18.138,55.132
290.5874,20.292,49.279
290.6077,18.331,54.551
290.626,21.317,46.91
290.6473,19.868,50.332
290.6672,19.782,50.551
290.687,20.207,49.489
290.7072,19.452,51.409
290.7266,18.956,52.755
290.7456,18.627,53.685
290.7642,19.643,50.908
290.7839,20.113,49.719
290.804,18.023,55.483
290.822,19.541,51.174
290.8415,18.957,52.752
290.8605,18.439,54.233
290.8789,19.63,50.943
290.8986,19.247,51.957
290.9178,18.982,52.682
290.9368,17.325,57.719
290.9541,20.407,49.004
290.9745,21.289,46.974
290.9958,20.363,49.109
291.0162,18.324,54.573
291.0345,17.893,55.888
291.0524,18.851,53.049
291.0712,19.756,50.619
291.091,19.986,50.036
291.111,20.604,48.535
291.1316,17.924,55.79
291.1495,17.868,55.965
291.1674,19.56,51.126
291.1869,19.601,51.019
291.2065,18.488,54.088
291.225,17.623,56.744
291.2427,19.986,50.034
291.2626,18.658,53.597
291.2813,18.967,52.724
291.3003,20.341,49.162
291.3206,18.975,52.701
291.3396,17.772,56.267
291.3574,41.5,24.096
291.3989,18.72,53.418
291.4176,19.353,51.672
291.4369,19.926,50.185
291.4569,21.207,47.154
291.4781,38.41,26.035
291.5165,19.129,52.276
291.5356,20.134,49.667
291.5557,21.181,47.212
291.5769,20.229,49.433
291.5971,19.578,51.077
291.6167,20.044,49.89
291.6368,18.632,53.67
291.6554,19.414,51.509
291.6748,18.371,54.434
291.6932,19.395,51.561
291.7126,20.13,49.678
291.7327,18.71,53.448
291.7514,18.506,54.036
291.7699,20.742,48.211
291.7907,20.411,48.992
291.8111,19.732,50.68
291.8308,20.051,49.873
291.8509,19.192,52.104
291.8701,20.197,49.513
291.8903,20.114,49.716
291.9104,18.458,54.177
291.9288,21.141,47.302
291.95,17.953,55.701
291.9679,18.57,53.849
291.9865,19.752,50.627
292.0062,20.2,49.504
292.0264,18.156,55.078
292.0446,20.413,48.989
292.065,19.744,50.65
292.0848,19.459,51.389
292.1042,19.414,51.509
292.1236,19.876,50.312
292.1435,20.052,49.87
292.1636,20.399,49.022
292.184,20.397,49.028
292.2044,19.006,52.615
292.2234,21.699,46.084
292.2451,21.088,47.419
292.2661,19.891,50.274
292.286,20.411,48.994
292.3064,19.375,51.613
292.3258,20.656,48.413
292.3465,19.966,50.086
292.3664,21.215,47.137
292.3877,19.848,50.383
292.4075,20.157,49.61
292.4277,19.919,50.205
292.4476,18.913,52.875
292.4665,19.75,50.633
292.4862,18.934,52.816
292.5052,18.988,52.665
292.5242,18.756,53.316
292.5429,19.481,51.332
292.5624,19.203,52.074
292.5816,19.795,50.518
292.6014,19.94,50.15
292.6213,18.141,55.123
292.6395,21.552,46.399
292.661,17.746,56.35
292.6788,19.978,50.055
292.6988,21.191,47.19
292.7199,19.728,50.689
292.7397,19.815,50.466
292.7595,19.732,50.678
292.7792,20.031,49.922
292.7993,19.321,51.757
292.8186,19.012,52.597
292.8376,16.696,59.895
292.8543,20.949,47.735
292.8752,19.262,51.916
292.8945,20.139,49.656
292.9146,17.965,55.665
292.9326,20.679,48.357
292.9533,19.842,50.397
292.9731,18.368,54.442
292.9915,19.859,50.355
293.0113,18.706,53.458
293.0301,18.988,52.664
293.049,20.875,47.905
293.0699,20.753,48.187
293.0907,19.802,50.499
293.1105,19.138,52.252
293.1296,17.815,56.132
293.1474,17.86,55.99
293.1653,19.88,50.302
293.1852,20.092,49.771
293.2053,18.654,53.607
293.2239,20.421,48.97
293.2443,21.315,46.915
293.2656,18.734,53.378
293.2844,19.256,51.933
293.3036,20.077,49.808
293.3237,19.281,51.865
293.343,19.073,52.431
293.3621,18.926,52.837
293.381,19.71,50.737
293.4007,20.293,49.277
293.421,20.496,48.791
293.4415,19.513,51.247
293.461,17.384,57.523
293.4784,18.927,52.834
293.4973,18.606,53.746
293.5159,18.29,54.673
293.5342,19.547,51.158
293.5538,18.087,55.287
293.5719,18.885,52.951
293.5907,19.04,52.52
293.6098,19.153,52.211
293.6289,18.655,53.604
293.6476,19.167,52.174
293.6668,20.24,49.406
293.687,20.776,48.132
293.7078,18.016,55.505
293.7258,19.686,50.798
293.7455,20.529,48.712
293.766,19.446,51.424
293.7854,19.654,50.879
293.8051,19.445,51.426
293.8245,19.22,52.03
293.8438,19.283,51.86
293.863,19.152,52.215
293.8822,18.127,55.168
293.9003,20.466,48.862
293.9208,18.729,53.392
293.9395,20.256,49.369
293.9598,20.633,48.465
293.9804,18.47,54.141
293.9989,20.358,49.121
294.0192,18.723,53.41
294.038,18.782,53.244
294.0567,19.791,50.528
294.0765,19.246,51.959
294.0958,18.323,54.576
294.1141,19.677,50.82
294.1338,19.805,50.494
294.1536,19.412,51.514
294.173,18.588,53.797
294.1916,22.073,45.304
294.2137,20.404,49.01
294.2341,20.652,48.421
294.2547,17.408,57.444
294.2721,20.542,48.681
294.2927,19.909,50.229
294.3126,18.816,53.146
294.3314,17.877,55.937
294.3493,19.423,51.487
294.3687,17.661,56.622
294.3864,18.377,54.414
294.4047,18.371,54.432
294.4231,18.95,52.77
294.442,18.523,53.987
294.4606,18.591,53.79
294.4792,20.158,49.607
294.4993,19.189,52.114
294.5185,20.785,48.111
294.5393,19.317,51.767
294.5586,18.692,53.498
294.5773,19.633,50.936
294.5969,18.723,53.411
294.6157,19.191,52.109
294.6349,18.35,54.494
294.6532,19.768,50.587
294.673,18.644,53.636
294.6916,19.291,51.839
294.7109,18.849,53.054
294.7298,19.843,50.396
294.7496,18.042,55.426
294.7676,19.697,50.77
294.7873,20.541,48.684
294.8079,19.032,52.543
294.8269,18.472,54.137
294.8454,18.207,54.924
294.8636,19.264,51.909
294.8829,20.652,48.423
294.9035,19.195,52.097
294.9227,19.882,50.297
294.9426,19.219,52.033
294.9618,18.989,52.661
294.9808,20.78,48.123
295.0016,19.851,50.374
295.0214,19.392,51.569
295.0408,19.54,51.176
295.0604,18.991,52.658
295.0793,19.048,52.5
295.0984,19.321,51.756
295.1177,17.699,56.499
295.1354,17.502,57.137
295.1529,18.07,55.34
295.171,18.367,54.447
295.1893,17.455,57.29
295.2068,19.336,51.716
295.2261,18.352,54.489
295.2445,18.484,54.1
295.263,18.849,53.054
295.2818,19.685,50.799
295.3015,19.664,50.855
295.3212,19.102,52.351
295.3403,20.24,49.408
295.3605,19.371,51.623
295.3799,19.5,51.281
295.3994,19.756,50.617
295.4191,19.623,50.96
295.4388,18.021,55.49
295.4568,18.676,53.545
295.4755,17.463,57.265
295.4929,19.916,50.212
295.5128,18.102,55.244
295.5309,19.316,51.771
295.5503,18.54,53.937
295.5688,17.648,56.665
295.5864,19.407,51.527
295.6059,19.117,52.31
295.625,19.203,52.076
295.6442,17.935,55.755
295.6621,19.473,51.353
295.6816,19.603,51.012
295.7012,18.196,54.956
295.7194,18.823,53.127
295.7382,20.048,49.881
295.7583,19.428,51.471
295.7777,19.03,52.549
295.7967,19.233,51.994
295.8159,17.329,57.707
295.8333,20.583,48.583
295.8539,17.36,57.602
295.8712,18.201,54.942
295.8894,18.016,55.506
295.9074,17.142,58.336
295.9246,18.181,55.001
295.9428,17.508,57.118
295.9603,18.747,53.341
295.979,20.957,47.716
296.0,18.766,53.287
296.0187,19.242,51.969
296.038,18.421,54.287
296.0564,17.39,57.503
296.0738,19.165,52.177
296.093,20.101,49.749
296.1131,18.701,53.474
296.1318,18.573,53.842
296.1503,20.212,49.475
296.1705,18.982,52.681
296.1895,17.158,58.281
296.2067,17.736,56.384
296.2244,20.469,48.854
296.2449,18.613,53.727
296.2635,20.388,49.048
296.2839,19.887,50.284
296.3038,17.658,56.631
296.3214,17.558,56.953
296.339,17.86,55.992
296.3568,18.827,53.116
296.3757,18.691,53.502
296.3944,19.702,50.757
296.4141,17.746,56.35
296.4318,18.792,53.213
296.4506,18.42,54.288
296.469,18.008,55.53
296.487,18.186,54.989
296.5052,16.498,60.612
296.5217,19.316,51.771
296.541,18.286,54.688
296.5593,20.324,49.202
296.5796,17.663,56.615
296.5973,17.686,56.541
296.615,18.568,53.857
296.6336,17.343,57.659
296.6509,18.135,55.143
296.669,18.526,53.978
296.6876,18.498,54.06
296.7061,18.844,53.068
296.7249,19.491,51.305
296.7444,18.459,54.175
296.7629,17.928,55.778
296.7808,19.285,51.854
296.8001,18.328,54.562
296.8184,17.814,56.135
296.8362,19.293,51.834
296.8555,17.363,57.593
296.8729,18.058,55.377
296.8909,18.985,52.672
296.9099,18.485,54.097
296.9284,18.68,53.533
296.9471,17.826,56.099
296.9649,17.815,56.131
296.9827,18.622,53.699
297.0013,17.94,55.742
297.0193,18.001,55.554
297.0373,17.684,56.547
297.055,18.459,54.174
297.0734,18.95,52.771
297.0924,18.147,55.106
297.1105,19.146,52.229
297.1297,18.121,55.185
297.1478,18.508,54.032
297.1663,20.44,48.924
297.1867,17.903,55.855
297.2046,18.927,52.835
297.2236,17.98,55.618
297.2415,18.668,53.569
297.2602,17.991,55.582
297.2782,20.076,49.811
297.2983,17.296,57.817
297.3156,18.47,54.143
297.334,17.364,57.591
297.3514,16.258,61.508
297.3677,18.121,55.186
297.3858,18.535,53.952
297.4043,19.375,51.612
297.4237,18.351,54.492
297.4421,20.08,49.8
297.4621,19.051,52.491
297.4812,18.722,53.412
297.4999,16.945,59.015
297.5169,17.909,55.837
297.5348,18.717,53.429
297.5535,17.914,55.824
297.5714,18.153,55.086
297.5895,20.324,49.203
297.6099,18.486,54.096
297.6284,19.074,52.427
297.6474,16.837,59.392
297.6643,18.571,53.846
297.6828,17.829,56.088
297.7007,19.373,51.619
297.72,15.5,64.516
297.7355,17.839,56.057
297.7534,18.364,54.453
297.7717,17.411,57.435
297.7892,17.267,57.915
297.8064,18.128,55.164
297.8245,18.181,55.002
297.8427,18.34,54.524
297.8611,19.856,50.362
297.8809,18.489,54.087
297.8994,15.93,62.773
297.9153,17.997,55.563
297.9333,18.616,53.718
297.952,16.625,60.151
297.9686,18.984,52.675
297.9876,18.602,53.757
298.0062,19.57,51.098
298.0257,17.22,58.073
298.043,18.176,55.017
298.0611,16.389,61.017
298.0775,18.654,53.609
298.0962,18.633,53.669
298.1148,18.255,54.78
298.1331,18.437,54.238
298.1515,17.861,55.987
298.1694,18.142,55.12
298.1875,18.562,53.874
298.2061,17.495,57.159
298.2236,17.907,55.843
298.2415,18.446,54.213
298.2599,19.929,50.179
298.2798,19.263,51.914
298.2991,16.511,60.565
298.3156,16.643,60.087
298.3323,18.542,53.931
298.3508,17.868,55.967
298.3687,18.829,53.11
298.3875,17.74,56.369
298.4052,18.207,54.924
298.4234,17.84,56.053
298.4413,18.749,53.335
298.46,27.531,36.323
298.4876,18.241,54.821
298.5058,19.265,51.908
298.5251,18.742,53.355
298.5438,18.342,54.521
298.5622,16.673,59.977
298.5788,17.81,56.148
298.5966,18.701,53.474
298.6153,18.442,54.225
298.6338,17.967,55.658
298.6517,17.039,58.689
298.6688,17.951,55.708
298.6867,17.858,55.996
298.7046,18.285,54.689
298.7229,18.303,54.637
298.7412,18.265,54.748
298.7595,19.07,52.438
298.7785,16.361,61.123
298.7949,17.975,55.632
298.8129,17.752,56.331
298.8306,17.344,57.658
298.848,16.071,62.224
298.864,17.808,56.156
298.8818,18.213,54.906
298.9,18.27,54.735
298.9183,16.502,60.6
298.9348,17.081,58.543
298.9519,18.837,53.088
298.9707,18.788,53.226
298.9895,18.387,54.387
299.0079,19.421,51.49
299.0273,18.413,54.308
299.0457,18.503,54.045
299.0642,17.777,56.253
299.082,17.638,56.696
299.0997,17.25,57.972
299.1169,18.628,53.682
299.1355,18.378,54.414
299.1539,17.658,56.633
299.1716,18.204,54.934
299.1898,17.566,56.93
299.2073,17.387,57.513
299.2247,17.99,55.585
299.2427,19.183,52.128
299.2619,16.63,60.133
299.2785,18.794,53.209
299.2973,16.65,60.061
299.314,18.757,53.312
299.3327,16.066,62.242
299.3488,16.188,61.776
299.365,17.768,56.281
299.3828,16.519,60.537
299.3993,16.974,58.913
299.4163,17.331,57.7
299.4336,18.316,54.596
299.4519,18.824,53.122
299.4707,21.431,46.662
299.4922,16.86,59.313
299.509,18.03,55.464
299.527,18.477,54.123
299.5455,16.949,59.0
299.5625,17.731,56.398
299.5802,18.046,55.413
299.5982,18.007,55.534
299.6163,17.349,57.641
299.6336,16.547,60.436
299.6501,18.573,53.842
299.6687,17.235,58.02
299.686,19.068,52.444
299.705,17.497,57.154
299.7225,17.951,55.706
299.7405,17.036,58.7
299.7575,17.239,58.007
299.7747,17.117,58.423
299.7919,17.237,58.016
299.8091,17.097,58.488
299.8262,17.644,56.675
299.8438,16.597,60.253
299.8604,17.822,56.111
299.8783,18.602,53.757
299.8969,17.108,58.454
299.914,19.349,51.682
299.9333,18.285,54.689
299.9516,18.441,54.226
299.97,17.748,56.345
299.9878,18.376,54.419
300.0062,17.93,55.771
300.0241,17.843,56.044
300.0419,17.116,58.425
300.0591,18.386,54.389
300.0774,18.392,54.372
300.0958,16.307,61.324
300.1121,15.831,63.167
300.128,17.101,58.477
300.1451,17.522,57.071
300.1626,19.348,51.684
300.1819,17.731,56.4
300.1997,17.458,57.28
300.2171,17.178,58.214
300.2343,18.609,53.736
300.2529,19.012,52.597
300.2719,17.564,56.934
300.2895,16.962,58.956
300.3065,18.388,54.382
300.3248,17.361,57.6
300.3422,16.81,59.49
300.359,19.909,50.228
300.3789,17.717,56.444
300.3966,18.018,55.499
300.4147,16.198,61.736
300.4309,18.327,54.564
300.4492,17.071,58.578
300.4663,17.581,56.878
300.4838,19.114,52.319
300.503,16.303,61.338
300.5193,17.188,58.18
300.5364,17.926,55.783
300.5544,18.668,53.567
300.573,16.534,60.481
300.5896,16.345,61.18
300.6059,16.442,60.821
300.6224,17.983,55.609
300.6403,17.16,58.276
300.6575,17.749,56.342
300.6753,18.681,53.531
300.6939,17.757,56.317
300.7117,17.726,56.414
300.7294,17.03,58.72
300.7464,17.647,56.665
300.7641,17.557,56.956
300.7817,17.891,55.893
300.7995,18.525,53.98
300.8181,17.094,58.501
300.8352,18.484,54.102
300.8536,18.027,55.472
300.8717,17.151,58.307
300.8888,17.603,56.808
300.9064,18.43,54.26
300.9249,18.758,53.31
300.9436,18.275,54.718
300.9619,16.857,59.323
300.9787,16.363,61.115
300.9951,18.401,54.346
301.0135,17.924,55.79
301.0314,15.74,63.534
301.0472,16.762,59.658
301.0639,17.989,55.588
301.0819,15.819,63.214
301.0977,16.46,60.755
301.1142,18.295,54.659
301.1325,18.072,55.334
301.1506,16.125,62.016
301.1667,16.458,60.761
301.1832,17.17,58.241
301.2003,17.848,56.028
301.2182,18.149,55.099
301.2363,17.681,56.559
301.254,17.979,55.621
301.272,15.835,63.151
301.2878,18.279,54.709
301.3061,18.47,54.143
301.3246,18.062,55.364
301.3426,17.963,55.67
301.3606,16.823,59.442
301.3774,16.971,58.925
301.3944,16.952,58.991
301.4113,19.195,52.096
301.4305,18.296,54.658
301.4488,18.923,52.844
301.4678,19.215,52.043
301.487,16.18,61.804
301.5031,17.579,56.887
301.5207,17.781,56.239
301.5385,17.216,58.087
301.5557,17.774,56.261
301.5735,17.903,55.857
301.5914,18.317,54.593
301.6097,16.86,59.312
301.6266,16.474,60.704
301.643,17.983,55.607
301.661,15.788,63.339
301.6768,18.032,55.456
301.6949,17.629,56.723
301.7125,17.071,58.58
301.7296,17.614,56.772
301.7472,15.924,62.798
301.7631,17.066,58.596
301.7802,15.674,63.801
301.7958,16.592,60.271
301.8124,18.21,54.914
301.8306,51.02,19.6
301.8817,18.11,55.219
301.8998,19.106,52.341
301.9189,17.46,57.274
301.9363,17.218,58.08
301.9535,17.781,56.24
301.9713,17.568,56.921
301.9889,16.73,59.774
302.0056,17.336,57.685
302.023,15.778,63.379
302.0387,19.267,51.903
302.058,17.689,56.532
302.0757,18.453,54.192
302.0941,17.002,58.815
302.1111,17.392,57.497
302.1285,17.22,58.071
302.1458,18.909,52.886
302.1647,17.513,57.1
302.1822,18.622,53.699
302.2008,16.341,61.195
302.2171,17.242,57.998
302.2344,19.546,51.161
302.2539,17.741,56.366
302.2717,17.796,56.194
302.2895,15.769,63.414
302.3052,17.747,56.347
302.323,16.779,59.598
302.3398,17.584,56.869
302.3574,18.026,55.475
302.3754,38.783,25.784
302.4142,17.565,56.931
302.4317,16.589,60.281
302.4483,17.391,57.502
302.4657,17.604,56.806
302.4833,19.753,50.626
302.5031,15.229,65.662
302.5183,16.984,58.879
302.5353,17.398,57.477
302.5527,17.972,55.644
302.5706,17.299,57.808
302.5879,15.704,63.676
302.6036,17.358,57.611
302.621,16.874,59.264
302.6379,17.4,57.471
302.6553,17.159,58.277
302.6724,17.639,56.692
302.6901,17.52,57.076
302.7076,17.52,57.078
302.7251,17.763,56.296
302.7429,16.172,61.835
302.7591,20.564,48.63
302.7796,17.262,57.931
302.7969,18.154,55.083
302.815,17.754,56.325
302.8328,16.426,60.881
302.8492,17.952,55.706
302.8672,16.977,58.905
302.8841,18.154,55.085
302.9023,19.435,51.452
302.9217,19.06,52.465
302.9408,17.412,57.431
302.9582,17.207,58.116
302.9754,18.001,55.553
302.9934,17.499,57.146
303.0109,18.092,55.274
303.029,18.306,54.628
303.0473,16.773,59.619
303.0641,16.307,61.325
303.0804,16.565,60.367
303.097,18.562,53.874
303.1155,17.808,56.153
303.1333,16.639,60.098
303.15,16.84,59.382
303.1668,18.408,54.325
303.1852,17.927,55.783
303.2031,18.039,55.434
303.2212,16.992,58.851
303.2382,17.698,56.503
303.2559,16.464,60.739
303.2723,16.627,60.142
303.289,16.236,61.591
303.3052,18.49,54.085
303.3237,15.648,63.907
303.3393,19.592,51.04
303.3589,17.16,58.277
303.3761,17.795,56.195
303.3939,16.283,61.413
303.4102,17.884,55.916
303.428,16.324,61.259
303.4444,18.756,53.315
303.4631,16.35,61.162
303.4795,17.836,56.066
303.4973,17.061,58.613
303.5144,18.24,54.825
303.5326,18.021,55.492
303.5506,17.381,57.533
303.568,15.602,64.095
303.5836,18.142,55.121
303.6018,17.414,57.425
303.6192,18.716,53.43
303.6379,17.647,56.668
303.6555,19.203,52.074
303.6747,17.679,56.564
303.6924,16.524,60.517
303.7089,17.742,56.362
303.7267,17.105,58.463
303.7438,18.644,53.637
303.7624,16.369,61.09
303.7788,16.982,58.888
303.7958,17.793,56.201
303.8136,18.442,54.225
303.832,17.508,57.115
303.8495,16.292,61.381
303.8658,17.942,55.735
303.8838,18.013,55.517
303.9018,17.201,58.135
303.919,17.61,56.787
303.9366,17.715,56.451
303.9543,17.97,55.65
303.9723,17.115,58.428
303.9894,15.632,63.97
304.005,17.82,56.117
304.0228,18.23,54.855
304.0411,18.253,54.785
304.0593,16.056,62.282
304.0754,19.644,50.906
304.095,16.684,59.938
304.1117,18.453,54.192
304.1302,17.715,56.45
304.1479,17.964,55.668
304.1658,19.021,52.574
304.1849,17.736,56.383
304.2026,17.401,57.468
304.22,17.176,58.222
304.2372,17.638,56.694
304.2548,16.672,59.98
304.2715,17.884,55.916
304.2894,17.582,56.878
304.3069,16.908,59.145
304.3239,16.865,59.294
304.3407,18.86,53.021
304.3596,18.591,53.789
304.3782,18.205,54.928
304.3964,18.355,54.48
304.4147,18.127,55.166
304.4329,18.065,55.356
304.4509,18.212,54.908
304.4691,16.6,60.239
304.4857,17.471,57.239
304.5032,18.379,54.411
304.5216,18.996,52.643
304.5406,17.915,55.819
304.5585,16.361,61.122
304.5749,16.078,62.195
304.5909,16.826,59.43
304.6078,17.059,58.619
304.6248,15.875,62.991
304.6407,17.062,58.61
304.6578,17.142,58.335
304.6749,17.613,56.775
304.6925,17.905,55.85
304.7104,17.975,55.632
304.7284,18.614,53.723
304.747,17.084,58.534
304.7641,16.831,59.413
304.7809,16.6,60.242
304.7975,18.146,55.107
304.8157,17.731,56.4
304.8334,18.163,55.057
304.8516,17.753,56.328
304.8693,17.97,55.648
304.8873,18.781,53.246
304.9061,15.995,62.519
304.9221,17.288,57.843
304.9394,17.145,58.327
304.9565,18.487,54.092
304.975,16.639,60.101
304.9916,17.812,56.142
305.0094,17.14,58.343
305.0266,17.092,58.508
305.0437,18.704,53.465
305.0624,16.745,59.719
305.0791,18.601,53.76
305.0977,17.961,55.676
305.1157,16.052,62.299
305.1317,18.872,52.989
305.1506,17.049,58.654
305.1676,18.261,54.763
305.1859,16.622,60.16
305.2025,16.777,59.607
305.2193,17.311,57.768
305.2366,17.785,56.228
305.2544,16.694,59.902
305.2711,18.188,54.981
305.2893,18.237,54.833
305.3075,18.657,53.6
305.3262,16.661,60.02
305.3428,17.134,58.362
305.36,18.07,55.34
305.378,18.379,54.41
305.3964,17.803,56.171
305.4142,17.893,55.887
305.4321,16.937,59.041
305.4491,16.704,59.865
305.4658,18.425,54.274
305.4842,19.107,52.336
305.5033,19.283,51.86
305.5226,18.834,53.095
305.5414,16.892,59.201
305.5583,17.802,56.174
305.5761,18.053,55.393
305.5942,16.866,59.292
305.611,17.285,57.853
305.6283,18.406,54.331
305.6467,17.136,58.358
305.6638,18.066,55.353
305.6819,17.387,57.514
305.6993,16.782,59.587
305.7161,16.45,60.789
305.7325,18.674,53.549
305.7512,17.716,56.446
305.7689,18.349,54.498
305.7873,17.576,56.896
305.8049,18.991,52.657
305.8238,18.284,54.694
305.8421,18.727,53.4
305.8609,18.949,52.774
305.8798,17.193,58.164
305.897,16.542,60.452
305.9135,16.294,61.372
305.9298,17.601,56.815
305.9474,18.173,55.027
305.9656,17.269,57.909
305.9829,19.123,52.293
306.002,17.188,58.18
306.0192,17.593,56.842
306.0368,18.358,54.473
306.0551,17.169,58.245
306.0723,19.174,52.154
306.0915,18.001,55.551
306.1095,18.162,55.061
306.1276,18.272,54.729
306.1459,17.217,58.083
306.1631,17.747,56.348
306.1809,18.347,54.505
306.1992,17.665,56.608
306.2169,17.837,56.063
306.2347,16.642,60.088
306.2514,18.611,53.732
306.27,17.986,55.598
306.288,17.118,58.418
306.3051,19.273,51.886
306.3244,19.295,51.826
306.3436,17.861,55.987
306.3615,18.718,53.426
306.3802,17.277,57.88
306.3975,18.49,54.082
306.416,17.963,55.669
306.434,17.922,55.796
306.4519,17.908,55.842
306.4698,18.783,53.241
306.4886,18.953,52.763
306.5075,18.265,54.75
306.5258,19.631,50.94
306.5454,17.345,57.652
306.5628,19.107,52.338
306.5819,18.357,54.474
306.6002,18.431,54.257
306.6187,15.878,62.98
306.6345,17.483,57.199
306.652,17.295,57.821
306.6693,19.579,51.075
306.6889,18.078,55.315
306.707,16.178,61.812
306.7232,17.815,56.131
306.741,18.536,53.949
306.7595,18.211,54.913
306.7777,18.101,55.247
306.7958,18.003,55.547
306.8138,17.388,57.511
306.8312,18.75,53.333
306.85,18.858,53.028
306.8688,17.147,58.319
306.886,17.686,56.541
306.9036,17.52,57.076
306.9212,17.931,55.77
306.9391,19.18,52.138
306.9583,17.265,57.919
306.9755,17.011,58.784
306.9926,16.318,61.281
307.0089,18.37,54.436
307.0272,18.38,54.406
307.0456,17.789,56.216
307.0634,19.651,50.887
307.0831,18.58,53.822
307.1016,18.213,54.906
307.1199,19.442,51.434
307.1393,17.839,56.056
307.1571,18.352,54.491
307.1755,18.868,53.0
307.1944,18.262,54.757
307.2126,17.95,55.711
307.2306,17.864,55.979
307.2484,19.463,51.38
307.2679,18.297,54.655
307.2862,20.122,49.698
307.3063,19.344,51.694
307.3257,17.381,57.533
307.343,18.113,55.21
307.3612,17.991,55.584
307.3791,17.846,56.036
307.397,17.11,58.445
307.4141,17.867,55.969
307.432,17.176,58.22
307.4491,18.682,53.526
307.4678,18.169,55.037
307.486,18.007,55.534
307.504,19.082,52.407
307.5231,18.827,53.116
307.5419,18.553,53.901
307.5605,18.868,53.001
307.5793,18.781,53.244
307.5981,18.331,54.553
307.6164,18.486,54.096
307.6349,17.772,56.27
307.6527,17.951,55.706
307.6707,18.211,54.913
307.6889,17.724,56.419
307.7066,18.66,53.592
307.7252,16.748,59.71
307.742,19.607,51.002
307.7616,17.036,58.698
307.7786,17.014,58.775
307.7957,18.988,52.664
307.8146,18.063,55.363
307.8327,18.671,53.558
307.8514,18.761,53.302
307.8701,17.998,55.562
307.8881,17.301,57.801
307.9054,17.497,57.153
307.9229,16.86,59.312
307.9398,17.505,57.127
307.9573,18.709,53.451
307.976,17.578,56.891
307.9936,16.463,60.741
308.01,18.559,53.882
308.0286,17.759,56.309
308.0464,18.322,54.579
308.0647,18.78,53.249
308.0835,18.149,55.098
308.1016,17.872,55.952
308.1195,18.376,54.419
308.1379,19.57,51.098
308.1574,18.96,52.742
308.1764,16.768,59.636
308.1932,16.049,62.309
308.2092,17.627,56.733
308.2268,18.332,54.55
308.2452,18.469,54.143
308.2636,17.749,56.342
308.2814,18.354,54.485
308.2997,18.595,53.779
308.3183,18.073,55.331
308.3364,17.35,57.638
308.3538,17.225,58.057
308.371,18.257,54.775
308.3892,19.202,52.078
308.4084,17.238,58.011
308.4257,17.646,56.671
308.4433,18.554,53.898
308.4619,17.183,58.196
308.4791,17.497,57.153
308.4966,16.905,59.153
308.5135,17.706,56.477
308.5312,17.579,56.886
308.5487,16.31,61.313
308.5651,17.503,57.132
308.5826,18.462,54.165
308.601,18.058,55.378
308.6191,18.707,53.455
308.6378,17.775,56.258
308.6556,18.881,52.964
308.6744,19.516,51.241
308.694,17.511,57.107
308.7115,18.554,53.896
308.73,17.479,57.212
308.7475,20.218,49.46
308.7677,16.733,59.763
308.7845,18.576,53.833
308.803,16.359,61.129
308.8194,19.08,52.41
308.8385,16.768,59.636
308.8552,17.343,57.66
308.8726,18.774,53.266
308.8914,19.033,52.541
308.9104,16.815,59.47
308.9272,19.678,50.819
308.9469,18.685,53.518
308.9656,17.07,58.584
308.9826,18.544,53.925
309.0012,18.798,53.197
309.02,18.673,53.554
309.0387,18.314,54.604
309.057,17.864,55.978
309.0748,17.904,55.853
309.0927,19.634,50.931
309.1124,18.24,54.825
309.1306,18.333,54.547
309.1489,20.094,49.766
309.169,17.941,55.739
309.187,19.352,51.674
309.2063,18.033,55.454
309.2244,18.262,54.758
309.2426,18.635,53.661
309.2613,18.257,54.774
309.2795,18.336,54.536
309.2978,17.074,58.567
309.3149,20.48,48.829
309.3354,17.937,55.752
309.3533,18.307,54.624
309.3716,17.073,58.571
309.3887,18.569,53.854
309.4073,17.988,55.591
309.4253,19.74,50.659
309.445,17.57,56.915
309.4626,17.719,56.437
309.4803,15.778,63.378
309.4961,19.392,51.569
309.5155,17.952,55.703
309.5334,17.354,57.623
309.5508,18.562,53.873
309.5693,16.91,59.138
309.5863,18.106,55.23
309.6044,18.419,54.291
309.6228,17.802,56.173
309.6406,16.804,59.51
309.6574,19.8,50.506
309.6772,17.171,58.237
309.6944,16.439,60.83
309.7108,19.226,52.012
309.73,18.321,54.583
309.7483,16.225,61.632
309.7646,18.002,55.549
309.7826,16.902,59.166
309.7995,17.799,56.182
309.8173,15.916,62.83
309.8332,18.456,54.184
309.8516,17.736,56.382
309.8694,18.752,53.327
309.8881,18.102,55.242
309.9062,19.467,51.369
309.9257,17.465,57.258
309.9432,19.061,52.462
309.9622,19.03,52.548
309.9813,17.94,55.743
309.9992,19.974,50.065
310.0192,17.958,55.685
310.0371,18.594,53.781
310.0557,17.494,57.162
310.0732,17.559,56.95
310.0908,18.34,54.525
310.1091,17.328,57.711
310.1264,19.495,51.296
310.1459,17.87,55.961
310.1638,16.301,61.345
310.1801,18.203,54.935
310.1983,17.294,57.822
310.2156,18.872,52.988
310.2345,17.333,57.693
310.2518,19.218,52.035
310.271,17.392,57.497
310.2884,18.507,54.034
310.3069,16.885,59.223
310.3238,17.001,58.82
310.3408,17.382,57.53
310.3582,17.939,55.744
310.3761,18.283,54.697
310.3944,17.187,58.183
310.4116,18.526,53.977
310.4301,18.053,55.393
310.4482,18.924,52.844
310.4671,17.404,57.459
310.4845,17.117,58.422
310.5016,18.27,54.736
310.5199,15.994,62.525
310.5359,17.445,57.323
310.5533,17.471,57.237
310.5708,17.372,57.565
310.5882,17.434,57.359
310.6056,17.154,58.295
310.6228,18.068,55.346
310.6408,17.271,57.9
310.6581,17.819,56.121
310.6759,18.11,55.219
310.694,18.614,53.722
310.7127,17.495,57.159
310.7301,17.757,56.316
310.7479,18.106,55.23
310.766,17.347,57.648
310.7834,17.727,56.411
310.8011,18.049,55.405
310.8191,17.348,57.642
310.8365,19.061,52.462
310.8555,17.782,56.238
310.8733,17.396,57.483
310.8907,19.002,52.626
310.9097,16.133,61.986
310.9259,17.877,55.939
310.9437,18.642,53.642
310.9624,17.401,57.468
310.9798,17.786,56.224
310.9976,16.058,62.274
311.0136,18.02,55.494
311.0316,17.317,57.747
311.049,16.135,61.976
311.0651,17.603,56.809
311.0827,17.175,58.223
311.0999,16.22,61.652
311.1161,16.455,60.773
311.1325,17.683,56.551
311.1502,17.957,55.69
311.1682,17.237,58.013
311.1854,16.639,60.1
311.2021,19.418,51.499
311.2215,17.043,58.675
311.2385,20.356,49.125
311.2589,17.766,56.286
311.2766,18.006,55.538
311.2946,16.569,60.355
311.3112,17.27,57.905
311.3285,17.42,57.407
311.3459,19.694,50.777
311.3656,16.364,61.109
311.382,18.063,55.362
311.4,18.338,54.532
311.4184,17.566,56.927
311.4359,20.684,48.347
311.4566,17.48,57.209
311.4741,17.872,55.954
311.492,16.254,61.525
311.5082,17.562,56.942
311.5258,16.982,58.885
311.5428,16.203,61.715
311.559,16.85,59.348
311.5758,17.776,56.255
311.5936,17.03,58.72
311.6106,16.664,60.009
311.6273,18.441,54.228
311.6457,16.791,59.556
311.6625,18.099,55.251
311.6806,16.716,59.823
311.6973,14.734,67.87
311.7121,18.206,54.928
311.7303,17.459,57.278
311.7477,16.992,58.85
311.7647,16.041,62.34
311.7808,18.063,55.363
311.7988,17.915,55.818
311.8167,16.957,58.971
311.8337,18.828,53.112
311.8525,18.103,55.24
311.8706,18.577,53.83
311.8892,19.095,52.369
311.9083,18.29,54.675
311.9266,16.349,61.167
311.9429,17.003,58.815
311.9599,18.375,54.421
311.9783,18.204,54.933
311.9965,17.235,58.021
312.0138,17.963,55.67
312.0317,18.185,54.989
312.0499,17.715,56.45
312.0676,17.876,55.942
312.0855,18.435,54.245
312.1039,16.154,61.905
312.1201,16.992,58.853
312.1371,16.208,61.698
312.1533,18.348,54.503
312.1716,18.586,53.804
312.1902,16.54,60.46
312.2068,16.624,60.154
312.2234,16.653,60.051
312.24,17.507,57.119
312.2575,15.297,65.373
312.2728,18.865,53.009
312.2917,16.903,59.163
312.3086,18.767,53.286
312.3274,17.97,55.648
312.3453,17.971,55.646
312.3633,17.889,55.901
312.3812,17.573,56.905
312.3988,17.04,58.685
312.4158,18.617,53.714
312.4344,17.014,58.774
312.4515,18.439,54.232
312.4699,18.159,55.068
312.4881,16.728,59.781
312.5048,18.305,54.63
312.5231,17.694,56.516
312.5408,17.731,56.4
312.5585,18.408,54.323
312.5769,16.744,59.722
312.5937,18.132,55.15
312.6118,16.91,59.136
312.6287,17.431,57.368
312.6461,17.365,57.587
312.6635,17.295,57.821
312.6808,16.481,60.674
312.6973,17.481,57.205
312.7148,16.585,60.294
312.7313,16.107,62.083
312.7474,18.168,55.041
312.7656,17.358,57.612
312.783,16.617,60.178
312.7996,17.842,56.049
312.8174,38.882,25.719
312.8563,17.772,56.267
312.8741,15.864,63.037
312.89,16.558,60.395
312.9065,18.442,54.223
312.925,17.894,55.885
312.9428,16.117,62.045
312.959,17.272,57.899
312.9762,17.849,56.026
312.9941,17.373,57.562
313.0115,17.688,56.537
313.0291,15.846,63.108
313.045,17.372,57.563
313.0624,16.565,60.368
313.0789,15.93,62.776
313.0949,15.762,63.443
313.1106,16.346,61.176
313.127,17.34,57.671
313.1443,16.393,61.0
313.1607,17.311,57.768
313.178,16.212,61.683
313.1942,17.153,58.298
313.2114,15.673,63.804
313.227,16.479,60.684
313.2435,16.564,60.37
313.2601,16.866,59.292
313.277,18.363,54.457
313.2953,17.748,56.345
313.3131,16.596,60.257
313.3297,16.647,60.072
313.3463,15.454,64.708
313.3618,16.917,59.112
313.3787,17.164,58.261
313.3958,16.4,60.975
313.4122,17.47,57.243
313.4297,17.462,57.268
313.4472,16.492,60.636
313.4637,17.822,56.112
313.4815,17.823,56.109
313.4993,16.531,60.494
313.5158,17.688,56.535
313.5335,16.544,60.446
313.5501,17.155,58.291
313.5672,16.393,61.002
313.5836,16.988,58.865
313.6006,18.066,55.352
313.6187,16.495,60.623
313.6352,17.162,58.268
313.6523,15.543,64.339
313.6679,18.143,55.117
313.686,16.496,60.619
313.7025,16.679,59.955
313.7192,16.992,58.851
313.7362,18.068,55.345
313.7543,16.939,59.035
313.7712,16.407,60.95
313.7876,16.788,59.565
313.8044,14.833,67.418
313.8192,16.17,61.842
313.8354,18.018,55.501
313.8534,15.858,63.06
313.8693,16.832,59.41
313.8861,17.007,58.8
313.9031,16.37,61.087
313.9195,16.632,60.125
313.9361,19.733,50.677
313.9558,17.598,56.824
313.9734,16.065,62.247
313.9895,16.704,59.866
314.0062,17.743,56.361
314.024,17.071,58.58
314.041,16.216,61.666
314.0572,16.127,62.009
314.0734,15.876,62.988
314.0892,17.692,56.522
314.1069,17.2,58.141
314.1241,17.225,58.054
314.1414,16.34,61.2
314.1577,13.627,73.384
314.1713,16.89,59.207
314.1882,16.381,61.045
314.2046,15.158,65.971
314.2198,16.113,62.062
314.2359,15.016,66.596
314.2509,16.446,60.804
314.2673,15.943,62.723
314.2833,16.317,61.286
314.2996,16.429,60.867
314.316,17.103,58.471
314.3331,16.52,60.534
314.3496,15.943,62.723
314.3656,15.522,64.426
314.3811,14.127,70.788
314.3952,16.613,60.195
314.4118,16.466,60.731
314.4283,17.066,58.596
314.4454,17.748,56.343
314.4631,16.516,60.546
314.4796,15.861,63.049
314.4955,16.122,62.028
314.5116,16.426,60.881
314.5281,15.698,63.701
314.5438,16.756,59.678
314.5605,15.089,66.274
314.5756,16.435,60.844
314.592,17.914,55.821
314.6099,15.511,64.471
314.6255,16.272,61.457
314.6417,17.018,58.761
314.6587,16.237,61.588
314.675,17.625,56.737
314.6926,17.758,56.314
314.7104,15.61,64.06
314.726,16.862,59.305
314.7428,15.459,64.687
314.7583,16.778,59.603
314.7751,17.397,57.482
314.7925,17.66,56.624
314.8101,15.617,64.031
314.8257,17.972,55.643
314.8437,16.562,60.378
314.8603,17.047,58.662
314.8773,16.485,60.661
314.8938,14.777,67.672
314.9086,15.328,65.239
314.9239,14.739,67.848
314.9387,15.366,65.079
314.954,15.009,66.625
314.969,14.991,66.706
314.984,15.154,65.989
314.9992,15.627,63.992
315.0148,16.692,59.911
315.0315,16.046,62.323
315.0475,16.262,61.495
315.0638,14.781,67.653
315.0786,15.181,65.873
315.0938,16.654,60.046
315.1104,16.135,61.976
315.1266,16.064,62.25
315.1426,16.962,58.954
315.1596,16.573,60.339
315.1762,15.497,64.527
315.1917,16.346,61.178
315.208,16.151,61.915
315.2242,13.849,72.205
315.238,14.741,67.838
315.2527,15.884,62.958
315.2686,15.997,62.51
315.2846,16.08,62.191
315.3007,15.573,64.213
315.3163,15.235,65.638
315.3315,14.84,67.383
315.3464,14.996,66.683
315.3613,15.771,63.407
315.3771,15.588,64.154
315.3927,14.716,67.953
315.4074,15.389,64.982
315.4228,16.599,60.244
315.4394,16.02,62.421
315.4554,16.737,59.748
315.4722,15.753,63.481
315.4879,16.033,62.369
315.504,15.754,63.477
315.5197,16.734,59.757
315.5364,16.439,60.83
315.5529,14.648,68.267
315.5675,14.665,68.19
315.5822,17.106,58.458
315.5993,15.771,63.407
315.6151,15.769,63.416
315.6308,15.577,64.198
315.6464,17.123,58.402
315.6635,15.111,66.176
315.6787,16.987,58.868
315.6956,17.304,57.789
315.7129,13.831,72.304
315.7268,15.22,65.705
315.742,15.935,62.756
315.7579,15.865,63.032
315.7738,16.296,61.366
315.7901,16.59,60.279
315.8067,15.934,62.757
315.8226,14.464,69.138
315.8371,15.959,62.662
315.853,15.157,65.976
315.8682,16.06,62.268
315.8843,15.389,64.982
315.8996,16.33,61.236
315.916,15.524,64.417
315.9315,15.573,64.215
315.9471,15.465,64.663
315.9625,16.302,61.343
315.9788,15.34,65.189
315.9942,13.991,71.474
316.0082,15.74,63.532
316.0239,16.699,59.883
316.0406,16.119,62.038
316.0567,16.087,62.161
316.0728,14.955,66.868
316.0878,16.232,61.607
316.104,15.437,64.779
316.1194,17.394,57.49
316.1368,16.385,61.031
316.1532,15.604,64.085
316.1688,14.736,67.862
316.1836,15.231,65.656
316.1988,15.858,63.059
316.2146,15.65,63.898
316.2303,14.45,69.206
316.2447,14.925,67.0
316.2597,16.25,61.54
316.2759,14.795,67.591
316.2907,15.453,64.714
316.3062,15.325,65.253
316.3215,13.541,73.849
316.335,16.335,61.217
316.3514,14.663,68.199
316.366,16.677,59.962
316.3827,16.433,60.854
316.3991,15.229,65.662
316.4144,14.809,67.525
316.4292,17.124,58.399
316.4463,15.468,64.649
316.4618,15.504,64.498
316.4773,15.444,64.751
316.4927,16.157,61.892
316.5089,15.795,63.312
316.5247,16.735,59.756
316.5414,15.648,63.906
316.5571,15.516,64.45
316.5726,14.822,67.465
316.5874,14.982,66.748
316.6024,15.188,65.841
316.6176,16.468,60.725
316.634,16.643,60.087
316.6507,16.219,61.657
316.6669,15.255,65.551
316.6821,15.763,63.441
316.6979,15.421,64.846
316.7133,14.839,67.39
316.7282,32.846,30.445
316.761,14.027,71.289
316.775,15.733,63.56
316.7908,16.425,60.881
316.8072,14.935,66.956
316.8221,16.436,60.843
316.8386,16.189,61.769
316.8548,14.177,70.539
316.8689,15.721,63.609
316.8847,14.594,68.519
316.8993,17.592,56.843
316.9168,16.384,61.034
316.9332,14.658,68.22
316.9479,16.159,61.886
316.964,15.323,65.26
316.9794,15.547,64.322
316.9949,15.349,65.152
317.0103,13.712,72.93
317.024,15.383,65.007
317.0394,15.593,64.133
317.055,16.418,60.91
317.0714,15.935,62.756
317.0873,17.463,57.264
317.1048,14.307,69.894
317.1191,14.745,67.821
317.1338,15.744,63.515
317.1496,14.981,66.751
317.1645,15.305,65.339
317.1799,15.675,63.796
317.1955,15.486,64.574
317.211,14.603,68.479
317.2256,15.023,66.565
317.2406,14.955,66.869
317.2556,14.756,67.768
317.2703,16.113,62.061
317.2865,15.911,62.849
317.3024,13.376,74.76
317.3157,14.963,66.83
317.3307,16.053,62.292
317.3468,16.022,62.412
317.3628,14.58,68.586
317.3774,17.226,58.051
317.3946,15.312,65.31
317.4099,15.199,65.796
317.4251,15.014,66.603
317.4401,15.74,63.533
317.4559,14.14,70.723
317.47,14.163,70.609
317.4842,13.599,73.536
317.4978,15.084,66.297
317.5128,16.492,60.636
317.5293,15.657,63.87
317.545,14.999,66.673
317.56,15.472,64.635
317.5755,15.705,63.673
317.5912,15.585,64.166
317.6068,15.722,63.605
317.6225,16.2,61.729
317.6387,14.253,70.158
317.6529,17.34,57.67
317.6703,15.555,64.287
317.6858,15.822,63.202
317.7016,15.31,65.317
317.717,14.949,66.894
317.7319,15.984,62.561
317.7479,14.347,69.699
317.7622,15.248,65.584
317.7775,15.62,64.02
317.7931,16.592,60.268
317.8097,13.926,71.808
317.8236,14.623,68.388
317.8382,13.956,71.656
317.8522,15.709,63.658
317.8679,14.579,68.592
317.8825,14.297,69.945
317.8968,14.525,68.847
317.9113,14.349,69.69
317.9257,15.382,65.011
317.941,15.708,63.662
317.9568,14.565,68.658
317.9713,15.655,63.876
317.987,15.433,64.797
318.0024,16.638,60.104
318.019,14.819,67.481
318.0339,14.79,67.612
318.0487,15.379,65.024
318.064,14.618,68.409
318.0786,14.9,67.115
318.0935,16.369,61.09
318.1099,45.77,21.848
318.1557,15.272,65.478
318.171,14.331,69.781
318.1853,16.089,62.156
318.2014,15.737,63.545
318.2171,15.715,63.635
318.2328,15.923,62.804
318.2488,14.828,67.441
318.2636,15.899,62.896
318.2795,13.804,72.442
318.2933,15.214,65.728
318.3085,15.604,64.086
318.3241,15.517,64.445
318.3396,15.174,65.901
318.3548,15.803,63.279
318.3706,15.762,63.445
318.3864,14.04,71.227
318.4004,15.041,66.484
318.4154,14.043,71.212
318.4295,15.63,63.978
318.4451,14.519,68.873
318.4596,15.032,66.523
318.4747,14.751,67.794
318.4894,14.531,68.817
318.5039,15.483,64.588
318.5194,13.848,72.213
318.5333,15.313,65.303
318.5486,15.855,63.072
318.5644,16.479,60.683
318.5809,14.139,70.727
318.5951,15.893,62.921
318.611,16.331,61.234
318.6273,14.986,66.727
318.6423,15.866,63.027
318.6581,14.028,71.284
318.6722,15.301,65.355
318.6875,16.788,59.566
318.7043,16.314,61.299
318.7206,14.191,70.467
318.7348,16.664,60.009
318.7514,14.149,70.678
318.7656,14.69,68.071
318.7803,14.723,67.922
318.795,16.953,58.988
318.8119,15.946,62.713
318.8279,13.842,72.242
318.8417,14.125,70.796
318.8559,15.404,64.92
318.8713,15.044,66.474
318.8863,15.896,62.909
318.9022,14.782,67.651
318.917,15.168,65.927
318.9321,15.717,63.625
318.9479,15.903,62.88
318.9638,17.092,58.508
318.9809,14.038,71.234
318.9949,16.285,61.408
319.0112,14.647,68.274
319.0258,15.818,63.221
319.0416,15.686,63.751
319.0573,13.057,76.586
319.0704,14.858,67.306
319.0852,16.046,62.32
319.1013,14.506,68.939
319.1158,14.336,69.753
319.1301,14.191,70.469
319.1443,14.068,71.083
319.1584,50.141,19.944
319.2085,16.722,59.802
319.2253,14.668,68.175
319.2399,16.666,60.003
319.2566,15.293,65.388
319.2719,15.083,66.299
319.287,14.38,69.54
319.3013,15.4,64.937
319.3167,15.553,64.296
319.3323,14.783,67.643
319.3471,15.492,64.549
319.3626,14.864,67.276
319.3774,15.072,66.35
319.3925,14.028,71.287
319.4065,14.199,70.429
319.4207,14.359,69.645
319.4351,14.942,66.924
319.45,14.776,67.678
319.4648,18.256,54.778
319.4831,14.826,67.447
319.4979,16.441,60.824
319.5143,15.812,63.244
319.5301,14.565,68.656
319.5447,14.959,66.852
319.5597,13.857,72.166
319.5735,15.249,65.577
319.5888,13.034,76.722
319.6018,15.471,64.639
319.6173,14.637,68.319
319.6319,17.095,58.497
319.649,54.986,18.186
319.704,15.092,66.259
319.7191,16.755,59.684
319.7358,15.675,63.795
319.7515,16.17,61.844
319.7677,15.042,66.482
319.7827,14.384,69.521
319.7971,13.8,72.463
319.8109,14.622,68.39
319.8255,14.542,68.765
319.8401,15.844,63.117
319.8559,15.363,65.09
319.8713,15.939,62.741
319.8872,14.372,69.579
319.9016,15.819,63.214
319.9174,14.631,68.35
319.932,13.564,73.724
319.9456,15.803,63.281
319.9614,14.471,69.104
319.9759,14.471,69.103
319.9904,14.536,68.794
